pp_player,pp_team,pp_pos,stat,line,odds_type,status,start_time
Chris Sale,ATL,P,Pitcher Strikeouts,8.0,standard,pre_game,2026-08-08T15:05:00.000-04:00
Gerrit Cole,NYY,P,Pitches Thrown,103.5,demon,pre_game,2026-08-08T15:05:00.000-04:00
Chris Sale,ATL,P,Pitches Thrown,99.5,demon,pre_game,2026-08-08T15:05:00.000-04:00
Gerrit Cole,NYY,P,Pitches Thrown,97.5,standard,pre_game,2026-08-08T15:05:00.000-04:00
Chris Sale,ATL,P,Pitches Thrown,93.5,standard,pre_game,2026-08-08T15:05:00.000-04:00
Gerrit Cole,NYY,P,Pitches Thrown,92.5,goblin,pre_game,2026-08-08T15:05:00.000-04:00
Chris Sale,ATL,P,Pitches Thrown,88.5,goblin,pre_game,2026-08-08T15:05:00.000-04:00
Chris Sale,ATL,P,Pitcher Fantasy Score,49.5,demon,pre_game,2026-08-08T15:05:00.000-04:00
Chris Sale,ATL,P,Pitcher Fantasy Score,42.5,standard,pre_game,2026-08-08T15:05:00.000-04:00
Gerrit Cole,NYY,P,Pitcher Fantasy Score,39.5,demon,pre_game,2026-08-08T15:05:00.000-04:00
Chris Sale,ATL,P,Pitcher Fantasy Score,33.5,goblin,pre_game,2026-08-08T15:05:00.000-04:00
Gerrit Cole,NYY,P,Pitcher Fantasy Score,32.5,standard,pre_game,2026-08-08T15:05:00.000-04:00
Gerrit Cole,NYY,P,Batters Faced,24.5,standard,pre_game,2026-08-08T15:05:00.000-04:00
Gerrit Cole,NYY,P,Pitcher Fantasy Score,23.5,goblin,pre_game,2026-08-08T15:05:00.000-04:00
Chris Sale,ATL,P,Batters Faced,23.5,standard,pre_game,2026-08-08T15:05:00.000-04:00
Matt Olson,ATL,IF,Pitches Seen,17.5,standard,pre_game,2026-08-08T15:05:00.000-04:00
Paul Goldschmidt,NYY,IF,Pitches Seen,17.5,standard,pre_game,2026-08-08T15:05:00.000-04:00
Drake Baldwin,ATL,C,Pitches Seen,17.5,standard,pre_game,2026-08-08T15:05:00.000-04:00
Ronald Acuña Jr.,ATL,OF,Pitches Seen,16.5,standard,pre_game,2026-08-08T15:05:00.000-04:00
Ben Rice,NYY,IF,Pitches Seen,15.5,standard,pre_game,2026-08-08T15:05:00.000-04:00
Heliot Ramos,NYY,OF,Pitches Seen,15.5,standard,pre_game,2026-08-08T15:05:00.000-04:00
Michael Harris II,ATL,OF,Pitches Seen,13.5,standard,pre_game,2026-08-08T15:05:00.000-04:00
Michael Harris II,ATL,OF,Hitter Fantasy Score,11.5,demon,pre_game,2026-08-08T15:05:00.000-04:00
Amed Rosario,NYY,IF,Pitches Seen,11.5,standard,pre_game,2026-08-08T15:05:00.000-04:00
Ronald Acuña Jr.,ATL,OF,Hitter Fantasy Score,10.5,demon,pre_game,2026-08-08T15:05:00.000-04:00
Matt Olson,ATL,IF,Hitter Fantasy Score,10.5,demon,pre_game,2026-08-08T15:05:00.000-04:00
Drake Baldwin,ATL,C,Hitter Fantasy Score,10.5,demon,pre_game,2026-08-08T15:05:00.000-04:00
Ozzie Albies,ATL,IF,Hitter Fantasy Score,8.5,demon,pre_game,2026-08-08T15:05:00.000-04:00
Ben Rice,NYY,IF,Hitter Fantasy Score,8.5,demon,pre_game,2026-08-08T15:05:00.000-04:00
Mike Yastrzemski,ATL,OF,Hitter Fantasy Score,8.5,demon,pre_game,2026-08-08T15:05:00.000-04:00
Austin Riley,ATL,IF,Hitter Fantasy Score,8.5,demon,pre_game,2026-08-08T15:05:00.000-04:00
Heliot Ramos,NYY,OF,Hitter Fantasy Score,7.5,demon,pre_game,2026-08-08T15:05:00.000-04:00
Trent Grisham,NYY,OF,Hitter Fantasy Score,7.5,demon,pre_game,2026-08-08T15:05:00.000-04:00
Paul Goldschmidt,NYY,IF,Hitter Fantasy Score,7.5,demon,pre_game,2026-08-08T15:05:00.000-04:00
José Caballero,NYY,IF,Hitter Fantasy Score,6.5,demon,pre_game,2026-08-08T15:05:00.000-04:00
Jim Jarvis,ATL,IF,Hitter Fantasy Score,6.5,demon,pre_game,2026-08-08T15:05:00.000-04:00
Ronald Acuña Jr.,ATL,OF,Hitter Fantasy Score,5.5,standard,pre_game,2026-08-08T15:05:00.000-04:00
Michael Harris II,ATL,OF,Hitter Fantasy Score,5.5,standard,pre_game,2026-08-08T15:05:00.000-04:00
Drake Baldwin,ATL,C,Hitter Fantasy Score,5.5,standard,pre_game,2026-08-08T15:05:00.000-04:00
Amed Rosario,NYY,IF,Hitter Fantasy Score,5.5,demon,pre_game,2026-08-08T15:05:00.000-04:00
Spencer Jones,NYY,OF,Hitter Fantasy Score,5.5,demon,pre_game,2026-08-08T15:05:00.000-04:00
Matt Olson,ATL,IF,Hitter Fantasy Score,5.0,standard,pre_game,2026-08-08T15:05:00.000-04:00
Ozzie Albies,ATL,IF,Hitter Fantasy Score,5.0,standard,pre_game,2026-08-08T15:05:00.000-04:00
Ben Rice,NYY,IF,Hitter Fantasy Score,5.0,standard,pre_game,2026-08-08T15:05:00.000-04:00
Heliot Ramos,NYY,OF,Hitter Fantasy Score,4.5,standard,pre_game,2026-08-08T15:05:00.000-04:00
Paul Goldschmidt,NYY,IF,Hitter Fantasy Score,4.5,standard,pre_game,2026-08-08T15:05:00.000-04:00
Michael Harris II,ATL,OF,Plate Appearances,4.5,demon,pre_game,2026-08-08T15:05:00.000-04:00
Ben Rice,NYY,IF,Plate Appearances,4.5,demon,pre_game,2026-08-08T15:05:00.000-04:00
Matt Olson,ATL,IF,Plate Appearances,4.5,demon,pre_game,2026-08-08T15:05:00.000-04:00
Paul Goldschmidt,NYY,IF,Plate Appearances,4.5,demon,pre_game,2026-08-08T15:05:00.000-04:00
Heliot Ramos,NYY,OF,Plate Appearances,4.5,demon,pre_game,2026-08-08T15:05:00.000-04:00
Drake Baldwin,ATL,C,Plate Appearances,4.5,goblin,pre_game,2026-08-08T15:05:00.000-04:00
Ronald Acuña Jr.,ATL,OF,Plate Appearances,4.5,demon,pre_game,2026-08-08T15:05:00.000-04:00
Drake Baldwin,ATL,C,Hitter Fantasy Score,3.5,goblin,pre_game,2026-08-08T15:05:00.000-04:00
Trent Grisham,NYY,OF,Hitter Fantasy Score,3.5,standard,pre_game,2026-08-08T15:05:00.000-04:00
Mike Yastrzemski,ATL,OF,Hitter Fantasy Score,3.5,standard,pre_game,2026-08-08T15:05:00.000-04:00
Amed Rosario,NYY,IF,Hitter Fantasy Score,3.5,standard,pre_game,2026-08-08T15:05:00.000-04:00
Austin Riley,ATL,IF,Hitter Fantasy Score,3.5,standard,pre_game,2026-08-08T15:05:00.000-04:00
Amed Rosario,NYY,IF,Plate Appearances,3.5,demon,pre_game,2026-08-08T15:05:00.000-04:00
José Caballero,NYY,IF,Hitter Fantasy Score,3.0,standard,pre_game,2026-08-08T15:05:00.000-04:00
Jim Jarvis,ATL,IF,Hitter Fantasy Score,3.0,standard,pre_game,2026-08-08T15:05:00.000-04:00
Ronald Acuña Jr.,ATL,OF,Hitter Fantasy Score,2.5,goblin,pre_game,2026-08-08T15:05:00.000-04:00
Michael Harris II,ATL,OF,Hitter Fantasy Score,2.5,goblin,pre_game,2026-08-08T15:05:00.000-04:00
Matt Olson,ATL,IF,Hitter Fantasy Score,2.5,goblin,pre_game,2026-08-08T15:05:00.000-04:00
Ozzie Albies,ATL,IF,Hitter Fantasy Score,2.5,goblin,pre_game,2026-08-08T15:05:00.000-04:00
Ben Rice,NYY,IF,Hitter Fantasy Score,2.5,goblin,pre_game,2026-08-08T15:05:00.000-04:00
Paul Goldschmidt,NYY,IF,Hitter Fantasy Score,2.5,goblin,pre_game,2026-08-08T15:05:00.000-04:00
Spencer Jones,NYY,OF,Hitter Fantasy Score,2.5,standard,pre_game,2026-08-08T15:05:00.000-04:00
Heliot Ramos,NYY,OF,Hitter Fantasy Score,1.5,goblin,pre_game,2026-08-08T15:05:00.000-04:00
Trent Grisham,NYY,OF,Hitter Fantasy Score,1.5,goblin,pre_game,2026-08-08T15:05:00.000-04:00
Mike Yastrzemski,ATL,OF,Hitter Fantasy Score,1.5,goblin,pre_game,2026-08-08T15:05:00.000-04:00
Amed Rosario,NYY,IF,Hitter Fantasy Score,1.5,goblin,pre_game,2026-08-08T15:05:00.000-04:00
Spencer Jones,NYY,OF,Hitter Fantasy Score,1.5,goblin,pre_game,2026-08-08T15:05:00.000-04:00
José Caballero,NYY,IF,Hitter Fantasy Score,1.5,goblin,pre_game,2026-08-08T15:05:00.000-04:00
Jim Jarvis,ATL,IF,Hitter Fantasy Score,1.5,goblin,pre_game,2026-08-08T15:05:00.000-04:00
Austin Riley,ATL,IF,Hitter Fantasy Score,1.5,goblin,pre_game,2026-08-08T15:05:00.000-04:00
Chris Sale,ATL,P,Pitching Outs,20.5,demon,pre_game,2026-08-08T15:05:00.000-04:00
Gerrit Cole,NYY,P,Pitching Outs,20.5,demon,pre_game,2026-08-08T15:05:00.000-04:00
Chris Sale,ATL,P,Pitching Outs,18.5,demon,pre_game,2026-08-08T15:05:00.000-04:00
Chris Sale,ATL,P,Pitching Outs,17.5,goblin,pre_game,2026-08-08T15:05:00.000-04:00
Gerrit Cole,NYY,P,Pitching Outs,17.5,goblin,pre_game,2026-08-08T15:05:00.000-04:00
Gerrit Cole,NYY,P,Pitching Outs,14.5,goblin,pre_game,2026-08-08T15:05:00.000-04:00
Chris Sale + Gerrit Cole,ATL/NYY,P,Pitcher Strikeouts (Combo),14.5,demon,pre_game,2026-08-08T15:05:00.000-04:00
Chris Sale,ATL,P,Pitcher Strikeouts,12.5,demon,pre_game,2026-08-08T15:05:00.000-04:00
Chris Sale,ATL,P,Pitcher Strikeouts,10.5,demon,pre_game,2026-08-08T15:05:00.000-04:00
Chris Sale,ATL,P,Pitcher Strikeouts,9.5,demon,pre_game,2026-08-08T15:05:00.000-04:00
Gerrit Cole,NYY,P,Pitcher Strikeouts,9.5,demon,pre_game,2026-08-08T15:05:00.000-04:00
Chris Sale,ATL,P,Pitcher Strikeouts,8.5,demon,pre_game,2026-08-08T15:05:00.000-04:00
Gerrit Cole,NYY,P,Pitcher Strikeouts,8.5,demon,pre_game,2026-08-08T15:05:00.000-04:00
Chris Sale,ATL,P,Hits Allowed,8.5,demon,pre_game,2026-08-08T15:05:00.000-04:00
Gerrit Cole,NYY,P,Hits Allowed,8.5,demon,pre_game,2026-08-08T15:05:00.000-04:00
Gerrit Cole,NYY,P,Pitcher Strikeouts,7.5,demon,pre_game,2026-08-08T15:05:00.000-04:00
Chris Sale,ATL,P,Pitcher Strikeouts,7.5,goblin,pre_game,2026-08-08T15:05:00.000-04:00
Ronald Acuña Jr.,ATL,OF,Total Bases,6.5,demon,pre_game,2026-08-08T15:05:00.000-04:00
Matt Olson,ATL,IF,Total Bases,6.5,demon,pre_game,2026-08-08T15:05:00.000-04:00
Drake Baldwin,ATL,C,Hits+Runs+RBIs,6.5,demon,pre_game,2026-08-08T15:05:00.000-04:00
Gerrit Cole,NYY,P,Hits Allowed,6.5,demon,pre_game,2026-08-08T15:05:00.000-04:00
Chris Sale,ATL,P,Pitcher Strikeouts,6.5,goblin,pre_game,2026-08-08T15:05:00.000-04:00
Gerrit Cole,NYY,P,Pitcher Strikeouts,6.5,demon,pre_game,2026-08-08T15:05:00.000-04:00
Michael Harris II,ATL,OF,Hits+Runs+RBIs,6.5,demon,pre_game,2026-08-08T15:05:00.000-04:00
Matt Olson,ATL,IF,Hits+Runs+RBIs,6.5,demon,pre_game,2026-08-08T15:05:00.000-04:00
Ronald Acuña Jr.,ATL,OF,Hits+Runs+RBIs,6.5,demon,pre_game,2026-08-08T15:05:00.000-04:00
Gerrit Cole,NYY,P,Earned Runs Allowed,6.5,demon,pre_game,2026-08-08T15:05:00.000-04:00
Paul Goldschmidt,NYY,IF,Total Bases,5.5,demon,pre_game,2026-08-08T15:05:00.000-04:00
Austin Riley,ATL,IF,Hits+Runs+RBIs,5.5,demon,pre_game,2026-08-08T15:05:00.000-04:00
Ben Rice,NYY,IF,Total Bases,5.5,demon,pre_game,2026-08-08T15:05:00.000-04:00
Drake Baldwin,ATL,C,Total Bases,5.5,demon,pre_game,2026-08-08T15:05:00.000-04:00
Trent Grisham,NYY,OF,Hits+Runs+RBIs,5.5,demon,pre_game,2026-08-08T15:05:00.000-04:00
Austin Riley,ATL,IF,Total Bases,5.5,demon,pre_game,2026-08-08T15:05:00.000-04:00
Ozzie Albies,ATL,IF,Hits+Runs+RBIs,5.5,demon,pre_game,2026-08-08T15:05:00.000-04:00
Mike Yastrzemski,ATL,OF,Hits+Runs+RBIs,5.5,demon,pre_game,2026-08-08T15:05:00.000-04:00
Chris Sale,ATL,P,Pitcher Strikeouts,5.5,goblin,pre_game,2026-08-08T15:05:00.000-04:00
Ozzie Albies,ATL,IF,Total Bases,5.5,demon,pre_game,2026-08-08T15:05:00.000-04:00
Michael Harris II,ATL,OF,Total Bases,5.5,demon,pre_game,2026-08-08T15:05:00.000-04:00
Heliot Ramos,NYY,OF,Total Bases,5.5,demon,pre_game,2026-08-08T15:05:00.000-04:00
Chris Sale,ATL,P,Hits Allowed,5.5,demon,pre_game,2026-08-08T15:05:00.000-04:00
Chris Sale,ATL,P,Earned Runs Allowed,5.5,demon,pre_game,2026-08-08T15:05:00.000-04:00
Mauricio Dubón,ATL,OF,Hits+Runs+RBIs,5.5,demon,pre_game,2026-08-08T15:05:00.000-04:00
Ben Rice,NYY,IF,Hits+Runs+RBIs,5.5,demon,pre_game,2026-08-08T15:05:00.000-04:00
Heliot Ramos,NYY,OF,Hits+Runs+RBIs,5.5,demon,pre_game,2026-08-08T15:05:00.000-04:00
Gerrit Cole,NYY,P,Hits Allowed,5.5,demon,pre_game,2026-08-08T15:05:00.000-04:00
Gerrit Cole,NYY,P,Pitcher Strikeouts,5.5,goblin,pre_game,2026-08-08T15:05:00.000-04:00
Paul Goldschmidt,NYY,IF,Hits+Runs+RBIs,5.5,demon,pre_game,2026-08-08T15:05:00.000-04:00
Gerrit Cole,NYY,P,Hits Allowed,4.5,goblin,pre_game,2026-08-08T15:05:00.000-04:00
Ronald Acuña Jr.,ATL,OF,Hits+Runs+RBIs,4.5,demon,pre_game,2026-08-08T15:05:00.000-04:00
Mauricio Dubón,ATL,OF,Total Bases,4.5,demon,pre_game,2026-08-08T15:05:00.000-04:00
Amed Rosario,NYY,IF,Hits+Runs+RBIs,4.5,demon,pre_game,2026-08-08T15:05:00.000-04:00
Drake Baldwin,ATL,C,Hits+Runs+RBIs,4.5,demon,pre_game,2026-08-08T15:05:00.000-04:00
George Lombard Jr.,NYY,IF,Hits+Runs+RBIs,4.5,demon,pre_game,2026-08-08T15:05:00.000-04:00
Matt Olson,ATL,IF,Hits+Runs+RBIs,4.5,demon,pre_game,2026-08-08T15:05:00.000-04:00
Jim Jarvis,ATL,IF,Hits+Runs+RBIs,4.5,demon,pre_game,2026-08-08T15:05:00.000-04:00
Trent Grisham,NYY,OF,Total Bases,4.5,demon,pre_game,2026-08-08T15:05:00.000-04:00
Spencer Jones,NYY,OF,Hits+Runs+RBIs,4.5,demon,pre_game,2026-08-08T15:05:00.000-04:00
Michael Harris II,ATL,OF,Hits+Runs+RBIs,4.5,demon,pre_game,2026-08-08T15:05:00.000-04:00
José Caballero,NYY,IF,Hits+Runs+RBIs,4.5,demon,pre_game,2026-08-08T15:05:00.000-04:00
Amed Rosario,NYY,IF,Total Bases,4.5,demon,pre_game,2026-08-08T15:05:00.000-04:00
Gerrit Cole,NYY,P,Pitcher Strikeouts,4.5,goblin,pre_game,2026-08-08T15:05:00.000-04:00
George Lombard Jr.,NYY,IF,Total Bases,4.5,demon,pre_game,2026-08-08T15:05:00.000-04:00
Spencer Jones,NYY,OF,Total Bases,4.5,demon,pre_game,2026-08-08T15:05:00.000-04:00
Mike Yastrzemski,ATL,OF,Total Bases,4.5,demon,pre_game,2026-08-08T15:05:00.000-04:00
Chris Sale,ATL,P,Hits Allowed,4.5,demon,pre_game,2026-08-08T15:05:00.000-04:00
Gerrit Cole,NYY,P,Earned Runs Allowed,4.5,demon,pre_game,2026-08-08T15:05:00.000-04:00
Austin Wells,NYY,C,Total Bases,4.5,demon,pre_game,2026-08-08T15:05:00.000-04:00
Austin Wells,NYY,C,Hits+Runs+RBIs,4.5,demon,pre_game,2026-08-08T15:05:00.000-04:00
Chris Sale,ATL,P,Hits Allowed,4.0,standard,pre_game,2026-08-08T15:05:00.000-04:00
Mike Yastrzemski,ATL,OF,Total Bases,3.5,demon,pre_game,2026-08-08T15:05:00.000-04:00
Trent Grisham,NYY,OF,Total Bases,3.5,demon,pre_game,2026-08-08T15:05:00.000-04:00
Ronald Acuña Jr.,ATL,OF,Total Bases,3.5,demon,pre_game,2026-08-08T15:05:00.000-04:00
Gerrit Cole,NYY,P,Hits Allowed,3.5,goblin,pre_game,2026-08-08T15:05:00.000-04:00
Chris Sale,ATL,P,Earned Runs Allowed,3.5,demon,pre_game,2026-08-08T15:05:00.000-04:00
Trent Grisham,NYY,OF,Hits+Runs+RBIs,3.5,demon,pre_game,2026-08-08T15:05:00.000-04:00
Jim Jarvis,ATL,IF,Total Bases,3.5,demon,pre_game,2026-08-08T15:05:00.000-04:00
Ozzie Albies,ATL,IF,Total Bases,3.5,demon,pre_game,2026-08-08T15:05:00.000-04:00
Michael Harris II,ATL,OF,Total Bases,3.5,demon,pre_game,2026-08-08T15:05:00.000-04:00
Austin Riley,ATL,IF,Total Bases,3.5,demon,pre_game,2026-08-08T15:05:00.000-04:00
Spencer Jones,NYY,OF,Hits+Runs+RBIs,3.5,demon,pre_game,2026-08-08T15:05:00.000-04:00
Austin Riley,ATL,IF,Hits+Runs+RBIs,3.5,demon,pre_game,2026-08-08T15:05:00.000-04:00
Ozzie Albies,ATL,IF,Hits+Runs+RBIs,3.5,demon,pre_game,2026-08-08T15:05:00.000-04:00
Drake Baldwin,ATL,C,Total Bases,3.5,demon,pre_game,2026-08-08T15:05:00.000-04:00
Drake Baldwin,ATL,C,Hits+Runs+RBIs,3.5,demon,pre_game,2026-08-08T15:05:00.000-04:00
Amed Rosario,NYY,IF,Hits+Runs+RBIs,3.5,demon,pre_game,2026-08-08T15:05:00.000-04:00
George Lombard Jr.,NYY,IF,Total Bases,3.5,demon,pre_game,2026-08-08T15:05:00.000-04:00
Gerrit Cole,NYY,P,Earned Runs Allowed,3.5,demon,pre_game,2026-08-08T15:05:00.000-04:00
Matt Olson,ATL,IF,Total Bases,3.5,demon,pre_game,2026-08-08T15:05:00.000-04:00
Mike Yastrzemski,ATL,OF,Hits+Runs+RBIs,3.5,demon,pre_game,2026-08-08T15:05:00.000-04:00
Paul Goldschmidt,NYY,IF,Hits+Runs+RBIs,3.5,demon,pre_game,2026-08-08T15:05:00.000-04:00
Amed Rosario,NYY,IF,Total Bases,3.5,demon,pre_game,2026-08-08T15:05:00.000-04:00
Mauricio Dubón,ATL,OF,Total Bases,3.5,demon,pre_game,2026-08-08T15:05:00.000-04:00
Gerrit Cole,NYY,P,Pitcher Strikeouts,3.5,goblin,pre_game,2026-08-08T15:05:00.000-04:00
George Lombard Jr.,NYY,IF,Hits+Runs+RBIs,3.5,demon,pre_game,2026-08-08T15:05:00.000-04:00
Paul Goldschmidt,NYY,IF,Total Bases,3.5,demon,pre_game,2026-08-08T15:05:00.000-04:00
Ben Rice,NYY,IF,Hits+Runs+RBIs,3.5,demon,pre_game,2026-08-08T15:05:00.000-04:00
Michael Harris II,ATL,OF,Hits+Runs+RBIs,3.5,demon,pre_game,2026-08-08T15:05:00.000-04:00
Matt Olson,ATL,IF,Hits+Runs+RBIs,3.5,demon,pre_game,2026-08-08T15:05:00.000-04:00
Ben Rice,NYY,IF,Total Bases,3.5,demon,pre_game,2026-08-08T15:05:00.000-04:00
Mauricio Dubón,ATL,OF,Hits+Runs+RBIs,3.5,demon,pre_game,2026-08-08T15:05:00.000-04:00
Chris Sale,ATL,P,Hits Allowed,3.5,goblin,pre_game,2026-08-08T15:05:00.000-04:00
Ronald Acuña Jr.,ATL,OF,Hits+Runs+RBIs,3.5,demon,pre_game,2026-08-08T15:05:00.000-04:00
Jim Jarvis,ATL,IF,Hits+Runs+RBIs,3.5,demon,pre_game,2026-08-08T15:05:00.000-04:00
José Caballero,NYY,IF,Total Bases,3.5,demon,pre_game,2026-08-08T15:05:00.000-04:00
Heliot Ramos,NYY,OF,Hits+Runs+RBIs,3.5,demon,pre_game,2026-08-08T15:05:00.000-04:00
José Caballero,NYY,IF,Hits+Runs+RBIs,3.5,demon,pre_game,2026-08-08T15:05:00.000-04:00
Heliot Ramos,NYY,OF,Total Bases,3.5,demon,pre_game,2026-08-08T15:05:00.000-04:00
Chris Sale,ATL,P,Walks Allowed,3.5,demon,pre_game,2026-08-08T15:05:00.000-04:00
Austin Wells,NYY,C,Hits+Runs+RBIs,3.5,demon,pre_game,2026-08-08T15:05:00.000-04:00
Drake Baldwin,ATL,C,RBIs,2.5,demon,pre_game,2026-08-08T15:05:00.000-04:00
Michael Harris II,ATL,OF,RBIs,2.5,demon,pre_game,2026-08-08T15:05:00.000-04:00
Amed Rosario,NYY,IF,Hitter Strikeouts,2.5,demon,pre_game,2026-08-08T15:05:00.000-04:00
Matt Olson,ATL,IF,RBIs,2.5,demon,pre_game,2026-08-08T15:05:00.000-04:00
Mauricio Dubón,ATL,OF,Hits,2.5,demon,pre_game,2026-08-08T15:05:00.000-04:00
Austin Riley,ATL,IF,Hitter Strikeouts,2.5,demon,pre_game,2026-08-08T15:05:00.000-04:00
Spencer Jones,NYY,OF,Hitter Strikeouts,2.5,demon,pre_game,2026-08-08T15:05:00.000-04:00
Gerrit Cole,NYY,P,Walks Allowed,2.5,demon,pre_game,2026-08-08T15:05:00.000-04:00
Michael Harris II,ATL,OF,Hits,2.5,demon,pre_game,2026-08-08T15:05:00.000-04:00
Paul Goldschmidt,NYY,IF,Hitter Strikeouts,2.5,demon,pre_game,2026-08-08T15:05:00.000-04:00
George Lombard Jr.,NYY,IF,Hitter Strikeouts,2.5,demon,pre_game,2026-08-08T15:05:00.000-04:00
Trent Grisham,NYY,OF,Hitter Strikeouts,2.5,demon,pre_game,2026-08-08T15:05:00.000-04:00
Michael Harris II,ATL,OF,Hitter Strikeouts,2.5,demon,pre_game,2026-08-08T15:05:00.000-04:00
Ronald Acuña Jr.,ATL,OF,Hits,2.5,demon,pre_game,2026-08-08T15:05:00.000-04:00
Ronald Acuña Jr.,ATL,OF,Hitter Strikeouts,2.5,demon,pre_game,2026-08-08T15:05:00.000-04:00
Paul Goldschmidt,NYY,IF,Hits,2.5,demon,pre_game,2026-08-08T15:05:00.000-04:00
Gerrit Cole,NYY,P,Earned Runs Allowed,2.5,standard,pre_game,2026-08-08T15:05:00.000-04:00
Ronald Acuña Jr.,ATL,OF,RBIs,2.5,demon,pre_game,2026-08-08T15:05:00.000-04:00
Drake Baldwin,ATL,C,Hits,2.5,demon,pre_game,2026-08-08T15:05:00.000-04:00
Ben Rice,NYY,IF,Hitter Strikeouts,2.5,demon,pre_game,2026-08-08T15:05:00.000-04:00
Drake Baldwin,ATL,C,Hitter Strikeouts,2.5,demon,pre_game,2026-08-08T15:05:00.000-04:00
Matt Olson,ATL,IF,Hitter Strikeouts,2.5,demon,pre_game,2026-08-08T15:05:00.000-04:00
Matt Olson,ATL,IF,Hits,2.5,demon,pre_game,2026-08-08T15:05:00.000-04:00
Spencer Jones,NYY,OF,Total Bases,2.5,demon,pre_game,2026-08-08T15:05:00.000-04:00
Michael Harris II,ATL,OF,Total Bases,2.5,demon,pre_game,2026-08-08T15:05:00.000-04:00
Jim Jarvis,ATL,IF,Total Bases,2.5,demon,pre_game,2026-08-08T15:05:00.000-04:00
Matt Olson,ATL,IF,Hits+Runs+RBIs,2.5,demon,pre_game,2026-08-08T15:05:00.000-04:00
Trent Grisham,NYY,OF,Total Bases,2.5,demon,pre_game,2026-08-08T15:05:00.000-04:00
Ozzie Albies,ATL,IF,Hits+Runs+RBIs,2.5,demon,pre_game,2026-08-08T15:05:00.000-04:00
Ben Rice,NYY,IF,Total Bases,2.5,demon,pre_game,2026-08-08T15:05:00.000-04:00
Jim Jarvis,ATL,IF,Hits+Runs+RBIs,2.5,demon,pre_game,2026-08-08T15:05:00.000-04:00
Trent Grisham,NYY,OF,Hits+Runs+RBIs,2.5,demon,pre_game,2026-08-08T15:05:00.000-04:00
Ronald Acuña Jr.,ATL,OF,Hits+Runs+RBIs,2.5,demon,pre_game,2026-08-08T15:05:00.000-04:00
Mike Yastrzemski,ATL,OF,Total Bases,2.5,demon,pre_game,2026-08-08T15:05:00.000-04:00
José Caballero,NYY,IF,Hits+Runs+RBIs,2.5,demon,pre_game,2026-08-08T15:05:00.000-04:00
George Lombard Jr.,NYY,IF,Hits+Runs+RBIs,2.5,demon,pre_game,2026-08-08T15:05:00.000-04:00
Matt Olson,ATL,IF,Total Bases,2.5,demon,pre_game,2026-08-08T15:05:00.000-04:00
Austin Riley,ATL,IF,Hits+Runs+RBIs,2.5,demon,pre_game,2026-08-08T15:05:00.000-04:00
Mauricio Dubón,ATL,OF,Total Bases,2.5,demon,pre_game,2026-08-08T15:05:00.000-04:00
José Caballero,NYY,IF,Total Bases,2.5,demon,pre_game,2026-08-08T15:05:00.000-04:00
Amed Rosario,NYY,IF,Hits+Runs+RBIs,2.5,demon,pre_game,2026-08-08T15:05:00.000-04:00
Ronald Acuña Jr.,ATL,OF,Total Bases,2.5,demon,pre_game,2026-08-08T15:05:00.000-04:00
Austin Riley,ATL,IF,Total Bases,2.5,demon,pre_game,2026-08-08T15:05:00.000-04:00
Heliot Ramos,NYY,OF,Hits+Runs+RBIs,2.5,demon,pre_game,2026-08-08T15:05:00.000-04:00
Mike Yastrzemski,ATL,OF,Hits+Runs+RBIs,2.5,demon,pre_game,2026-08-08T15:05:00.000-04:00
Paul Goldschmidt,NYY,IF,Total Bases,2.5,demon,pre_game,2026-08-08T15:05:00.000-04:00
George Lombard Jr.,NYY,IF,Total Bases,2.5,demon,pre_game,2026-08-08T15:05:00.000-04:00
Spencer Jones,NYY,OF,Hits+Runs+RBIs,2.5,demon,pre_game,2026-08-08T15:05:00.000-04:00
Michael Harris II,ATL,OF,Hits+Runs+RBIs,2.5,demon,pre_game,2026-08-08T15:05:00.000-04:00
Paul Goldschmidt,NYY,IF,Hits+Runs+RBIs,2.5,demon,pre_game,2026-08-08T15:05:00.000-04:00
Drake Baldwin,ATL,C,Total Bases,2.5,demon,pre_game,2026-08-08T15:05:00.000-04:00
Drake Baldwin,ATL,C,Hits+Runs+RBIs,2.5,demon,pre_game,2026-08-08T15:05:00.000-04:00
Ozzie Albies,ATL,IF,Total Bases,2.5,demon,pre_game,2026-08-08T15:05:00.000-04:00
Ben Rice,NYY,IF,Hits+Runs+RBIs,2.5,demon,pre_game,2026-08-08T15:05:00.000-04:00
Amed Rosario,NYY,IF,Total Bases,2.5,demon,pre_game,2026-08-08T15:05:00.000-04:00
Mauricio Dubón,ATL,OF,Hits+Runs+RBIs,2.5,demon,pre_game,2026-08-08T15:05:00.000-04:00
Heliot Ramos,NYY,OF,Total Bases,2.5,demon,pre_game,2026-08-08T15:05:00.000-04:00
Ozzie Albies,ATL,IF,Hits,2.5,demon,pre_game,2026-08-08T15:05:00.000-04:00
Heliot Ramos,NYY,OF,Hits,2.5,demon,pre_game,2026-08-08T15:05:00.000-04:00
Chris Sale,ATL,P,Hits Allowed,2.5,goblin,pre_game,2026-08-08T15:05:00.000-04:00
Heliot Ramos,NYY,OF,Hitter Strikeouts,2.5,demon,pre_game,2026-08-08T15:05:00.000-04:00
José Caballero,NYY,IF,Hitter Strikeouts,2.5,demon,pre_game,2026-08-08T15:05:00.000-04:00
Austin Riley,ATL,IF,RBIs,2.5,demon,pre_game,2026-08-08T15:05:00.000-04:00
Ozzie Albies,ATL,IF,RBIs,2.5,demon,pre_game,2026-08-08T15:05:00.000-04:00
Ben Rice,NYY,IF,RBIs,2.5,demon,pre_game,2026-08-08T15:05:00.000-04:00
Austin Riley,ATL,IF,Hits,2.5,demon,pre_game,2026-08-08T15:05:00.000-04:00
Chris Sale,ATL,P,Earned Runs Allowed,2.5,demon,pre_game,2026-08-08T15:05:00.000-04:00
Gerrit Cole,NYY,P,Hits Allowed,2.5,goblin,pre_game,2026-08-08T15:05:00.000-04:00
Austin Wells,NYY,C,Hitter Strikeouts,2.5,demon,pre_game,2026-08-08T15:05:00.000-04:00
Austin Wells,NYY,C,Total Bases,2.5,demon,pre_game,2026-08-08T15:05:00.000-04:00
Austin Wells,NYY,C,Hits+Runs+RBIs,2.5,demon,pre_game,2026-08-08T15:05:00.000-04:00
Paul Goldschmidt,NYY,IF,Total Bases,1.5,demon,pre_game,2026-08-08T15:05:00.000-04:00
Michael Harris II,ATL,OF,Runs,1.5,demon,pre_game,2026-08-08T15:05:00.000-04:00
Jim Jarvis,ATL,IF,Runs,1.5,demon,pre_game,2026-08-08T15:05:00.000-04:00
Mike Yastrzemski,ATL,OF,RBIs,1.5,demon,pre_game,2026-08-08T15:05:00.000-04:00
Amed Rosario,NYY,IF,RBIs,1.5,demon,pre_game,2026-08-08T15:05:00.000-04:00
Trent Grisham,NYY,OF,RBIs,1.5,demon,pre_game,2026-08-08T15:05:00.000-04:00
Matt Olson,ATL,IF,Total Bases,1.5,demon,pre_game,2026-08-08T15:05:00.000-04:00
Mauricio Dubón,ATL,OF,Singles,1.5,demon,pre_game,2026-08-08T15:05:00.000-04:00
George Lombard Jr.,NYY,IF,Runs,1.5,demon,pre_game,2026-08-08T15:05:00.000-04:00
Ozzie Albies,ATL,IF,Hitter Strikeouts,1.5,demon,pre_game,2026-08-08T15:05:00.000-04:00
Amed Rosario,NYY,IF,Hitter Strikeouts,1.5,demon,pre_game,2026-08-08T15:05:00.000-04:00
Spencer Jones,NYY,OF,RBIs,1.5,demon,pre_game,2026-08-08T15:05:00.000-04:00
Ronald Acuña Jr.,ATL,OF,Total Bases,1.5,demon,pre_game,2026-08-08T15:05:00.000-04:00
George Lombard Jr.,NYY,IF,RBIs,1.5,demon,pre_game,2026-08-08T15:05:00.000-04:00
Jim Jarvis,ATL,IF,RBIs,1.5,demon,pre_game,2026-08-08T15:05:00.000-04:00
Drake Baldwin,ATL,C,Runs,1.5,demon,pre_game,2026-08-08T15:05:00.000-04:00
Matt Olson,ATL,IF,Runs,1.5,demon,pre_game,2026-08-08T15:05:00.000-04:00
Michael Harris II,ATL,OF,Total Bases,1.5,demon,pre_game,2026-08-08T15:05:00.000-04:00
Ronald Acuña Jr.,ATL,OF,Runs,1.5,demon,pre_game,2026-08-08T15:05:00.000-04:00
Drake Baldwin,ATL,C,Total Bases,1.5,demon,pre_game,2026-08-08T15:05:00.000-04:00
Ozzie Albies,ATL,IF,Hits+Runs+RBIs,1.5,demon,pre_game,2026-08-08T15:05:00.000-04:00
Michael Harris II,ATL,OF,Hits,1.5,demon,pre_game,2026-08-08T15:05:00.000-04:00
Amed Rosario,NYY,IF,Hits+Runs+RBIs,1.5,demon,pre_game,2026-08-08T15:05:00.000-04:00
Ben Rice,NYY,IF,Runs,1.5,demon,pre_game,2026-08-08T15:05:00.000-04:00
Austin Riley,ATL,IF,Hits+Runs+RBIs,1.5,demon,pre_game,2026-08-08T15:05:00.000-04:00
Paul Goldschmidt,NYY,IF,RBIs,1.5,demon,pre_game,2026-08-08T15:05:00.000-04:00
Mauricio Dubón,ATL,OF,Hitter Strikeouts,1.5,demon,pre_game,2026-08-08T15:05:00.000-04:00
Paul Goldschmidt,NYY,IF,Runs,1.5,demon,pre_game,2026-08-08T15:05:00.000-04:00
Mauricio Dubón,ATL,OF,Hits,1.5,demon,pre_game,2026-08-08T15:05:00.000-04:00
Austin Riley,ATL,IF,Runs,1.5,demon,pre_game,2026-08-08T15:05:00.000-04:00
Chris Sale,ATL,P,Walks Allowed,1.5,demon,pre_game,2026-08-08T15:05:00.000-04:00
Michael Harris II,ATL,OF,Hitter Strikeouts,1.5,demon,pre_game,2026-08-08T15:05:00.000-04:00
Mauricio Dubón,ATL,OF,Runs,1.5,demon,pre_game,2026-08-08T15:05:00.000-04:00
Ronald Acuña Jr.,ATL,OF,Hits,1.5,demon,pre_game,2026-08-08T15:05:00.000-04:00
Paul Goldschmidt,NYY,IF,Hits,1.5,demon,pre_game,2026-08-08T15:05:00.000-04:00
Ronald Acuña Jr.,ATL,OF,Hitter Strikeouts,1.5,demon,pre_game,2026-08-08T15:05:00.000-04:00
Drake Baldwin,ATL,C,Hits,1.5,demon,pre_game,2026-08-08T15:05:00.000-04:00
Mauricio Dubón,ATL,OF,RBIs,1.5,demon,pre_game,2026-08-08T15:05:00.000-04:00
Mike Yastrzemski,ATL,OF,Runs,1.5,demon,pre_game,2026-08-08T15:05:00.000-04:00
Ozzie Albies,ATL,IF,Runs,1.5,demon,pre_game,2026-08-08T15:05:00.000-04:00
Trent Grisham,NYY,OF,Runs,1.5,demon,pre_game,2026-08-08T15:05:00.000-04:00
George Lombard Jr.,NYY,IF,Hits,1.5,demon,pre_game,2026-08-08T15:05:00.000-04:00
Austin Riley,ATL,IF,Hits,1.5,demon,pre_game,2026-08-08T15:05:00.000-04:00
Spencer Jones,NYY,OF,Hits,1.5,demon,pre_game,2026-08-08T15:05:00.000-04:00
Jim Jarvis,ATL,IF,Hits,1.5,demon,pre_game,2026-08-08T15:05:00.000-04:00
Mike Yastrzemski,ATL,OF,Hitter Strikeouts,1.5,demon,pre_game,2026-08-08T15:05:00.000-04:00
Ozzie Albies,ATL,IF,Hits,1.5,demon,pre_game,2026-08-08T15:05:00.000-04:00
Ben Rice,NYY,IF,Hits,1.5,demon,pre_game,2026-08-08T15:05:00.000-04:00
Ben Rice,NYY,IF,Hits+Runs+RBIs,1.5,demon,pre_game,2026-08-08T15:05:00.000-04:00
Jim Jarvis,ATL,IF,Hitter Strikeouts,1.5,demon,pre_game,2026-08-08T15:05:00.000-04:00
Michael Harris II,ATL,OF,Hits+Runs+RBIs,1.5,standard,pre_game,2026-08-08T15:05:00.000-04:00
Trent Grisham,NYY,OF,Hits,1.5,demon,pre_game,2026-08-08T15:05:00.000-04:00
Amed Rosario,NYY,IF,Hits,1.5,demon,pre_game,2026-08-08T15:05:00.000-04:00
Drake Baldwin,ATL,C,Hitter Strikeouts,1.5,demon,pre_game,2026-08-08T15:05:00.000-04:00
Drake Baldwin,ATL,C,Hits+Runs+RBIs,1.5,standard,pre_game,2026-08-08T15:05:00.000-04:00
Matt Olson,ATL,IF,Hits+Runs+RBIs,1.5,standard,pre_game,2026-08-08T15:05:00.000-04:00
Mauricio Dubón,ATL,OF,Hits+Runs+RBIs,1.5,demon,pre_game,2026-08-08T15:05:00.000-04:00
Ronald Acuña Jr.,ATL,OF,Hits+Runs+RBIs,1.5,standard,pre_game,2026-08-08T15:05:00.000-04:00
Mike Yastrzemski,ATL,OF,Hits,1.5,demon,pre_game,2026-08-08T15:05:00.000-04:00
Matt Olson,ATL,IF,Hits,1.5,demon,pre_game,2026-08-08T15:05:00.000-04:00
Trent Grisham,NYY,OF,Hitter Strikeouts,1.5,demon,pre_game,2026-08-08T15:05:00.000-04:00
Trent Grisham,NYY,OF,Hits+Runs+RBIs,1.5,demon,pre_game,2026-08-08T15:05:00.000-04:00
Heliot Ramos,NYY,OF,Hits+Runs+RBIs,1.5,demon,pre_game,2026-08-08T15:05:00.000-04:00
Trent Grisham,NYY,OF,Total Bases,1.5,demon,pre_game,2026-08-08T15:05:00.000-04:00
Spencer Jones,NYY,OF,Hits+Runs+RBIs,1.5,demon,pre_game,2026-08-08T15:05:00.000-04:00
Mike Yastrzemski,ATL,OF,Total Bases,1.5,demon,pre_game,2026-08-08T15:05:00.000-04:00
José Caballero,NYY,IF,Hits+Runs+RBIs,1.5,demon,pre_game,2026-08-08T15:05:00.000-04:00
Jim Jarvis,ATL,IF,Total Bases,1.5,demon,pre_game,2026-08-08T15:05:00.000-04:00
George Lombard Jr.,NYY,IF,Hits+Runs+RBIs,1.5,demon,pre_game,2026-08-08T15:05:00.000-04:00
José Caballero,NYY,IF,Total Bases,1.5,demon,pre_game,2026-08-08T15:05:00.000-04:00
Mauricio Dubón,ATL,OF,Total Bases,1.5,demon,pre_game,2026-08-08T15:05:00.000-04:00
Spencer Jones,NYY,OF,Total Bases,1.5,demon,pre_game,2026-08-08T15:05:00.000-04:00
Jim Jarvis,ATL,IF,Hits+Runs+RBIs,1.5,demon,pre_game,2026-08-08T15:05:00.000-04:00
Austin Riley,ATL,IF,Total Bases,1.5,demon,pre_game,2026-08-08T15:05:00.000-04:00
José Caballero,NYY,IF,Hits,1.5,demon,pre_game,2026-08-08T15:05:00.000-04:00
Mike Yastrzemski,ATL,OF,Hits+Runs+RBIs,1.5,demon,pre_game,2026-08-08T15:05:00.000-04:00
George Lombard Jr.,NYY,IF,Total Bases,1.5,demon,pre_game,2026-08-08T15:05:00.000-04:00
Heliot Ramos,NYY,OF,Runs,1.5,demon,pre_game,2026-08-08T15:05:00.000-04:00
Ozzie Albies,ATL,IF,Total Bases,1.5,demon,pre_game,2026-08-08T15:05:00.000-04:00
Heliot Ramos,NYY,OF,Hits,1.5,demon,pre_game,2026-08-08T15:05:00.000-04:00
Ben Rice,NYY,IF,Total Bases,1.5,demon,pre_game,2026-08-08T15:05:00.000-04:00
José Caballero,NYY,IF,RBIs,1.5,demon,pre_game,2026-08-08T15:05:00.000-04:00
Amed Rosario,NYY,IF,Total Bases,1.5,demon,pre_game,2026-08-08T15:05:00.000-04:00
Heliot Ramos,NYY,OF,RBIs,1.5,demon,pre_game,2026-08-08T15:05:00.000-04:00
Heliot Ramos,NYY,OF,Total Bases,1.5,demon,pre_game,2026-08-08T15:05:00.000-04:00
Chris Sale,ATL,P,Earned Runs Allowed,1.5,standard,pre_game,2026-08-08T15:05:00.000-04:00
Gerrit Cole,NYY,P,Earned Runs Allowed,1.5,goblin,pre_game,2026-08-08T15:05:00.000-04:00
Gerrit Cole,NYY,P,Walks Allowed,1.5,demon,pre_game,2026-08-08T15:05:00.000-04:00
Austin Riley,ATL,IF,Hitter Strikeouts,1.5,demon,pre_game,2026-08-08T15:05:00.000-04:00
Matt Olson,ATL,IF,Hitter Strikeouts,1.5,demon,pre_game,2026-08-08T15:05:00.000-04:00
Ben Rice,NYY,IF,Hitter Strikeouts,1.5,demon,pre_game,2026-08-08T15:05:00.000-04:00
Paul Goldschmidt,NYY,IF,Hitter Strikeouts,1.5,demon,pre_game,2026-08-08T15:05:00.000-04:00
Heliot Ramos,NYY,OF,Hitter Strikeouts,1.5,demon,pre_game,2026-08-08T15:05:00.000-04:00
George Lombard Jr.,NYY,IF,Hitter Strikeouts,1.5,demon,pre_game,2026-08-08T15:05:00.000-04:00
Spencer Jones,NYY,OF,Hitter Strikeouts,1.5,demon,pre_game,2026-08-08T15:05:00.000-04:00
Paul Goldschmidt,NYY,IF,Hits+Runs+RBIs,1.5,demon,pre_game,2026-08-08T15:05:00.000-04:00
Austin Wells,NYY,C,Hits,1.5,demon,pre_game,2026-08-08T15:05:00.000-04:00
Austin Wells,NYY,C,RBIs,1.5,demon,pre_game,2026-08-08T15:05:00.000-04:00
José Caballero,NYY,IF,Hitter Strikeouts,1.5,demon,pre_game,2026-08-08T15:05:00.000-04:00
Austin Wells,NYY,C,Hits+Runs+RBIs,1.5,demon,pre_game,2026-08-08T15:05:00.000-04:00
Austin Wells,NYY,C,Total Bases,1.5,demon,pre_game,2026-08-08T15:05:00.000-04:00
Austin Wells,NYY,C,Hitter Strikeouts,1.5,demon,pre_game,2026-08-08T15:05:00.000-04:00
Paul Goldschmidt,NYY,IF,Home Runs,0.5,demon,pre_game,2026-08-08T15:05:00.000-04:00
Paul Goldschmidt,NYY,IF,Hits,0.5,goblin,pre_game,2026-08-08T15:05:00.000-04:00
Trent Grisham,NYY,OF,RBIs,0.5,demon,pre_game,2026-08-08T15:05:00.000-04:00
Austin Riley,ATL,IF,RBIs,0.5,demon,pre_game,2026-08-08T15:05:00.000-04:00
Drake Baldwin,ATL,C,RBIs,0.5,demon,pre_game,2026-08-08T15:05:00.000-04:00
Michael Harris II,ATL,OF,RBIs,0.5,demon,pre_game,2026-08-08T15:05:00.000-04:00
Ozzie Albies,ATL,IF,Runs,0.5,demon,pre_game,2026-08-08T15:05:00.000-04:00
Amed Rosario,NYY,IF,Home Runs,0.5,demon,pre_game,2026-08-08T15:05:00.000-04:00
George Lombard Jr.,NYY,IF,Home Runs,0.5,demon,pre_game,2026-08-08T15:05:00.000-04:00
George Lombard Jr.,NYY,IF,Runs,0.5,demon,pre_game,2026-08-08T15:05:00.000-04:00
Matt Olson,ATL,IF,RBIs,0.5,demon,pre_game,2026-08-08T15:05:00.000-04:00
Mike Yastrzemski,ATL,OF,RBIs,0.5,demon,pre_game,2026-08-08T15:05:00.000-04:00
Mauricio Dubón,ATL,OF,Home Runs,0.5,demon,pre_game,2026-08-08T15:05:00.000-04:00
Ronald Acuña Jr.,ATL,OF,Home Runs,0.5,demon,pre_game,2026-08-08T15:05:00.000-04:00
Spencer Jones,NYY,OF,Home Runs,0.5,demon,pre_game,2026-08-08T15:05:00.000-04:00
Austin Riley,ATL,IF,Home Runs,0.5,demon,pre_game,2026-08-08T15:05:00.000-04:00
George Lombard Jr.,NYY,IF,RBIs,0.5,demon,pre_game,2026-08-08T15:05:00.000-04:00
Jim Jarvis,ATL,IF,Total Bases,0.5,goblin,pre_game,2026-08-08T15:05:00.000-04:00
Amed Rosario,NYY,IF,RBIs,0.5,demon,pre_game,2026-08-08T15:05:00.000-04:00
Ozzie Albies,ATL,IF,Home Runs,0.5,demon,pre_game,2026-08-08T15:05:00.000-04:00
Drake Baldwin,ATL,C,Runs,0.5,standard,pre_game,2026-08-08T15:05:00.000-04:00
Spencer Jones,NYY,OF,Hitter Strikeouts,0.5,goblin,pre_game,2026-08-08T15:05:00.000-04:00
Drake Baldwin,ATL,C,Home Runs,0.5,demon,pre_game,2026-08-08T15:05:00.000-04:00
Jim Jarvis,ATL,IF,Walks,0.5,demon,pre_game,2026-08-08T15:05:00.000-04:00
Michael Harris II,ATL,OF,Runs,0.5,demon,pre_game,2026-08-08T15:05:00.000-04:00
Jim Jarvis,ATL,IF,Runs,0.5,demon,pre_game,2026-08-08T15:05:00.000-04:00
George Lombard Jr.,NYY,IF,Singles,0.5,demon,pre_game,2026-08-08T15:05:00.000-04:00
Spencer Jones,NYY,OF,Runs,0.5,demon,pre_game,2026-08-08T15:05:00.000-04:00
Spencer Jones,NYY,OF,RBIs,0.5,demon,pre_game,2026-08-08T15:05:00.000-04:00
Jim Jarvis,ATL,IF,Doubles,0.5,demon,pre_game,2026-08-08T15:05:00.000-04:00
Paul Goldschmidt,NYY,IF,Doubles,0.5,demon,pre_game,2026-08-08T15:05:00.000-04:00
Ben Rice,NYY,IF,RBIs,0.5,demon,pre_game,2026-08-08T15:05:00.000-04:00
Trent Grisham,NYY,OF,Doubles,0.5,demon,pre_game,2026-08-08T15:05:00.000-04:00
Mike Yastrzemski,ATL,OF,Singles,0.5,demon,pre_game,2026-08-08T15:05:00.000-04:00
Austin Riley,ATL,IF,Total Bases,0.5,goblin,pre_game,2026-08-08T15:05:00.000-04:00
Ozzie Albies,ATL,IF,RBIs,0.5,demon,pre_game,2026-08-08T15:05:00.000-04:00
Paul Goldschmidt,NYY,IF,Singles,0.5,demon,pre_game,2026-08-08T15:05:00.000-04:00
Trent Grisham,NYY,OF,Walks,0.5,demon,pre_game,2026-08-08T15:05:00.000-04:00
Mauricio Dubón,ATL,OF,Doubles,0.5,demon,pre_game,2026-08-08T15:05:00.000-04:00
Trent Grisham,NYY,OF,Hits+Runs+RBIs,0.5,goblin,pre_game,2026-08-08T15:05:00.000-04:00
Ben Rice,NYY,IF,Doubles,0.5,demon,pre_game,2026-08-08T15:05:00.000-04:00
Ronald Acuña Jr.,ATL,OF,Total Bases,0.5,goblin,pre_game,2026-08-08T15:05:00.000-04:00
Austin Riley,ATL,IF,Stolen Bases,0.5,demon,pre_game,2026-08-08T15:05:00.000-04:00
George Lombard Jr.,NYY,IF,Doubles,0.5,demon,pre_game,2026-08-08T15:05:00.000-04:00
Austin Riley,ATL,IF,Hitter Strikeouts,0.5,goblin,pre_game,2026-08-08T15:05:00.000-04:00
Ben Rice,NYY,IF,Home Runs,0.5,demon,pre_game,2026-08-08T15:05:00.000-04:00
Amed Rosario,NYY,IF,Runs,0.5,demon,pre_game,2026-08-08T15:05:00.000-04:00
Mauricio Dubón,ATL,OF,RBIs,0.5,demon,pre_game,2026-08-08T15:05:00.000-04:00
Ozzie Albies,ATL,IF,Stolen Bases,0.5,demon,pre_game,2026-08-08T15:05:00.000-04:00
Matt Olson,ATL,IF,Runs,0.5,demon,pre_game,2026-08-08T15:05:00.000-04:00
Ronald Acuña Jr.,ATL,OF,Runs,0.5,standard,pre_game,2026-08-08T15:05:00.000-04:00
Austin Riley,ATL,IF,Hits+Runs+RBIs,0.5,goblin,pre_game,2026-08-08T15:05:00.000-04:00
Drake Baldwin,ATL,C,Hits+Runs+RBIs,0.5,goblin,pre_game,2026-08-08T15:05:00.000-04:00
Ben Rice,NYY,IF,Walks,0.5,demon,pre_game,2026-08-08T15:05:00.000-04:00
Drake Baldwin,ATL,C,Total Bases,0.5,goblin,pre_game,2026-08-08T15:05:00.000-04:00
Drake Baldwin,ATL,C,Singles,0.5,demon,pre_game,2026-08-08T15:05:00.000-04:00
Michael Harris II,ATL,OF,Hits,0.5,goblin,pre_game,2026-08-08T15:05:00.000-04:00
Ozzie Albies,ATL,IF,Walks,0.5,demon,pre_game,2026-08-08T15:05:00.000-04:00
Amed Rosario,NYY,IF,Hits+Runs+RBIs,0.5,goblin,pre_game,2026-08-08T15:05:00.000-04:00
Paul Goldschmidt,NYY,IF,RBIs,0.5,demon,pre_game,2026-08-08T15:05:00.000-04:00
Ben Rice,NYY,IF,Runs,0.5,demon,pre_game,2026-08-08T15:05:00.000-04:00
Ozzie Albies,ATL,IF,Hits+Runs+RBIs,0.5,goblin,pre_game,2026-08-08T15:05:00.000-04:00
Mauricio Dubón,ATL,OF,Singles,0.5,standard,pre_game,2026-08-08T15:05:00.000-04:00
Paul Goldschmidt,NYY,IF,Stolen Bases,0.5,demon,pre_game,2026-08-08T15:05:00.000-04:00
Mike Yastrzemski,ATL,OF,Home Runs,0.5,demon,pre_game,2026-08-08T15:05:00.000-04:00
Paul Goldschmidt,NYY,IF,Runs,0.5,demon,pre_game,2026-08-08T15:05:00.000-04:00
George Lombard Jr.,NYY,IF,Hitter Strikeouts,0.5,goblin,pre_game,2026-08-08T15:05:00.000-04:00
Ronald Acuña Jr.,ATL,OF,Stolen Bases,0.5,demon,pre_game,2026-08-08T15:05:00.000-04:00
Trent Grisham,NYY,OF,Singles,0.5,demon,pre_game,2026-08-08T15:05:00.000-04:00
Amed Rosario,NYY,IF,Doubles,0.5,demon,pre_game,2026-08-08T15:05:00.000-04:00
Austin Riley,ATL,IF,Runs,0.5,demon,pre_game,2026-08-08T15:05:00.000-04:00
Austin Riley,ATL,IF,Singles,0.5,demon,pre_game,2026-08-08T15:05:00.000-04:00
Michael Harris II,ATL,OF,Home Runs,0.5,demon,pre_game,2026-08-08T15:05:00.000-04:00
Mike Yastrzemski,ATL,OF,Walks,0.5,demon,pre_game,2026-08-08T15:05:00.000-04:00
Jim Jarvis,ATL,IF,Home Runs,0.5,demon,pre_game,2026-08-08T15:05:00.000-04:00
Ronald Acuña Jr.,ATL,OF,Doubles,0.5,demon,pre_game,2026-08-08T15:05:00.000-04:00
Trent Grisham,NYY,OF,Home Runs,0.5,demon,pre_game,2026-08-08T15:05:00.000-04:00
Trent Grisham,NYY,OF,Hitter Strikeouts,0.5,goblin,pre_game,2026-08-08T15:05:00.000-04:00
Mauricio Dubón,ATL,OF,Runs,0.5,demon,pre_game,2026-08-08T15:05:00.000-04:00
Ronald Acuña Jr.,ATL,OF,Hits,0.5,goblin,pre_game,2026-08-08T15:05:00.000-04:00
Amed Rosario,NYY,IF,Singles,0.5,demon,pre_game,2026-08-08T15:05:00.000-04:00
Spencer Jones,NYY,OF,Singles,0.5,demon,pre_game,2026-08-08T15:05:00.000-04:00
Gerrit Cole,NYY,P,Walks Allowed,0.5,goblin,pre_game,2026-08-08T15:05:00.000-04:00
Ronald Acuña Jr.,ATL,OF,Walks,0.5,demon,pre_game,2026-08-08T15:05:00.000-04:00
Michael Harris II,ATL,OF,Stolen Bases,0.5,demon,pre_game,2026-08-08T15:05:00.000-04:00
Drake Baldwin,ATL,C,Hits,0.5,goblin,pre_game,2026-08-08T15:05:00.000-04:00
Matt Olson,ATL,IF,Home Runs,0.5,demon,pre_game,2026-08-08T15:05:00.000-04:00
Drake Baldwin,ATL,C,Doubles,0.5,demon,pre_game,2026-08-08T15:05:00.000-04:00
Drake Baldwin,ATL,C,Walks,0.5,demon,pre_game,2026-08-08T15:05:00.000-04:00
Mauricio Dubón,ATL,OF,Hits,0.5,goblin,pre_game,2026-08-08T15:05:00.000-04:00
Michael Harris II,ATL,OF,Total Bases,0.5,goblin,pre_game,2026-08-08T15:05:00.000-04:00
Mike Yastrzemski,ATL,OF,Runs,0.5,demon,pre_game,2026-08-08T15:05:00.000-04:00
Chris Sale,ATL,P,Walks Allowed,0.5,goblin,pre_game,2026-08-08T15:05:00.000-04:00
Matt Olson,ATL,IF,Walks,0.5,demon,pre_game,2026-08-08T15:05:00.000-04:00
Matt Olson,ATL,IF,Total Bases,0.5,goblin,pre_game,2026-08-08T15:05:00.000-04:00
Trent Grisham,NYY,OF,Runs,0.5,demon,pre_game,2026-08-08T15:05:00.000-04:00
Ronald Acuña Jr.,ATL,OF,RBIs,0.5,demon,pre_game,2026-08-08T15:05:00.000-04:00
Spencer Jones,NYY,OF,Stolen Bases,0.5,demon,pre_game,2026-08-08T15:05:00.000-04:00
Mauricio Dubón,ATL,OF,Stolen Bases,0.5,demon,pre_game,2026-08-08T15:05:00.000-04:00
George Lombard Jr.,NYY,IF,Hits,0.5,standard,pre_game,2026-08-08T15:05:00.000-04:00
George Lombard Jr.,NYY,IF,Stolen Bases,0.5,demon,pre_game,2026-08-08T15:05:00.000-04:00
Paul Goldschmidt,NYY,IF,Hits+Runs+RBIs,0.5,goblin,pre_game,2026-08-08T15:05:00.000-04:00
Chris Sale,ATL,P,Earned Runs Allowed,0.5,goblin,pre_game,2026-08-08T15:05:00.000-04:00
Ozzie Albies,ATL,IF,Doubles,0.5,demon,pre_game,2026-08-08T15:05:00.000-04:00
Amed Rosario,NYY,IF,Total Bases,0.5,goblin,pre_game,2026-08-08T15:05:00.000-04:00
Paul Goldschmidt,NYY,IF,Walks,0.5,demon,pre_game,2026-08-08T15:05:00.000-04:00
Spencer Jones,NYY,OF,Doubles,0.5,demon,pre_game,2026-08-08T15:05:00.000-04:00
Amed Rosario,NYY,IF,Stolen Bases,0.5,demon,pre_game,2026-08-08T15:05:00.000-04:00
Austin Riley,ATL,IF,Hits,0.5,goblin,pre_game,2026-08-08T15:05:00.000-04:00
George Lombard Jr.,NYY,IF,Walks,0.5,demon,pre_game,2026-08-08T15:05:00.000-04:00
Mauricio Dubón,ATL,OF,Total Bases,0.5,goblin,pre_game,2026-08-08T15:05:00.000-04:00
Jim Jarvis,ATL,IF,RBIs,0.5,demon,pre_game,2026-08-08T15:05:00.000-04:00
Michael Harris II,ATL,OF,Doubles,0.5,demon,pre_game,2026-08-08T15:05:00.000-04:00
Ben Rice,NYY,IF,Singles,0.5,demon,pre_game,2026-08-08T15:05:00.000-04:00
Ozzie Albies,ATL,IF,Hits,0.5,goblin,pre_game,2026-08-08T15:05:00.000-04:00
Ben Rice,NYY,IF,Hits,0.5,goblin,pre_game,2026-08-08T15:05:00.000-04:00
Austin Riley,ATL,IF,Doubles,0.5,demon,pre_game,2026-08-08T15:05:00.000-04:00
Jim Jarvis,ATL,IF,Stolen Bases,0.5,demon,pre_game,2026-08-08T15:05:00.000-04:00
Mike Yastrzemski,ATL,OF,Stolen Bases,0.5,demon,pre_game,2026-08-08T15:05:00.000-04:00
Jim Jarvis,ATL,IF,Singles,0.5,demon,pre_game,2026-08-08T15:05:00.000-04:00
Ben Rice,NYY,IF,Hitter Strikeouts,0.5,goblin,pre_game,2026-08-08T15:05:00.000-04:00
George Lombard Jr.,NYY,IF,Hits+Runs+RBIs,0.5,goblin,pre_game,2026-08-08T15:05:00.000-04:00
Paul Goldschmidt,NYY,IF,Total Bases,0.5,goblin,pre_game,2026-08-08T15:05:00.000-04:00
Trent Grisham,NYY,OF,Stolen Bases,0.5,demon,pre_game,2026-08-08T15:05:00.000-04:00
Spencer Jones,NYY,OF,Hits+Runs+RBIs,0.5,standard,pre_game,2026-08-08T15:05:00.000-04:00
Ben Rice,NYY,IF,Hits+Runs+RBIs,0.5,goblin,pre_game,2026-08-08T15:05:00.000-04:00
Ozzie Albies,ATL,IF,Total Bases,0.5,goblin,pre_game,2026-08-08T15:05:00.000-04:00
George Lombard Jr.,NYY,IF,Total Bases,0.5,standard,pre_game,2026-08-08T15:05:00.000-04:00
Amed Rosario,NYY,IF,Hits,0.5,goblin,pre_game,2026-08-08T15:05:00.000-04:00
Mike Yastrzemski,ATL,OF,Doubles,0.5,demon,pre_game,2026-08-08T15:05:00.000-04:00
Paul Goldschmidt,NYY,IF,Hitter Strikeouts,0.5,goblin,pre_game,2026-08-08T15:05:00.000-04:00
Michael Harris II,ATL,OF,Hits+Runs+RBIs,0.5,goblin,pre_game,2026-08-08T15:05:00.000-04:00
Matt Olson,ATL,IF,Hits+Runs+RBIs,0.5,goblin,pre_game,2026-08-08T15:05:00.000-04:00
Ben Rice,NYY,IF,Total Bases,0.5,goblin,pre_game,2026-08-08T15:05:00.000-04:00
Ronald Acuña Jr.,ATL,OF,Singles,0.5,demon,pre_game,2026-08-08T15:05:00.000-04:00
Matt Olson,ATL,IF,Hitter Strikeouts,0.5,goblin,pre_game,2026-08-08T15:05:00.000-04:00
Mauricio Dubón,ATL,OF,Hits+Runs+RBIs,0.5,goblin,pre_game,2026-08-08T15:05:00.000-04:00
Ronald Acuña Jr.,ATL,OF,Hits+Runs+RBIs,0.5,goblin,pre_game,2026-08-08T15:05:00.000-04:00
Matt Olson,ATL,IF,Singles,0.5,demon,pre_game,2026-08-08T15:05:00.000-04:00
Ozzie Albies,ATL,IF,Singles,0.5,demon,pre_game,2026-08-08T15:05:00.000-04:00
Jim Jarvis,ATL,IF,Hits+Runs+RBIs,0.5,goblin,pre_game,2026-08-08T15:05:00.000-04:00
Matt Olson,ATL,IF,Hits,0.5,goblin,pre_game,2026-08-08T15:05:00.000-04:00
Austin Riley,ATL,IF,Walks,0.5,demon,pre_game,2026-08-08T15:05:00.000-04:00
Matt Olson,ATL,IF,Doubles,0.5,demon,pre_game,2026-08-08T15:05:00.000-04:00
Heliot Ramos,NYY,OF,Home Runs,0.5,demon,pre_game,2026-08-08T15:05:00.000-04:00
José Caballero,NYY,IF,Doubles,0.5,demon,pre_game,2026-08-08T15:05:00.000-04:00
José Caballero,NYY,IF,Singles,0.5,demon,pre_game,2026-08-08T15:05:00.000-04:00
José Caballero,NYY,IF,Home Runs,0.5,demon,pre_game,2026-08-08T15:05:00.000-04:00
Heliot Ramos,NYY,OF,Hits+Runs+RBIs,0.5,goblin,pre_game,2026-08-08T15:05:00.000-04:00
José Caballero,NYY,IF,Hits+Runs+RBIs,0.5,goblin,pre_game,2026-08-08T15:05:00.000-04:00
José Caballero,NYY,IF,Hits,0.5,standard,pre_game,2026-08-08T15:05:00.000-04:00
José Caballero,NYY,IF,Runs,0.5,demon,pre_game,2026-08-08T15:05:00.000-04:00
Heliot Ramos,NYY,OF,Runs,0.5,demon,pre_game,2026-08-08T15:05:00.000-04:00
Heliot Ramos,NYY,OF,Singles,0.5,demon,pre_game,2026-08-08T15:05:00.000-04:00
Heliot Ramos,NYY,OF,Doubles,0.5,demon,pre_game,2026-08-08T15:05:00.000-04:00
Heliot Ramos,NYY,OF,Hits,0.5,goblin,pre_game,2026-08-08T15:05:00.000-04:00
José Caballero,NYY,IF,RBIs,0.5,demon,pre_game,2026-08-08T15:05:00.000-04:00
Heliot Ramos,NYY,OF,RBIs,0.5,demon,pre_game,2026-08-08T15:05:00.000-04:00
Trent Grisham,NYY,OF,Hits,0.5,goblin,pre_game,2026-08-08T15:05:00.000-04:00
Ben Rice,NYY,IF,Stolen Bases,0.5,demon,pre_game,2026-08-08T15:05:00.000-04:00
Gerrit Cole,NYY,P,Earned Runs Allowed,0.5,goblin,pre_game,2026-08-08T15:05:00.000-04:00
Michael Harris II,ATL,OF,Singles,0.5,demon,pre_game,2026-08-08T15:05:00.000-04:00
Spencer Jones,NYY,OF,Total Bases,0.5,demon,pre_game,2026-08-08T15:05:00.000-04:00
Mike Yastrzemski,ATL,OF,Hits,0.5,standard,pre_game,2026-08-08T15:05:00.000-04:00
Heliot Ramos,NYY,OF,Total Bases,0.5,goblin,pre_game,2026-08-08T15:05:00.000-04:00
Mike Yastrzemski,ATL,OF,Total Bases,0.5,standard,pre_game,2026-08-08T15:05:00.000-04:00
Chris Sale + Gerrit Cole,ATL/NYY,P,1st Inning Walks Allowed,0.5,demon,pre_game,2026-08-08T15:05:00.000-04:00
Trent Grisham,NYY,OF,Total Bases,0.5,goblin,pre_game,2026-08-08T15:05:00.000-04:00
Amed Rosario,NYY,IF,Hitter Strikeouts,0.5,goblin,pre_game,2026-08-08T15:05:00.000-04:00
Heliot Ramos,NYY,OF,Walks,0.5,demon,pre_game,2026-08-08T15:05:00.000-04:00
José Caballero,NYY,IF,Walks,0.5,demon,pre_game,2026-08-08T15:05:00.000-04:00
José Caballero,NYY,IF,Stolen Bases,0.5,demon,pre_game,2026-08-08T15:05:00.000-04:00
José Caballero,NYY,IF,Total Bases,0.5,standard,pre_game,2026-08-08T15:05:00.000-04:00
Heliot Ramos,NYY,OF,Stolen Bases,0.5,demon,pre_game,2026-08-08T15:05:00.000-04:00
Heliot Ramos,NYY,OF,Hitter Strikeouts,0.5,goblin,pre_game,2026-08-08T15:05:00.000-04:00
José Caballero,NYY,IF,Hitter Strikeouts,0.5,goblin,pre_game,2026-08-08T15:05:00.000-04:00
Drake Baldwin,ATL,C,Stolen Bases,0.5,demon,pre_game,2026-08-08T15:05:00.000-04:00
Mike Yastrzemski,ATL,OF,Hitter Strikeouts,0.5,goblin,pre_game,2026-08-08T15:05:00.000-04:00
Ozzie Albies,ATL,IF,Hitter Strikeouts,0.5,goblin,pre_game,2026-08-08T15:05:00.000-04:00
Ronald Acuña Jr.,ATL,OF,Hitter Strikeouts,0.5,goblin,pre_game,2026-08-08T15:05:00.000-04:00
Jim Jarvis,ATL,IF,Hitter Strikeouts,0.5,goblin,pre_game,2026-08-08T15:05:00.000-04:00
Drake Baldwin,ATL,C,Hitter Strikeouts,0.5,goblin,pre_game,2026-08-08T15:05:00.000-04:00
Michael Harris II,ATL,OF,Hitter Strikeouts,0.5,goblin,pre_game,2026-08-08T15:05:00.000-04:00
Spencer Jones,NYY,OF,Hits,0.5,demon,pre_game,2026-08-08T15:05:00.000-04:00
Mike Yastrzemski,ATL,OF,Hits+Runs+RBIs,0.5,goblin,pre_game,2026-08-08T15:05:00.000-04:00
Jim Jarvis,ATL,IF,Hits,0.5,goblin,pre_game,2026-08-08T15:05:00.000-04:00
Austin Wells,NYY,C,Home Runs,0.5,demon,pre_game,2026-08-08T15:05:00.000-04:00
Austin Wells,NYY,C,Walks,0.5,demon,pre_game,2026-08-08T15:05:00.000-04:00
Spencer Jones,NYY,OF,Walks,0.5,demon,pre_game,2026-08-08T15:05:00.000-04:00
Austin Wells,NYY,C,Hits,0.5,demon,pre_game,2026-08-08T15:05:00.000-04:00
Austin Wells,NYY,C,RBIs,0.5,demon,pre_game,2026-08-08T15:05:00.000-04:00
Austin Wells,NYY,C,Runs,0.5,demon,pre_game,2026-08-08T15:05:00.000-04:00
Austin Wells,NYY,C,Hits+Runs+RBIs,0.5,standard,pre_game,2026-08-08T15:05:00.000-04:00
Austin Wells,NYY,C,Total Bases,0.5,demon,pre_game,2026-08-08T15:05:00.000-04:00
Austin Wells,NYY,C,Stolen Bases,0.5,demon,pre_game,2026-08-08T15:05:00.000-04:00
Austin Wells,NYY,C,Hitter Strikeouts,0.5,goblin,pre_game,2026-08-08T15:05:00.000-04:00
Austin Wells,NYY,C,Singles,0.5,demon,pre_game,2026-08-08T15:05:00.000-04:00
Austin Wells,NYY,C,Doubles,0.5,demon,pre_game,2026-08-08T15:05:00.000-04:00
Amed Rosario,NYY,IF,Walks,0.5,demon,pre_game,2026-08-08T15:05:00.000-04:00
Walbert Ureña,LAA,P,Pitcher Strikeouts,5.0,standard,pre_game,2026-08-08T16:10:00.000-04:00
Sandy Alcantara,MIA,P,Pitches Thrown,106.5,demon,pre_game,2026-08-08T16:10:00.000-04:00
Sandy Alcantara,MIA,P,Pitches Thrown,99.5,standard,pre_game,2026-08-08T16:10:00.000-04:00
Walbert Ureña,LAA,P,Pitches Thrown,95.5,demon,pre_game,2026-08-08T16:10:00.000-04:00
Sandy Alcantara,MIA,P,Pitches Thrown,93.5,goblin,pre_game,2026-08-08T16:10:00.000-04:00
Walbert Ureña,LAA,P,Pitches Thrown,90.5,standard,pre_game,2026-08-08T16:10:00.000-04:00
Walbert Ureña,LAA,P,Pitches Thrown,83.5,goblin,pre_game,2026-08-08T16:10:00.000-04:00
Sandy Alcantara,MIA,P,Pitcher Fantasy Score,43.5,demon,pre_game,2026-08-08T16:10:00.000-04:00
Walbert Ureña,LAA,P,Pitcher Fantasy Score,36.5,demon,pre_game,2026-08-08T16:10:00.000-04:00
Sandy Alcantara,MIA,P,Pitcher Fantasy Score,35.5,standard,pre_game,2026-08-08T16:10:00.000-04:00
Sandy Alcantara,MIA,P,Pitcher Fantasy Score,28.5,goblin,pre_game,2026-08-08T16:10:00.000-04:00
Walbert Ureña,LAA,P,Pitcher Fantasy Score,28.5,standard,pre_game,2026-08-08T16:10:00.000-04:00
Sandy Alcantara,MIA,P,Batters Faced,26.5,standard,pre_game,2026-08-08T16:10:00.000-04:00
Walbert Ureña,LAA,P,Batters Faced,23.5,standard,pre_game,2026-08-08T16:10:00.000-04:00
Walbert Ureña,LAA,P,Pitcher Fantasy Score,20.5,goblin,pre_game,2026-08-08T16:10:00.000-04:00
Mike Trout,LAA,OF,Pitches Seen,18.5,standard,pre_game,2026-08-08T16:10:00.000-04:00
Kyle Stowers,MIA,IF,Pitches Seen,17.5,standard,pre_game,2026-08-08T16:10:00.000-04:00
Griffin Conine,MIA,OF,Pitches Seen,16.5,goblin,pre_game,2026-08-08T16:10:00.000-04:00
Nolan Schanuel,LAA,IF,Pitches Seen,16.5,standard,pre_game,2026-08-08T16:10:00.000-04:00
Wade Meckler,LAA,OF,Pitches Seen,16.5,standard,pre_game,2026-08-08T16:10:00.000-04:00
Otto Lopez,MIA,IF,Pitches Seen,15.5,demon,pre_game,2026-08-08T16:10:00.000-04:00
Xavier Edwards,MIA,IF,Pitches Seen,15.5,standard,pre_game,2026-08-08T16:10:00.000-04:00
Zach Neto,LAA,IF,Pitches Seen,14.5,goblin,pre_game,2026-08-08T16:10:00.000-04:00
Xavier Edwards,MIA,IF,Hitter Fantasy Score,10.5,demon,pre_game,2026-08-08T16:10:00.000-04:00
Kyle Stowers,MIA,IF,Hitter Fantasy Score,10.5,demon,pre_game,2026-08-08T16:10:00.000-04:00
Zach Neto,LAA,IF,Hitter Fantasy Score,10.5,demon,pre_game,2026-08-08T16:10:00.000-04:00
Otto Lopez,MIA,IF,Hitter Fantasy Score,10.5,demon,pre_game,2026-08-08T16:10:00.000-04:00
Mike Trout,LAA,OF,Hitter Fantasy Score,9.5,demon,pre_game,2026-08-08T16:10:00.000-04:00
Jakob Marsee,MIA,OF,Hitter Fantasy Score,9.5,demon,pre_game,2026-08-08T16:10:00.000-04:00
Vaughn Grissom,LAA,IF,Hitter Fantasy Score,8.5,demon,pre_game,2026-08-08T16:10:00.000-04:00
Oswald Peraza,LAA,IF,Hitter Fantasy Score,8.5,demon,pre_game,2026-08-08T16:10:00.000-04:00
Wade Meckler,LAA,OF,Hitter Fantasy Score,8.5,demon,pre_game,2026-08-08T16:10:00.000-04:00
Heriberto Hernández,MIA,OF,Hitter Fantasy Score,8.5,demon,pre_game,2026-08-08T16:10:00.000-04:00
Griffin Conine,MIA,OF,Hitter Fantasy Score,8.5,demon,pre_game,2026-08-08T16:10:00.000-04:00
Nolan Schanuel,LAA,IF,Hitter Fantasy Score,8.5,demon,pre_game,2026-08-08T16:10:00.000-04:00
Javier Sanoja,MIA,IF,Hitter Fantasy Score,7.5,demon,pre_game,2026-08-08T16:10:00.000-04:00
Josh Lowe,LAA,OF,Hitter Fantasy Score,7.5,demon,pre_game,2026-08-08T16:10:00.000-04:00
Xavier Edwards,MIA,IF,Hitter Fantasy Score,6.5,standard,pre_game,2026-08-08T16:10:00.000-04:00
Tyler Heineman,LAA,C,Hitter Fantasy Score,6.5,demon,pre_game,2026-08-08T16:10:00.000-04:00
Joe Mack,MIA,C,Hitter Fantasy Score,6.5,demon,pre_game,2026-08-08T16:10:00.000-04:00
Otto Lopez,MIA,IF,Hitter Fantasy Score,6.5,standard,pre_game,2026-08-08T16:10:00.000-04:00
Moisés Ballesteros,LAA,C,Hitter Fantasy Score,6.5,demon,pre_game,2026-08-08T16:10:00.000-04:00
Owen Caissie,MIA,OF,Hitter Fantasy Score,6.5,demon,pre_game,2026-08-08T16:10:00.000-04:00
Mike Trout,LAA,OF,Hitter Fantasy Score,5.5,standard,pre_game,2026-08-08T16:10:00.000-04:00
Kyle Stowers,MIA,IF,Hitter Fantasy Score,5.5,standard,pre_game,2026-08-08T16:10:00.000-04:00
Jakob Marsee,MIA,OF,Hitter Fantasy Score,5.5,standard,pre_game,2026-08-08T16:10:00.000-04:00
Zach Neto,LAA,IF,Hitter Fantasy Score,5.5,standard,pre_game,2026-08-08T16:10:00.000-04:00
Wade Meckler,LAA,OF,Hitter Fantasy Score,5.5,standard,pre_game,2026-08-08T16:10:00.000-04:00
Vaughn Grissom,LAA,IF,Hitter Fantasy Score,5.0,standard,pre_game,2026-08-08T16:10:00.000-04:00
Griffin Conine,MIA,OF,Hitter Fantasy Score,5.0,standard,pre_game,2026-08-08T16:10:00.000-04:00
Nolan Schanuel,LAA,IF,Hitter Fantasy Score,5.0,standard,pre_game,2026-08-08T16:10:00.000-04:00
Heriberto Hernández,MIA,OF,Hitter Fantasy Score,4.5,standard,pre_game,2026-08-08T16:10:00.000-04:00
Moisés Ballesteros,LAA,C,Hitter Fantasy Score,4.5,standard,pre_game,2026-08-08T16:10:00.000-04:00
Otto Lopez,MIA,IF,Plate Appearances,4.5,demon,pre_game,2026-08-08T16:10:00.000-04:00
Kyle Stowers,MIA,IF,Plate Appearances,4.5,standard,pre_game,2026-08-08T16:10:00.000-04:00
Mike Trout,LAA,OF,Plate Appearances,4.5,demon,pre_game,2026-08-08T16:10:00.000-04:00
Griffin Conine,MIA,OF,Plate Appearances,4.5,demon,pre_game,2026-08-08T16:10:00.000-04:00
Nolan Schanuel,LAA,IF,Plate Appearances,4.5,demon,pre_game,2026-08-08T16:10:00.000-04:00
Zach Neto,LAA,IF,Plate Appearances,4.5,demon,pre_game,2026-08-08T16:10:00.000-04:00
Wade Meckler,LAA,OF,Plate Appearances,4.5,demon,pre_game,2026-08-08T16:10:00.000-04:00
Xavier Edwards,MIA,IF,Plate Appearances,4.5,demon,pre_game,2026-08-08T16:10:00.000-04:00
Oswald Peraza,LAA,IF,Hitter Fantasy Score,3.5,standard,pre_game,2026-08-08T16:10:00.000-04:00
Xavier Edwards,MIA,IF,Hitter Fantasy Score,3.5,goblin,pre_game,2026-08-08T16:10:00.000-04:00
Jakob Marsee,MIA,OF,Hitter Fantasy Score,3.5,goblin,pre_game,2026-08-08T16:10:00.000-04:00
Joe Mack,MIA,C,Hitter Fantasy Score,3.5,standard,pre_game,2026-08-08T16:10:00.000-04:00
Otto Lopez,MIA,IF,Hitter Fantasy Score,3.5,goblin,pre_game,2026-08-08T16:10:00.000-04:00
Javier Sanoja,MIA,IF,Hitter Fantasy Score,3.5,standard,pre_game,2026-08-08T16:10:00.000-04:00
Josh Lowe,LAA,OF,Hitter Fantasy Score,3.5,standard,pre_game,2026-08-08T16:10:00.000-04:00
Owen Caissie,MIA,OF,Hitter Fantasy Score,3.5,standard,pre_game,2026-08-08T16:10:00.000-04:00
Tyler Heineman,LAA,C,Hitter Fantasy Score,3.0,standard,pre_game,2026-08-08T16:10:00.000-04:00
Mike Trout,LAA,OF,Hitter Fantasy Score,2.5,goblin,pre_game,2026-08-08T16:10:00.000-04:00
Vaughn Grissom,LAA,IF,Hitter Fantasy Score,2.5,goblin,pre_game,2026-08-08T16:10:00.000-04:00
Kyle Stowers,MIA,IF,Hitter Fantasy Score,2.5,goblin,pre_game,2026-08-08T16:10:00.000-04:00
Zach Neto,LAA,IF,Hitter Fantasy Score,2.5,goblin,pre_game,2026-08-08T16:10:00.000-04:00
Joe Mack,MIA,C,Hitter Fantasy Score,2.5,goblin,pre_game,2026-08-08T16:10:00.000-04:00
Wade Meckler,LAA,OF,Hitter Fantasy Score,2.5,goblin,pre_game,2026-08-08T16:10:00.000-04:00
Heriberto Hernández,MIA,OF,Hitter Fantasy Score,2.5,goblin,pre_game,2026-08-08T16:10:00.000-04:00
Griffin Conine,MIA,OF,Hitter Fantasy Score,2.5,goblin,pre_game,2026-08-08T16:10:00.000-04:00
Nolan Schanuel,LAA,IF,Hitter Fantasy Score,2.5,goblin,pre_game,2026-08-08T16:10:00.000-04:00
Oswald Peraza,LAA,IF,Hitter Fantasy Score,1.5,goblin,pre_game,2026-08-08T16:10:00.000-04:00
Tyler Heineman,LAA,C,Hitter Fantasy Score,1.5,goblin,pre_game,2026-08-08T16:10:00.000-04:00
Javier Sanoja,MIA,IF,Hitter Fantasy Score,1.5,goblin,pre_game,2026-08-08T16:10:00.000-04:00
Moisés Ballesteros,LAA,C,Hitter Fantasy Score,1.5,goblin,pre_game,2026-08-08T16:10:00.000-04:00
Josh Lowe,LAA,OF,Hitter Fantasy Score,1.5,goblin,pre_game,2026-08-08T16:10:00.000-04:00
Owen Caissie,MIA,OF,Hitter Fantasy Score,1.5,goblin,pre_game,2026-08-08T16:10:00.000-04:00
Gage Jump,ATH,P,Pitches Thrown,95.5,demon,pre_game,2026-08-08T16:10:00.000-04:00
Jake Bennett,BOS,P,Pitches Thrown,93.5,demon,pre_game,2026-08-08T16:10:00.000-04:00
Gage Jump,ATH,P,Pitches Thrown,88.5,standard,pre_game,2026-08-08T16:10:00.000-04:00
Jake Bennett,BOS,P,Pitches Thrown,87.5,standard,pre_game,2026-08-08T16:10:00.000-04:00
Gage Jump,ATH,P,Pitches Thrown,83.5,goblin,pre_game,2026-08-08T16:10:00.000-04:00
Jake Bennett,BOS,P,Pitches Thrown,82.5,goblin,pre_game,2026-08-08T16:10:00.000-04:00
Jake Bennett,BOS,P,Pitcher Fantasy Score,39.5,demon,pre_game,2026-08-08T16:10:00.000-04:00
Gage Jump,ATH,P,Pitcher Fantasy Score,32.5,demon,pre_game,2026-08-08T16:10:00.000-04:00
Jake Bennett,BOS,P,Pitcher Fantasy Score,31.5,standard,pre_game,2026-08-08T16:10:00.000-04:00
Gage Jump,ATH,P,Pitcher Fantasy Score,25.5,standard,pre_game,2026-08-08T16:10:00.000-04:00
Jake Bennett,BOS,P,Pitcher Fantasy Score,24.5,goblin,pre_game,2026-08-08T16:10:00.000-04:00
Jake Bennett,BOS,P,Batters Faced,23.5,goblin,pre_game,2026-08-08T16:10:00.000-04:00
Gage Jump,ATH,P,Batters Faced,23.5,demon,pre_game,2026-08-08T16:10:00.000-04:00
Willson Contreras,BOS,IF,Pitches Seen,17.5,standard,pre_game,2026-08-08T16:10:00.000-04:00
Gage Jump,ATH,P,Pitcher Fantasy Score,17.5,goblin,pre_game,2026-08-08T16:10:00.000-04:00
Wilyer Abreu,BOS,OF,Pitches Seen,16.5,standard,pre_game,2026-08-08T16:10:00.000-04:00
Ceddanne Rafaela,BOS,OF,Pitches Seen,16.5,standard,pre_game,2026-08-08T16:10:00.000-04:00
Jacob Wilson,ATH,IF,Pitches Seen,15.5,demon,pre_game,2026-08-08T16:10:00.000-04:00
Jonah Heim,ATH,C,Pitches Seen,15.5,standard,pre_game,2026-08-08T16:10:00.000-04:00
Tyler Soderstrom,ATH,OF,Pitches Seen,15.5,standard,pre_game,2026-08-08T16:10:00.000-04:00
Tommy White,ATH,IF,Pitches Seen,14.5,standard,pre_game,2026-08-08T16:10:00.000-04:00
Jahmai Jones,BOS,DH,Pitches Seen,13.5,standard,pre_game,2026-08-08T16:10:00.000-04:00
Tommy White,ATH,IF,Hitter Fantasy Score,9.5,demon,pre_game,2026-08-08T16:10:00.000-04:00
Ceddanne Rafaela,BOS,OF,Hitter Fantasy Score,9.5,demon,pre_game,2026-08-08T16:10:00.000-04:00
Jarren Duran,BOS,OF,Hitter Fantasy Score,8.5,demon,pre_game,2026-08-08T16:10:00.000-04:00
Jacob Wilson,ATH,IF,Hitter Fantasy Score,8.5,demon,pre_game,2026-08-08T16:10:00.000-04:00
Caleb Durbin,BOS,IF,Hitter Fantasy Score,8.5,demon,pre_game,2026-08-08T16:10:00.000-04:00
Tyler Soderstrom,ATH,OF,Hitter Fantasy Score,8.5,demon,pre_game,2026-08-08T16:10:00.000-04:00
Jonah Heim,ATH,C,Hitter Fantasy Score,8.5,demon,pre_game,2026-08-08T16:10:00.000-04:00
Wilyer Abreu,BOS,OF,Hitter Fantasy Score,8.5,demon,pre_game,2026-08-08T16:10:00.000-04:00
Willson Contreras,BOS,IF,Hitter Fantasy Score,8.5,demon,pre_game,2026-08-08T16:10:00.000-04:00
Max Muncy,ATH,IF,Hitter Fantasy Score,7.5,demon,pre_game,2026-08-08T16:10:00.000-04:00
Lawrence Butler,ATH,OF,Hitter Fantasy Score,7.5,demon,pre_game,2026-08-08T16:10:00.000-04:00
Eli White,BOS,OF,Hitter Fantasy Score,7.5,demon,pre_game,2026-08-08T16:10:00.000-04:00
Andruw Monasterio,BOS,IF,Hitter Fantasy Score,7.5,demon,pre_game,2026-08-08T16:10:00.000-04:00
Henry Bolte,ATH,OF,Hitter Fantasy Score,7.5,demon,pre_game,2026-08-08T16:10:00.000-04:00
Jonathan Ornelas,ATH,IF,Hitter Fantasy Score,6.5,demon,pre_game,2026-08-08T16:10:00.000-04:00
Jahmai Jones,BOS,DH,Hitter Fantasy Score,6.5,demon,pre_game,2026-08-08T16:10:00.000-04:00
Jacob Wilson,ATH,IF,Hitter Fantasy Score,5.5,standard,pre_game,2026-08-08T16:10:00.000-04:00
Tommy White,ATH,IF,Hitter Fantasy Score,5.5,standard,pre_game,2026-08-08T16:10:00.000-04:00
Jake Rogers,BOS,C,Hitter Fantasy Score,5.5,demon,pre_game,2026-08-08T16:10:00.000-04:00
Ceddanne Rafaela,BOS,OF,Hitter Fantasy Score,5.5,standard,pre_game,2026-08-08T16:10:00.000-04:00
Alika Williams,ATH,IF,Hitter Fantasy Score,5.5,demon,pre_game,2026-08-08T16:10:00.000-04:00
Caleb Durbin,BOS,IF,Hitter Fantasy Score,5.0,standard,pre_game,2026-08-08T16:10:00.000-04:00
Tyler Soderstrom,ATH,OF,Hitter Fantasy Score,5.0,standard,pre_game,2026-08-08T16:10:00.000-04:00
Jonah Heim,ATH,C,Hitter Fantasy Score,5.0,standard,pre_game,2026-08-08T16:10:00.000-04:00
Wilyer Abreu,BOS,OF,Hitter Fantasy Score,5.0,standard,pre_game,2026-08-08T16:10:00.000-04:00
Willson Contreras,BOS,IF,Hitter Fantasy Score,5.0,standard,pre_game,2026-08-08T16:10:00.000-04:00
Henry Bolte,ATH,OF,Hitter Fantasy Score,5.0,standard,pre_game,2026-08-08T16:10:00.000-04:00
Jarren Duran,BOS,OF,Hitter Fantasy Score,4.5,standard,pre_game,2026-08-08T16:10:00.000-04:00
Max Muncy,ATH,IF,Hitter Fantasy Score,4.5,standard,pre_game,2026-08-08T16:10:00.000-04:00
Lawrence Butler,ATH,OF,Hitter Fantasy Score,4.5,standard,pre_game,2026-08-08T16:10:00.000-04:00
Andruw Monasterio,BOS,IF,Hitter Fantasy Score,4.5,standard,pre_game,2026-08-08T16:10:00.000-04:00
Wilyer Abreu,BOS,OF,Plate Appearances,4.5,demon,pre_game,2026-08-08T16:10:00.000-04:00
Jacob Wilson,ATH,IF,Plate Appearances,4.5,demon,pre_game,2026-08-08T16:10:00.000-04:00
Willson Contreras,BOS,IF,Plate Appearances,4.5,demon,pre_game,2026-08-08T16:10:00.000-04:00
Jonah Heim,ATH,C,Plate Appearances,4.5,demon,pre_game,2026-08-08T16:10:00.000-04:00
Tyler Soderstrom,ATH,OF,Plate Appearances,4.5,demon,pre_game,2026-08-08T16:10:00.000-04:00
Ceddanne Rafaela,BOS,OF,Plate Appearances,4.5,demon,pre_game,2026-08-08T16:10:00.000-04:00
Jonathan Ornelas,ATH,IF,Hitter Fantasy Score,3.5,standard,pre_game,2026-08-08T16:10:00.000-04:00
Eli White,BOS,OF,Hitter Fantasy Score,3.5,standard,pre_game,2026-08-08T16:10:00.000-04:00
Jahmai Jones,BOS,DH,Hitter Fantasy Score,3.5,standard,pre_game,2026-08-08T16:10:00.000-04:00
Jahmai Jones,BOS,DH,Plate Appearances,3.5,demon,pre_game,2026-08-08T16:10:00.000-04:00
Jake Rogers,BOS,C,Hitter Fantasy Score,3.0,standard,pre_game,2026-08-08T16:10:00.000-04:00
Alika Williams,ATH,IF,Hitter Fantasy Score,3.0,standard,pre_game,2026-08-08T16:10:00.000-04:00
Jarren Duran,BOS,OF,Hitter Fantasy Score,2.5,goblin,pre_game,2026-08-08T16:10:00.000-04:00
Max Muncy,ATH,IF,Hitter Fantasy Score,2.5,goblin,pre_game,2026-08-08T16:10:00.000-04:00
Jacob Wilson,ATH,IF,Hitter Fantasy Score,2.5,goblin,pre_game,2026-08-08T16:10:00.000-04:00
Lawrence Butler,ATH,OF,Hitter Fantasy Score,2.5,goblin,pre_game,2026-08-08T16:10:00.000-04:00
Caleb Durbin,BOS,IF,Hitter Fantasy Score,2.5,goblin,pre_game,2026-08-08T16:10:00.000-04:00
Tommy White,ATH,IF,Hitter Fantasy Score,2.5,goblin,pre_game,2026-08-08T16:10:00.000-04:00
Tyler Soderstrom,ATH,OF,Hitter Fantasy Score,2.5,goblin,pre_game,2026-08-08T16:10:00.000-04:00
Ceddanne Rafaela,BOS,OF,Hitter Fantasy Score,2.5,goblin,pre_game,2026-08-08T16:10:00.000-04:00
Jonah Heim,ATH,C,Hitter Fantasy Score,2.5,goblin,pre_game,2026-08-08T16:10:00.000-04:00
Andruw Monasterio,BOS,IF,Hitter Fantasy Score,2.5,goblin,pre_game,2026-08-08T16:10:00.000-04:00
Wilyer Abreu,BOS,OF,Hitter Fantasy Score,2.5,goblin,pre_game,2026-08-08T16:10:00.000-04:00
Willson Contreras,BOS,IF,Hitter Fantasy Score,2.5,goblin,pre_game,2026-08-08T16:10:00.000-04:00
Henry Bolte,ATH,OF,Hitter Fantasy Score,2.5,goblin,pre_game,2026-08-08T16:10:00.000-04:00
Jonathan Ornelas,ATH,IF,Hitter Fantasy Score,1.5,goblin,pre_game,2026-08-08T16:10:00.000-04:00
Jake Rogers,BOS,C,Hitter Fantasy Score,1.5,goblin,pre_game,2026-08-08T16:10:00.000-04:00
Eli White,BOS,OF,Hitter Fantasy Score,1.5,goblin,pre_game,2026-08-08T16:10:00.000-04:00
Alika Williams,ATH,IF,Hitter Fantasy Score,1.5,goblin,pre_game,2026-08-08T16:10:00.000-04:00
Jahmai Jones,BOS,DH,Hitter Fantasy Score,1.5,goblin,pre_game,2026-08-08T16:10:00.000-04:00
Sandy Alcantara,MIA,P,Pitching Outs,26.5,demon,pre_game,2026-08-08T16:10:00.000-04:00
Sandy Alcantara,MIA,P,Pitching Outs,23.5,demon,pre_game,2026-08-08T16:10:00.000-04:00
Walbert Ureña,LAA,P,Pitching Outs,20.5,demon,pre_game,2026-08-08T16:10:00.000-04:00
Sandy Alcantara,MIA,P,Pitching Outs,20.0,standard,pre_game,2026-08-08T16:10:00.000-04:00
Walbert Ureña,LAA,P,Pitching Outs,17.5,demon,pre_game,2026-08-08T16:10:00.000-04:00
Sandy Alcantara,MIA,P,Pitching Outs,17.5,goblin,pre_game,2026-08-08T16:10:00.000-04:00
Walbert Ureña,LAA,P,Pitching Outs,16.5,standard,pre_game,2026-08-08T16:10:00.000-04:00
Walbert Ureña,LAA,P,Pitching Outs,14.5,goblin,pre_game,2026-08-08T16:10:00.000-04:00
Walbert Ureña + Sandy Alcantara,LAA/MIA,P,Pitcher Strikeouts (Combo),11.5,demon,pre_game,2026-08-08T16:10:00.000-04:00
Sandy Alcantara,MIA,P,Pitcher Strikeouts,9.5,demon,pre_game,2026-08-08T16:10:00.000-04:00
Sandy Alcantara,MIA,P,Hits Allowed,9.5,demon,pre_game,2026-08-08T16:10:00.000-04:00
Sandy Alcantara,MIA,P,Pitcher Strikeouts,8.5,demon,pre_game,2026-08-08T16:10:00.000-04:00
Walbert Ureña,LAA,P,Pitcher Strikeouts,8.5,demon,pre_game,2026-08-08T16:10:00.000-04:00
Walbert Ureña,LAA,P,Hits Allowed,8.5,demon,pre_game,2026-08-08T16:10:00.000-04:00
Sandy Alcantara,MIA,P,Pitcher Strikeouts,7.5,demon,pre_game,2026-08-08T16:10:00.000-04:00
Walbert Ureña,LAA,P,Pitcher Strikeouts,7.5,demon,pre_game,2026-08-08T16:10:00.000-04:00
Sandy Alcantara,MIA,P,Hits Allowed,7.5,demon,pre_game,2026-08-08T16:10:00.000-04:00
Walbert Ureña,LAA,P,Pitcher Strikeouts,6.5,demon,pre_game,2026-08-08T16:10:00.000-04:00
Sandy Alcantara,MIA,P,Pitcher Strikeouts,6.5,demon,pre_game,2026-08-08T16:10:00.000-04:00
Walbert Ureña,LAA,P,Hits Allowed,6.5,demon,pre_game,2026-08-08T16:10:00.000-04:00
Sandy Alcantara,MIA,P,Hits Allowed,6.5,demon,pre_game,2026-08-08T16:10:00.000-04:00
Kyle Stowers,MIA,IF,Hits+Runs+RBIs,6.5,demon,pre_game,2026-08-08T16:10:00.000-04:00
Walbert Ureña,LAA,P,Earned Runs Allowed,6.5,demon,pre_game,2026-08-08T16:10:00.000-04:00
Sandy Alcantara,MIA,P,Earned Runs Allowed,6.5,demon,pre_game,2026-08-08T16:10:00.000-04:00
Walbert Ureña,LAA,P,Pitcher Strikeouts,5.5,demon,pre_game,2026-08-08T16:10:00.000-04:00
Vaughn Grissom,LAA,IF,Total Bases,5.5,demon,pre_game,2026-08-08T16:10:00.000-04:00
Heriberto Hernández,MIA,OF,Total Bases,5.5,demon,pre_game,2026-08-08T16:10:00.000-04:00
Mike Trout,LAA,OF,Total Bases,5.5,demon,pre_game,2026-08-08T16:10:00.000-04:00
Kyle Stowers,MIA,IF,Total Bases,5.5,demon,pre_game,2026-08-08T16:10:00.000-04:00
Sandy Alcantara,MIA,P,Pitcher Strikeouts,5.5,standard,pre_game,2026-08-08T16:10:00.000-04:00
Nolan Schanuel,LAA,IF,Hits+Runs+RBIs,5.5,demon,pre_game,2026-08-08T16:10:00.000-04:00
Mike Trout,LAA,OF,Hits+Runs+RBIs,5.5,demon,pre_game,2026-08-08T16:10:00.000-04:00
Vaughn Grissom,LAA,IF,Hits+Runs+RBIs,5.5,demon,pre_game,2026-08-08T16:10:00.000-04:00
Walbert Ureña,LAA,P,Hits Allowed,5.5,demon,pre_game,2026-08-08T16:10:00.000-04:00
Sandy Alcantara,MIA,P,Hits Allowed,5.5,standard,pre_game,2026-08-08T16:10:00.000-04:00
Zach Neto,LAA,IF,Hits+Runs+RBIs,5.5,demon,pre_game,2026-08-08T16:10:00.000-04:00
Joe Mack,MIA,C,Hits+Runs+RBIs,5.5,demon,pre_game,2026-08-08T16:10:00.000-04:00
Jakob Marsee,MIA,OF,Hits+Runs+RBIs,5.5,demon,pre_game,2026-08-08T16:10:00.000-04:00
Griffin Conine,MIA,OF,Hits+Runs+RBIs,5.5,demon,pre_game,2026-08-08T16:10:00.000-04:00
Xavier Edwards,MIA,IF,Hits+Runs+RBIs,5.5,demon,pre_game,2026-08-08T16:10:00.000-04:00
Heriberto Hernández,MIA,OF,Hits+Runs+RBIs,5.5,demon,pre_game,2026-08-08T16:10:00.000-04:00
Otto Lopez,MIA,IF,Hits+Runs+RBIs,5.5,demon,pre_game,2026-08-08T16:10:00.000-04:00
Javier Sanoja,MIA,IF,Hits+Runs+RBIs,5.5,demon,pre_game,2026-08-08T16:10:00.000-04:00
Walbert Ureña,LAA,P,Pitcher Strikeouts,4.5,goblin,pre_game,2026-08-08T16:10:00.000-04:00
Sandy Alcantara,MIA,P,Pitcher Strikeouts,4.5,goblin,pre_game,2026-08-08T16:10:00.000-04:00
Owen Caissie,MIA,OF,Total Bases,4.5,demon,pre_game,2026-08-08T16:10:00.000-04:00
Griffin Conine,MIA,OF,Total Bases,4.5,demon,pre_game,2026-08-08T16:10:00.000-04:00
Josh Lowe,LAA,OF,Total Bases,4.5,demon,pre_game,2026-08-08T16:10:00.000-04:00
Otto Lopez,MIA,IF,Total Bases,4.5,demon,pre_game,2026-08-08T16:10:00.000-04:00
Wade Meckler,LAA,OF,Total Bases,4.5,demon,pre_game,2026-08-08T16:10:00.000-04:00
Nolan Schanuel,LAA,IF,Total Bases,4.5,demon,pre_game,2026-08-08T16:10:00.000-04:00
Moisés Ballesteros,LAA,C,Total Bases,4.5,demon,pre_game,2026-08-08T16:10:00.000-04:00
Walbert Ureña,LAA,P,Walks Allowed,4.5,demon,pre_game,2026-08-08T16:10:00.000-04:00
Jakob Marsee,MIA,OF,Total Bases,4.5,demon,pre_game,2026-08-08T16:10:00.000-04:00
Joe Mack,MIA,C,Total Bases,4.5,demon,pre_game,2026-08-08T16:10:00.000-04:00
Kyle Stowers,MIA,IF,Hits+Runs+RBIs,4.5,demon,pre_game,2026-08-08T16:10:00.000-04:00
Wade Meckler,LAA,OF,Hits+Runs+RBIs,4.5,demon,pre_game,2026-08-08T16:10:00.000-04:00
Sandy Alcantara,MIA,P,Hits Allowed,4.5,goblin,pre_game,2026-08-08T16:10:00.000-04:00
Josh Lowe,LAA,OF,Hits+Runs+RBIs,4.5,demon,pre_game,2026-08-08T16:10:00.000-04:00
Moisés Ballesteros,LAA,C,Hits+Runs+RBIs,4.5,demon,pre_game,2026-08-08T16:10:00.000-04:00
Walbert Ureña,LAA,P,Hits Allowed,4.5,standard,pre_game,2026-08-08T16:10:00.000-04:00
Xavier Edwards,MIA,IF,Hits+Runs+RBIs,4.5,demon,pre_game,2026-08-08T16:10:00.000-04:00
Otto Lopez,MIA,IF,Hits+Runs+RBIs,4.5,demon,pre_game,2026-08-08T16:10:00.000-04:00
Xavier Edwards,MIA,IF,Total Bases,4.5,demon,pre_game,2026-08-08T16:10:00.000-04:00
Owen Caissie,MIA,OF,Hits+Runs+RBIs,4.5,demon,pre_game,2026-08-08T16:10:00.000-04:00
Javier Sanoja,MIA,IF,Total Bases,4.5,demon,pre_game,2026-08-08T16:10:00.000-04:00
Tyler Heineman,LAA,C,Hits+Runs+RBIs,4.5,demon,pre_game,2026-08-08T16:10:00.000-04:00
Zach Neto,LAA,IF,Total Bases,4.5,demon,pre_game,2026-08-08T16:10:00.000-04:00
Jakob Marsee,MIA,OF,Hits+Runs+RBIs,4.5,demon,pre_game,2026-08-08T16:10:00.000-04:00
Denzer Guzman,LAA,IF,Hits+Runs+RBIs,4.5,demon,pre_game,2026-08-08T16:10:00.000-04:00
Denzer Guzman,LAA,IF,Total Bases,4.5,demon,pre_game,2026-08-08T16:10:00.000-04:00
Walbert Ureña,LAA,P,Pitcher Strikeouts,3.5,goblin,pre_game,2026-08-08T16:10:00.000-04:00
Griffin Conine,MIA,OF,Total Bases,3.5,demon,pre_game,2026-08-08T16:10:00.000-04:00
Jakob Marsee,MIA,OF,Total Bases,3.5,demon,pre_game,2026-08-08T16:10:00.000-04:00
Nolan Schanuel,LAA,IF,Total Bases,3.5,demon,pre_game,2026-08-08T16:10:00.000-04:00
Josh Lowe,LAA,OF,Total Bases,3.5,demon,pre_game,2026-08-08T16:10:00.000-04:00
Vaughn Grissom,LAA,IF,Total Bases,3.5,demon,pre_game,2026-08-08T16:10:00.000-04:00
Heriberto Hernández,MIA,OF,Total Bases,3.5,demon,pre_game,2026-08-08T16:10:00.000-04:00
Joe Mack,MIA,C,Total Bases,3.5,demon,pre_game,2026-08-08T16:10:00.000-04:00
Mike Trout,LAA,OF,Total Bases,3.5,demon,pre_game,2026-08-08T16:10:00.000-04:00
Otto Lopez,MIA,IF,Total Bases,3.5,demon,pre_game,2026-08-08T16:10:00.000-04:00
Javier Sanoja,MIA,IF,Total Bases,3.5,demon,pre_game,2026-08-08T16:10:00.000-04:00
Kyle Stowers,MIA,IF,Total Bases,3.5,demon,pre_game,2026-08-08T16:10:00.000-04:00
Xavier Edwards,MIA,IF,Total Bases,3.5,demon,pre_game,2026-08-08T16:10:00.000-04:00
Wade Meckler,LAA,OF,Total Bases,3.5,demon,pre_game,2026-08-08T16:10:00.000-04:00
Owen Caissie,MIA,OF,Total Bases,3.5,demon,pre_game,2026-08-08T16:10:00.000-04:00
Zach Neto,LAA,IF,Total Bases,3.5,demon,pre_game,2026-08-08T16:10:00.000-04:00
Moisés Ballesteros,LAA,C,Total Bases,3.5,demon,pre_game,2026-08-08T16:10:00.000-04:00
Sandy Alcantara,MIA,P,Pitcher Strikeouts,3.5,goblin,pre_game,2026-08-08T16:10:00.000-04:00
Owen Caissie,MIA,OF,Hits+Runs+RBIs,3.5,demon,pre_game,2026-08-08T16:10:00.000-04:00
Kyle Stowers,MIA,IF,Hits+Runs+RBIs,3.5,demon,pre_game,2026-08-08T16:10:00.000-04:00
Vaughn Grissom,LAA,IF,Hits+Runs+RBIs,3.5,demon,pre_game,2026-08-08T16:10:00.000-04:00
Wade Meckler,LAA,OF,Hits+Runs+RBIs,3.5,demon,pre_game,2026-08-08T16:10:00.000-04:00
Walbert Ureña,LAA,P,Hits Allowed,3.5,goblin,pre_game,2026-08-08T16:10:00.000-04:00
Joe Mack,MIA,C,Hits+Runs+RBIs,3.5,demon,pre_game,2026-08-08T16:10:00.000-04:00
Josh Lowe,LAA,OF,Hits+Runs+RBIs,3.5,demon,pre_game,2026-08-08T16:10:00.000-04:00
Otto Lopez,MIA,IF,Hits+Runs+RBIs,3.5,demon,pre_game,2026-08-08T16:10:00.000-04:00
Moisés Ballesteros,LAA,C,Hits+Runs+RBIs,3.5,demon,pre_game,2026-08-08T16:10:00.000-04:00
Javier Sanoja,MIA,IF,Hits+Runs+RBIs,3.5,demon,pre_game,2026-08-08T16:10:00.000-04:00
Zach Neto,LAA,IF,Hits+Runs+RBIs,3.5,demon,pre_game,2026-08-08T16:10:00.000-04:00
Griffin Conine,MIA,OF,Hits+Runs+RBIs,3.5,demon,pre_game,2026-08-08T16:10:00.000-04:00
Jakob Marsee,MIA,OF,Hits+Runs+RBIs,3.5,demon,pre_game,2026-08-08T16:10:00.000-04:00
Nolan Schanuel,LAA,IF,Hits+Runs+RBIs,3.5,demon,pre_game,2026-08-08T16:10:00.000-04:00
Tyler Heineman,LAA,C,Total Bases,3.5,demon,pre_game,2026-08-08T16:10:00.000-04:00
Walbert Ureña,LAA,P,Earned Runs Allowed,3.5,demon,pre_game,2026-08-08T16:10:00.000-04:00
Sandy Alcantara,MIA,P,Earned Runs Allowed,3.5,demon,pre_game,2026-08-08T16:10:00.000-04:00
Tyler Heineman,LAA,C,Hits+Runs+RBIs,3.5,demon,pre_game,2026-08-08T16:10:00.000-04:00
Mike Trout,LAA,OF,Hits+Runs+RBIs,3.5,demon,pre_game,2026-08-08T16:10:00.000-04:00
Xavier Edwards,MIA,IF,Hits+Runs+RBIs,3.5,demon,pre_game,2026-08-08T16:10:00.000-04:00
Sandy Alcantara,MIA,P,Hits Allowed,3.5,goblin,pre_game,2026-08-08T16:10:00.000-04:00
Heriberto Hernández,MIA,OF,Hits+Runs+RBIs,3.5,demon,pre_game,2026-08-08T16:10:00.000-04:00
Sandy Alcantara,MIA,P,Walks Allowed,3.5,demon,pre_game,2026-08-08T16:10:00.000-04:00
Denzer Guzman,LAA,IF,Hits+Runs+RBIs,3.5,demon,pre_game,2026-08-08T16:10:00.000-04:00
Denzer Guzman,LAA,IF,Total Bases,3.5,demon,pre_game,2026-08-08T16:10:00.000-04:00
Nolan Schanuel,LAA,IF,Total Bases,2.5,demon,pre_game,2026-08-08T16:10:00.000-04:00
Joe Mack,MIA,C,Total Bases,2.5,demon,pre_game,2026-08-08T16:10:00.000-04:00
Owen Caissie,MIA,OF,Total Bases,2.5,demon,pre_game,2026-08-08T16:10:00.000-04:00
Griffin Conine,MIA,OF,Total Bases,2.5,demon,pre_game,2026-08-08T16:10:00.000-04:00
Jakob Marsee,MIA,OF,Total Bases,2.5,demon,pre_game,2026-08-08T16:10:00.000-04:00
Vaughn Grissom,LAA,IF,Total Bases,2.5,demon,pre_game,2026-08-08T16:10:00.000-04:00
Josh Lowe,LAA,OF,Total Bases,2.5,demon,pre_game,2026-08-08T16:10:00.000-04:00
Mike Trout,LAA,OF,Total Bases,2.5,demon,pre_game,2026-08-08T16:10:00.000-04:00
Heriberto Hernández,MIA,OF,Total Bases,2.5,demon,pre_game,2026-08-08T16:10:00.000-04:00
Otto Lopez,MIA,IF,Total Bases,2.5,demon,pre_game,2026-08-08T16:10:00.000-04:00
Javier Sanoja,MIA,IF,Total Bases,2.5,demon,pre_game,2026-08-08T16:10:00.000-04:00
Kyle Stowers,MIA,IF,Total Bases,2.5,demon,pre_game,2026-08-08T16:10:00.000-04:00
Wade Meckler,LAA,OF,Total Bases,2.5,demon,pre_game,2026-08-08T16:10:00.000-04:00
Xavier Edwards,MIA,IF,Total Bases,2.5,demon,pre_game,2026-08-08T16:10:00.000-04:00
Zach Neto,LAA,IF,Total Bases,2.5,demon,pre_game,2026-08-08T16:10:00.000-04:00
Moisés Ballesteros,LAA,C,Total Bases,2.5,demon,pre_game,2026-08-08T16:10:00.000-04:00
Owen Caissie,MIA,OF,Hitter Strikeouts,2.5,demon,pre_game,2026-08-08T16:10:00.000-04:00
Kyle Stowers,MIA,IF,Hitter Strikeouts,2.5,demon,pre_game,2026-08-08T16:10:00.000-04:00
Heriberto Hernández,MIA,OF,Hitter Strikeouts,2.5,demon,pre_game,2026-08-08T16:10:00.000-04:00
Nolan Schanuel,LAA,IF,Hits,2.5,demon,pre_game,2026-08-08T16:10:00.000-04:00
Griffin Conine,MIA,OF,Hitter Strikeouts,2.5,demon,pre_game,2026-08-08T16:10:00.000-04:00
Josh Lowe,LAA,OF,Hitter Strikeouts,2.5,demon,pre_game,2026-08-08T16:10:00.000-04:00
Mike Trout,LAA,OF,Hitter Strikeouts,2.5,demon,pre_game,2026-08-08T16:10:00.000-04:00
Kyle Stowers,MIA,IF,RBIs,2.5,demon,pre_game,2026-08-08T16:10:00.000-04:00
Vaughn Grissom,LAA,IF,Hits,2.5,demon,pre_game,2026-08-08T16:10:00.000-04:00
Wade Meckler,LAA,OF,Hits,2.5,demon,pre_game,2026-08-08T16:10:00.000-04:00
Otto Lopez,MIA,IF,Hits,2.5,demon,pre_game,2026-08-08T16:10:00.000-04:00
Mike Trout,LAA,OF,Hits,2.5,demon,pre_game,2026-08-08T16:10:00.000-04:00
Walbert Ureña,LAA,P,Walks Allowed,2.5,demon,pre_game,2026-08-08T16:10:00.000-04:00
Xavier Edwards,MIA,IF,Hits,2.5,demon,pre_game,2026-08-08T16:10:00.000-04:00
Zach Neto,LAA,IF,Hitter Strikeouts,2.5,demon,pre_game,2026-08-08T16:10:00.000-04:00
Heriberto Hernández,MIA,OF,RBIs,2.5,demon,pre_game,2026-08-08T16:10:00.000-04:00
Kyle Stowers,MIA,IF,Hits,2.5,demon,pre_game,2026-08-08T16:10:00.000-04:00
Walbert Ureña,LAA,P,Earned Runs Allowed,2.5,demon,pre_game,2026-08-08T16:10:00.000-04:00
Sandy Alcantara,MIA,P,Earned Runs Allowed,2.5,demon,pre_game,2026-08-08T16:10:00.000-04:00
Sandy Alcantara,MIA,P,Walks Allowed,2.5,demon,pre_game,2026-08-08T16:10:00.000-04:00
Griffin Conine,MIA,OF,RBIs,2.5,demon,pre_game,2026-08-08T16:10:00.000-04:00
Mike Trout,LAA,OF,RBIs,2.5,demon,pre_game,2026-08-08T16:10:00.000-04:00
Javier Sanoja,MIA,IF,Hits,2.5,demon,pre_game,2026-08-08T16:10:00.000-04:00
Zach Neto,LAA,IF,RBIs,2.5,demon,pre_game,2026-08-08T16:10:00.000-04:00
Nolan Schanuel,LAA,IF,Hits+Runs+RBIs,2.5,demon,pre_game,2026-08-08T16:10:00.000-04:00
Mike Trout,LAA,OF,Hits+Runs+RBIs,2.5,demon,pre_game,2026-08-08T16:10:00.000-04:00
Vaughn Grissom,LAA,IF,Hits+Runs+RBIs,2.5,demon,pre_game,2026-08-08T16:10:00.000-04:00
Kyle Stowers,MIA,IF,Hits+Runs+RBIs,2.5,demon,pre_game,2026-08-08T16:10:00.000-04:00
Wade Meckler,LAA,OF,Hits+Runs+RBIs,2.5,demon,pre_game,2026-08-08T16:10:00.000-04:00
Walbert Ureña,LAA,P,Hits Allowed,2.5,goblin,pre_game,2026-08-08T16:10:00.000-04:00
Moisés Ballesteros,LAA,C,Hits+Runs+RBIs,2.5,demon,pre_game,2026-08-08T16:10:00.000-04:00
Zach Neto,LAA,IF,Hits+Runs+RBIs,2.5,demon,pre_game,2026-08-08T16:10:00.000-04:00
Josh Lowe,LAA,OF,Hits+Runs+RBIs,2.5,demon,pre_game,2026-08-08T16:10:00.000-04:00
Xavier Edwards,MIA,IF,Hits+Runs+RBIs,2.5,demon,pre_game,2026-08-08T16:10:00.000-04:00
Javier Sanoja,MIA,IF,Hits+Runs+RBIs,2.5,demon,pre_game,2026-08-08T16:10:00.000-04:00
Griffin Conine,MIA,OF,Hits+Runs+RBIs,2.5,demon,pre_game,2026-08-08T16:10:00.000-04:00
Heriberto Hernández,MIA,OF,Hits+Runs+RBIs,2.5,demon,pre_game,2026-08-08T16:10:00.000-04:00
Jakob Marsee,MIA,OF,Hits+Runs+RBIs,2.5,demon,pre_game,2026-08-08T16:10:00.000-04:00
Otto Lopez,MIA,IF,Hits+Runs+RBIs,2.5,demon,pre_game,2026-08-08T16:10:00.000-04:00
Owen Caissie,MIA,OF,Hits+Runs+RBIs,2.5,demon,pre_game,2026-08-08T16:10:00.000-04:00
Joe Mack,MIA,C,Hits+Runs+RBIs,2.5,demon,pre_game,2026-08-08T16:10:00.000-04:00
Otto Lopez,MIA,IF,RBIs,2.5,demon,pre_game,2026-08-08T16:10:00.000-04:00
Tyler Heineman,LAA,C,Hits+Runs+RBIs,2.5,demon,pre_game,2026-08-08T16:10:00.000-04:00
Tyler Heineman,LAA,C,Total Bases,2.5,demon,pre_game,2026-08-08T16:10:00.000-04:00
Jakob Marsee,MIA,OF,Hits,2.5,demon,pre_game,2026-08-08T16:10:00.000-04:00
Denzer Guzman,LAA,IF,Hits+Runs+RBIs,2.5,demon,pre_game,2026-08-08T16:10:00.000-04:00
Denzer Guzman,LAA,IF,Total Bases,2.5,demon,pre_game,2026-08-08T16:10:00.000-04:00
Denzer Guzman,LAA,IF,Hitter Strikeouts,2.5,demon,pre_game,2026-08-08T16:10:00.000-04:00
Otto Lopez,MIA,IF,Runs,1.5,demon,pre_game,2026-08-08T16:10:00.000-04:00
Griffin Conine,MIA,OF,Runs,1.5,demon,pre_game,2026-08-08T16:10:00.000-04:00
Mike Trout,LAA,OF,Runs,1.5,demon,pre_game,2026-08-08T16:10:00.000-04:00
Xavier Edwards,MIA,IF,Runs,1.5,demon,pre_game,2026-08-08T16:10:00.000-04:00
Zach Neto,LAA,IF,Runs,1.5,demon,pre_game,2026-08-08T16:10:00.000-04:00
Zach Neto,LAA,IF,Total Bases,1.5,demon,pre_game,2026-08-08T16:10:00.000-04:00
Javier Sanoja,MIA,IF,Total Bases,1.5,demon,pre_game,2026-08-08T16:10:00.000-04:00
Javier Sanoja,MIA,IF,Runs,1.5,demon,pre_game,2026-08-08T16:10:00.000-04:00
Moisés Ballesteros,LAA,C,Hits+Runs+RBIs,1.5,demon,pre_game,2026-08-08T16:10:00.000-04:00
Zach Neto,LAA,IF,Hits,1.5,demon,pre_game,2026-08-08T16:10:00.000-04:00
Kyle Stowers,MIA,IF,Runs,1.5,demon,pre_game,2026-08-08T16:10:00.000-04:00
Joe Mack,MIA,C,Hits,1.5,demon,pre_game,2026-08-08T16:10:00.000-04:00
Heriberto Hernández,MIA,OF,Hits,1.5,demon,pre_game,2026-08-08T16:10:00.000-04:00
Owen Caissie,MIA,OF,Total Bases,1.5,demon,pre_game,2026-08-08T16:10:00.000-04:00
Griffin Conine,MIA,OF,Total Bases,1.5,demon,pre_game,2026-08-08T16:10:00.000-04:00
Josh Lowe,LAA,OF,Hits,1.5,demon,pre_game,2026-08-08T16:10:00.000-04:00
Jakob Marsee,MIA,OF,Total Bases,1.5,demon,pre_game,2026-08-08T16:10:00.000-04:00
Wade Meckler,LAA,OF,Hits,1.5,demon,pre_game,2026-08-08T16:10:00.000-04:00
Wade Meckler,LAA,OF,Runs,1.5,demon,pre_game,2026-08-08T16:10:00.000-04:00
Heriberto Hernández,MIA,OF,Runs,1.5,demon,pre_game,2026-08-08T16:10:00.000-04:00
Nolan Schanuel,LAA,IF,Runs,1.5,demon,pre_game,2026-08-08T16:10:00.000-04:00
Josh Lowe,LAA,OF,Total Bases,1.5,demon,pre_game,2026-08-08T16:10:00.000-04:00
Nolan Schanuel,LAA,IF,Hits,1.5,demon,pre_game,2026-08-08T16:10:00.000-04:00
Vaughn Grissom,LAA,IF,Hits,1.5,demon,pre_game,2026-08-08T16:10:00.000-04:00
Otto Lopez,MIA,IF,Hits,1.5,demon,pre_game,2026-08-08T16:10:00.000-04:00
Owen Caissie,MIA,OF,Hits,1.5,demon,pre_game,2026-08-08T16:10:00.000-04:00
Javier Sanoja,MIA,IF,Hits,1.5,demon,pre_game,2026-08-08T16:10:00.000-04:00
Wade Meckler,LAA,OF,RBIs,1.5,demon,pre_game,2026-08-08T16:10:00.000-04:00
Heriberto Hernández,MIA,OF,Total Bases,1.5,demon,pre_game,2026-08-08T16:10:00.000-04:00
Vaughn Grissom,LAA,IF,Total Bases,1.5,demon,pre_game,2026-08-08T16:10:00.000-04:00
Mike Trout,LAA,OF,Total Bases,1.5,demon,pre_game,2026-08-08T16:10:00.000-04:00
Josh Lowe,LAA,OF,RBIs,1.5,demon,pre_game,2026-08-08T16:10:00.000-04:00
Joe Mack,MIA,C,Total Bases,1.5,demon,pre_game,2026-08-08T16:10:00.000-04:00
Vaughn Grissom,LAA,IF,Runs,1.5,demon,pre_game,2026-08-08T16:10:00.000-04:00
Javier Sanoja,MIA,IF,RBIs,1.5,demon,pre_game,2026-08-08T16:10:00.000-04:00
Owen Caissie,MIA,OF,Hits+Runs+RBIs,1.5,demon,pre_game,2026-08-08T16:10:00.000-04:00
Nolan Schanuel,LAA,IF,RBIs,1.5,demon,pre_game,2026-08-08T16:10:00.000-04:00
Mike Trout,LAA,OF,Hits,1.5,demon,pre_game,2026-08-08T16:10:00.000-04:00
Xavier Edwards,MIA,IF,Hits,1.5,demon,pre_game,2026-08-08T16:10:00.000-04:00
Joe Mack,MIA,C,Hits+Runs+RBIs,1.5,demon,pre_game,2026-08-08T16:10:00.000-04:00
Moisés Ballesteros,LAA,C,RBIs,1.5,demon,pre_game,2026-08-08T16:10:00.000-04:00
Xavier Edwards,MIA,IF,Total Bases,1.5,demon,pre_game,2026-08-08T16:10:00.000-04:00
Wade Meckler,LAA,OF,Total Bases,1.5,demon,pre_game,2026-08-08T16:10:00.000-04:00
Kyle Stowers,MIA,IF,Total Bases,1.5,demon,pre_game,2026-08-08T16:10:00.000-04:00
Owen Caissie,MIA,OF,Runs,1.5,demon,pre_game,2026-08-08T16:10:00.000-04:00
Griffin Conine,MIA,OF,Hits,1.5,demon,pre_game,2026-08-08T16:10:00.000-04:00
Josh Lowe,LAA,OF,Hits+Runs+RBIs,1.5,demon,pre_game,2026-08-08T16:10:00.000-04:00
Joe Mack,MIA,C,RBIs,1.5,demon,pre_game,2026-08-08T16:10:00.000-04:00
Kyle Stowers,MIA,IF,Hits,1.5,demon,pre_game,2026-08-08T16:10:00.000-04:00
Joe Mack,MIA,C,Runs,1.5,demon,pre_game,2026-08-08T16:10:00.000-04:00
Xavier Edwards,MIA,IF,RBIs,1.5,demon,pre_game,2026-08-08T16:10:00.000-04:00
Jakob Marsee,MIA,OF,Runs,1.5,demon,pre_game,2026-08-08T16:10:00.000-04:00
Jakob Marsee,MIA,OF,Hits,1.5,demon,pre_game,2026-08-08T16:10:00.000-04:00
Otto Lopez,MIA,IF,Hits+Runs+RBIs,1.5,goblin,pre_game,2026-08-08T16:10:00.000-04:00
Jakob Marsee,MIA,OF,RBIs,1.5,demon,pre_game,2026-08-08T16:10:00.000-04:00
Nolan Schanuel,LAA,IF,Total Bases,1.5,demon,pre_game,2026-08-08T16:10:00.000-04:00
Vaughn Grissom,LAA,IF,RBIs,1.5,demon,pre_game,2026-08-08T16:10:00.000-04:00
Moisés Ballesteros,LAA,C,Total Bases,1.5,demon,pre_game,2026-08-08T16:10:00.000-04:00
Moisés Ballesteros,LAA,C,Hits,1.5,demon,pre_game,2026-08-08T16:10:00.000-04:00
Griffin Conine,MIA,OF,Hits+Runs+RBIs,1.5,demon,pre_game,2026-08-08T16:10:00.000-04:00
Owen Caissie,MIA,OF,RBIs,1.5,demon,pre_game,2026-08-08T16:10:00.000-04:00
Zach Neto,LAA,IF,Hits+Runs+RBIs,1.5,demon,pre_game,2026-08-08T16:10:00.000-04:00
Vaughn Grissom,LAA,IF,Hitter Strikeouts,1.5,demon,pre_game,2026-08-08T16:10:00.000-04:00
Nolan Schanuel,LAA,IF,Hitter Strikeouts,1.5,demon,pre_game,2026-08-08T16:10:00.000-04:00
Xavier Edwards,MIA,IF,Hitter Strikeouts,1.5,demon,pre_game,2026-08-08T16:10:00.000-04:00
Tyler Heineman,LAA,C,Hitter Strikeouts,1.5,demon,pre_game,2026-08-08T16:10:00.000-04:00
Jakob Marsee,MIA,OF,Hitter Strikeouts,1.5,demon,pre_game,2026-08-08T16:10:00.000-04:00
Otto Lopez,MIA,IF,Hitter Strikeouts,1.5,demon,pre_game,2026-08-08T16:10:00.000-04:00
Wade Meckler,LAA,OF,Hitter Strikeouts,1.5,demon,pre_game,2026-08-08T16:10:00.000-04:00
Tyler Heineman,LAA,C,Hits,1.5,demon,pre_game,2026-08-08T16:10:00.000-04:00
Josh Lowe,LAA,OF,Hitter Strikeouts,1.5,demon,pre_game,2026-08-08T16:10:00.000-04:00
Joe Mack,MIA,C,Hitter Strikeouts,1.5,demon,pre_game,2026-08-08T16:10:00.000-04:00
Javier Sanoja,MIA,IF,Hits+Runs+RBIs,1.5,demon,pre_game,2026-08-08T16:10:00.000-04:00
Nolan Schanuel,LAA,IF,Singles,1.5,demon,pre_game,2026-08-08T16:10:00.000-04:00
Otto Lopez,MIA,IF,Total Bases,1.5,demon,pre_game,2026-08-08T16:10:00.000-04:00
Tyler Heineman,LAA,C,RBIs,1.5,demon,pre_game,2026-08-08T16:10:00.000-04:00
Wade Meckler,LAA,OF,Hits+Runs+RBIs,1.5,standard,pre_game,2026-08-08T16:10:00.000-04:00
Moisés Ballesteros,LAA,C,Hitter Strikeouts,1.5,demon,pre_game,2026-08-08T16:10:00.000-04:00
Xavier Edwards,MIA,IF,Singles,1.5,demon,pre_game,2026-08-08T16:10:00.000-04:00
Javier Sanoja,MIA,IF,Singles,1.5,demon,pre_game,2026-08-08T16:10:00.000-04:00
Otto Lopez,MIA,IF,Singles,1.5,demon,pre_game,2026-08-08T16:10:00.000-04:00
Nolan Schanuel,LAA,IF,Hits+Runs+RBIs,1.5,demon,pre_game,2026-08-08T16:10:00.000-04:00
Kyle Stowers,MIA,IF,Hits+Runs+RBIs,1.5,standard,pre_game,2026-08-08T16:10:00.000-04:00
Vaughn Grissom,LAA,IF,Singles,1.5,demon,pre_game,2026-08-08T16:10:00.000-04:00
Xavier Edwards,MIA,IF,Hits+Runs+RBIs,1.5,standard,pre_game,2026-08-08T16:10:00.000-04:00
Heriberto Hernández,MIA,OF,Hits+Runs+RBIs,1.5,demon,pre_game,2026-08-08T16:10:00.000-04:00
Wade Meckler,LAA,OF,Singles,1.5,demon,pre_game,2026-08-08T16:10:00.000-04:00
Walbert Ureña,LAA,P,Earned Runs Allowed,1.5,goblin,pre_game,2026-08-08T16:10:00.000-04:00
Sandy Alcantara,MIA,P,Earned Runs Allowed,1.5,goblin,pre_game,2026-08-08T16:10:00.000-04:00
Zach Neto,LAA,IF,Hitter Strikeouts,1.5,demon,pre_game,2026-08-08T16:10:00.000-04:00
Mike Trout,LAA,OF,Hitter Strikeouts,1.5,demon,pre_game,2026-08-08T16:10:00.000-04:00
Kyle Stowers,MIA,IF,Hitter Strikeouts,1.5,demon,pre_game,2026-08-08T16:10:00.000-04:00
Griffin Conine,MIA,OF,Hitter Strikeouts,1.5,demon,pre_game,2026-08-08T16:10:00.000-04:00
Heriberto Hernández,MIA,OF,Hitter Strikeouts,1.5,demon,pre_game,2026-08-08T16:10:00.000-04:00
Owen Caissie,MIA,OF,Hitter Strikeouts,1.5,demon,pre_game,2026-08-08T16:10:00.000-04:00
Javier Sanoja,MIA,IF,Hitter Strikeouts,1.5,demon,pre_game,2026-08-08T16:10:00.000-04:00
Tyler Heineman,LAA,C,Hits+Runs+RBIs,1.5,demon,pre_game,2026-08-08T16:10:00.000-04:00
Tyler Heineman,LAA,C,Total Bases,1.5,demon,pre_game,2026-08-08T16:10:00.000-04:00
Walbert Ureña,LAA,P,Walks Allowed,1.5,goblin,pre_game,2026-08-08T16:10:00.000-04:00
Vaughn Grissom,LAA,IF,Hits+Runs+RBIs,1.5,demon,pre_game,2026-08-08T16:10:00.000-04:00
Tyler Heineman,LAA,C,Runs,1.5,demon,pre_game,2026-08-08T16:10:00.000-04:00
Sandy Alcantara,MIA,P,Walks Allowed,1.5,standard,pre_game,2026-08-08T16:10:00.000-04:00
Mike Trout,LAA,OF,Hits+Runs+RBIs,1.5,demon,pre_game,2026-08-08T16:10:00.000-04:00
Denzer Guzman,LAA,IF,Hits,1.5,demon,pre_game,2026-08-08T16:10:00.000-04:00
Denzer Guzman,LAA,IF,Hits+Runs+RBIs,1.5,demon,pre_game,2026-08-08T16:10:00.000-04:00
Denzer Guzman,LAA,IF,Hitter Strikeouts,1.5,demon,pre_game,2026-08-08T16:10:00.000-04:00
Denzer Guzman,LAA,IF,RBIs,1.5,demon,pre_game,2026-08-08T16:10:00.000-04:00
Denzer Guzman,LAA,IF,Total Bases,1.5,demon,pre_game,2026-08-08T16:10:00.000-04:00
Jakob Marsee,MIA,OF,Hits+Runs+RBIs,1.5,standard,pre_game,2026-08-08T16:10:00.000-04:00
Walbert Ureña + Sandy Alcantara,LAA/MIA,P,1st Inning Walks Allowed,0.5,standard,pre_game,2026-08-08T16:10:00.000-04:00
Javier Sanoja,MIA,IF,Stolen Bases,0.5,demon,pre_game,2026-08-08T16:10:00.000-04:00
Josh Lowe,LAA,OF,Stolen Bases,0.5,demon,pre_game,2026-08-08T16:10:00.000-04:00
Xavier Edwards,MIA,IF,Stolen Bases,0.5,demon,pre_game,2026-08-08T16:10:00.000-04:00
Nolan Schanuel,LAA,IF,Stolen Bases,0.5,demon,pre_game,2026-08-08T16:10:00.000-04:00
Vaughn Grissom,LAA,IF,Stolen Bases,0.5,demon,pre_game,2026-08-08T16:10:00.000-04:00
Wade Meckler,LAA,OF,Stolen Bases,0.5,demon,pre_game,2026-08-08T16:10:00.000-04:00
Griffin Conine,MIA,OF,Stolen Bases,0.5,demon,pre_game,2026-08-08T16:10:00.000-04:00
Moisés Ballesteros,LAA,C,Runs,0.5,demon,pre_game,2026-08-08T16:10:00.000-04:00
Moisés Ballesteros,LAA,C,Singles,0.5,demon,pre_game,2026-08-08T16:10:00.000-04:00
Otto Lopez,MIA,IF,Stolen Bases,0.5,demon,pre_game,2026-08-08T16:10:00.000-04:00
Javier Sanoja,MIA,IF,Doubles,0.5,demon,pre_game,2026-08-08T16:10:00.000-04:00
Nolan Schanuel,LAA,IF,Singles,0.5,goblin,pre_game,2026-08-08T16:10:00.000-04:00
Vaughn Grissom,LAA,IF,Runs,0.5,demon,pre_game,2026-08-08T16:10:00.000-04:00
Owen Caissie,MIA,OF,Runs,0.5,demon,pre_game,2026-08-08T16:10:00.000-04:00
Kyle Stowers,MIA,IF,Doubles,0.5,demon,pre_game,2026-08-08T16:10:00.000-04:00
Mike Trout,LAA,OF,Doubles,0.5,demon,pre_game,2026-08-08T16:10:00.000-04:00
Griffin Conine,MIA,OF,Doubles,0.5,demon,pre_game,2026-08-08T16:10:00.000-04:00
Otto Lopez,MIA,IF,Doubles,0.5,demon,pre_game,2026-08-08T16:10:00.000-04:00
Otto Lopez,MIA,IF,Home Runs,0.5,demon,pre_game,2026-08-08T16:10:00.000-04:00
Zach Neto,LAA,IF,Runs,0.5,demon,pre_game,2026-08-08T16:10:00.000-04:00
Nolan Schanuel,LAA,IF,Runs,0.5,demon,pre_game,2026-08-08T16:10:00.000-04:00
Heriberto Hernández,MIA,OF,Singles,0.5,demon,pre_game,2026-08-08T16:10:00.000-04:00
Owen Caissie,MIA,OF,Stolen Bases,0.5,demon,pre_game,2026-08-08T16:10:00.000-04:00
Xavier Edwards,MIA,IF,Singles,0.5,goblin,pre_game,2026-08-08T16:10:00.000-04:00
Owen Caissie,MIA,OF,Singles,0.5,demon,pre_game,2026-08-08T16:10:00.000-04:00
Kyle Stowers,MIA,IF,Stolen Bases,0.5,demon,pre_game,2026-08-08T16:10:00.000-04:00
Heriberto Hernández,MIA,OF,Stolen Bases,0.5,demon,pre_game,2026-08-08T16:10:00.000-04:00
Zach Neto,LAA,IF,Stolen Bases,0.5,demon,pre_game,2026-08-08T16:10:00.000-04:00
Joe Mack,MIA,C,RBIs,0.5,demon,pre_game,2026-08-08T16:10:00.000-04:00
Zach Neto,LAA,IF,Hits,0.5,goblin,pre_game,2026-08-08T16:10:00.000-04:00
Joe Mack,MIA,C,Runs,0.5,demon,pre_game,2026-08-08T16:10:00.000-04:00
Owen Caissie,MIA,OF,Doubles,0.5,demon,pre_game,2026-08-08T16:10:00.000-04:00
Josh Lowe,LAA,OF,Singles,0.5,demon,pre_game,2026-08-08T16:10:00.000-04:00
Mike Trout,LAA,OF,Stolen Bases,0.5,demon,pre_game,2026-08-08T16:10:00.000-04:00
Mike Trout,LAA,OF,Singles,0.5,demon,pre_game,2026-08-08T16:10:00.000-04:00
Moisés Ballesteros,LAA,C,Doubles,0.5,demon,pre_game,2026-08-08T16:10:00.000-04:00
Kyle Stowers,MIA,IF,Home Runs,0.5,demon,pre_game,2026-08-08T16:10:00.000-04:00
Vaughn Grissom,LAA,IF,Hits,0.5,goblin,pre_game,2026-08-08T16:10:00.000-04:00
Kyle Stowers,MIA,IF,Singles,0.5,demon,pre_game,2026-08-08T16:10:00.000-04:00
Nolan Schanuel,LAA,IF,Hits,0.5,goblin,pre_game,2026-08-08T16:10:00.000-04:00
Josh Lowe,LAA,OF,Runs,0.5,demon,pre_game,2026-08-08T16:10:00.000-04:00
Heriberto Hernández,MIA,OF,Hits,0.5,goblin,pre_game,2026-08-08T16:10:00.000-04:00
Griffin Conine,MIA,OF,Singles,0.5,demon,pre_game,2026-08-08T16:10:00.000-04:00
Javier Sanoja,MIA,IF,Home Runs,0.5,demon,pre_game,2026-08-08T16:10:00.000-04:00
Javier Sanoja,MIA,IF,RBIs,0.5,demon,pre_game,2026-08-08T16:10:00.000-04:00
Joe Mack,MIA,C,Home Runs,0.5,demon,pre_game,2026-08-08T16:10:00.000-04:00
Heriberto Hernández,MIA,OF,Home Runs,0.5,demon,pre_game,2026-08-08T16:10:00.000-04:00
Jakob Marsee,MIA,OF,Home Runs,0.5,demon,pre_game,2026-08-08T16:10:00.000-04:00
Josh Lowe,LAA,OF,Home Runs,0.5,demon,pre_game,2026-08-08T16:10:00.000-04:00
Owen Caissie,MIA,OF,Home Runs,0.5,demon,pre_game,2026-08-08T16:10:00.000-04:00
Jakob Marsee,MIA,OF,Singles,0.5,demon,pre_game,2026-08-08T16:10:00.000-04:00
Josh Lowe,LAA,OF,RBIs,0.5,demon,pre_game,2026-08-08T16:10:00.000-04:00
Wade Meckler,LAA,OF,Hits,0.5,goblin,pre_game,2026-08-08T16:10:00.000-04:00
Heriberto Hernández,MIA,OF,RBIs,0.5,demon,pre_game,2026-08-08T16:10:00.000-04:00
Vaughn Grissom,LAA,IF,Doubles,0.5,demon,pre_game,2026-08-08T16:10:00.000-04:00
Zach Neto,LAA,IF,Doubles,0.5,demon,pre_game,2026-08-08T16:10:00.000-04:00
Nolan Schanuel,LAA,IF,Home Runs,0.5,demon,pre_game,2026-08-08T16:10:00.000-04:00
Wade Meckler,LAA,OF,Home Runs,0.5,demon,pre_game,2026-08-08T16:10:00.000-04:00
Wade Meckler,LAA,OF,Singles,0.5,goblin,pre_game,2026-08-08T16:10:00.000-04:00
Wade Meckler,LAA,OF,Runs,0.5,demon,pre_game,2026-08-08T16:10:00.000-04:00
Kyle Stowers,MIA,IF,RBIs,0.5,demon,pre_game,2026-08-08T16:10:00.000-04:00
Joe Mack,MIA,C,Doubles,0.5,demon,pre_game,2026-08-08T16:10:00.000-04:00
Joe Mack,MIA,C,Singles,0.5,demon,pre_game,2026-08-08T16:10:00.000-04:00
Heriberto Hernández,MIA,OF,Runs,0.5,demon,pre_game,2026-08-08T16:10:00.000-04:00
Otto Lopez,MIA,IF,Hits,0.5,goblin,pre_game,2026-08-08T16:10:00.000-04:00
Josh Lowe,LAA,OF,Doubles,0.5,demon,pre_game,2026-08-08T16:10:00.000-04:00
Heriberto Hernández,MIA,OF,Hits+Runs+RBIs,0.5,goblin,pre_game,2026-08-08T16:10:00.000-04:00
Javier Sanoja,MIA,IF,Hits,0.5,goblin,pre_game,2026-08-08T16:10:00.000-04:00
Xavier Edwards,MIA,IF,Hits+Runs+RBIs,0.5,goblin,pre_game,2026-08-08T16:10:00.000-04:00
Griffin Conine,MIA,OF,Home Runs,0.5,demon,pre_game,2026-08-08T16:10:00.000-04:00
Griffin Conine,MIA,OF,Runs,0.5,demon,pre_game,2026-08-08T16:10:00.000-04:00
Wade Meckler,LAA,OF,RBIs,0.5,demon,pre_game,2026-08-08T16:10:00.000-04:00
Otto Lopez,MIA,IF,Singles,0.5,goblin,pre_game,2026-08-08T16:10:00.000-04:00
Owen Caissie,MIA,OF,Hits+Runs+RBIs,0.5,goblin,pre_game,2026-08-08T16:10:00.000-04:00
Zach Neto,LAA,IF,Hits+Runs+RBIs,0.5,goblin,pre_game,2026-08-08T16:10:00.000-04:00
Nolan Schanuel,LAA,IF,RBIs,0.5,demon,pre_game,2026-08-08T16:10:00.000-04:00
Nolan Schanuel,LAA,IF,Hits+Runs+RBIs,0.5,goblin,pre_game,2026-08-08T16:10:00.000-04:00
Mike Trout,LAA,OF,Hits,0.5,goblin,pre_game,2026-08-08T16:10:00.000-04:00
Nolan Schanuel,LAA,IF,Doubles,0.5,demon,pre_game,2026-08-08T16:10:00.000-04:00
Mike Trout,LAA,OF,RBIs,0.5,demon,pre_game,2026-08-08T16:10:00.000-04:00
Moisés Ballesteros,LAA,C,Hits+Runs+RBIs,0.5,goblin,pre_game,2026-08-08T16:10:00.000-04:00
Moisés Ballesteros,LAA,C,RBIs,0.5,demon,pre_game,2026-08-08T16:10:00.000-04:00
Mike Trout,LAA,OF,Home Runs,0.5,demon,pre_game,2026-08-08T16:10:00.000-04:00
Xavier Edwards,MIA,IF,Hits,0.5,goblin,pre_game,2026-08-08T16:10:00.000-04:00
Joe Mack,MIA,C,Hits+Runs+RBIs,0.5,goblin,pre_game,2026-08-08T16:10:00.000-04:00
Otto Lopez,MIA,IF,Runs,0.5,demon,pre_game,2026-08-08T16:10:00.000-04:00
Zach Neto,LAA,IF,Home Runs,0.5,demon,pre_game,2026-08-08T16:10:00.000-04:00
Vaughn Grissom,LAA,IF,Home Runs,0.5,demon,pre_game,2026-08-08T16:10:00.000-04:00
Griffin Conine,MIA,OF,Hits,0.5,goblin,pre_game,2026-08-08T16:10:00.000-04:00
Josh Lowe,LAA,OF,Hits+Runs+RBIs,0.5,goblin,pre_game,2026-08-08T16:10:00.000-04:00
Xavier Edwards,MIA,IF,Home Runs,0.5,demon,pre_game,2026-08-08T16:10:00.000-04:00
Wade Meckler,LAA,OF,Doubles,0.5,demon,pre_game,2026-08-08T16:10:00.000-04:00
Wade Meckler,LAA,OF,Hits+Runs+RBIs,0.5,goblin,pre_game,2026-08-08T16:10:00.000-04:00
Kyle Stowers,MIA,IF,Hits,0.5,goblin,pre_game,2026-08-08T16:10:00.000-04:00
Xavier Edwards,MIA,IF,Doubles,0.5,demon,pre_game,2026-08-08T16:10:00.000-04:00
Xavier Edwards,MIA,IF,RBIs,0.5,demon,pre_game,2026-08-08T16:10:00.000-04:00
Zach Neto,LAA,IF,RBIs,0.5,demon,pre_game,2026-08-08T16:10:00.000-04:00
Moisés Ballesteros,LAA,C,Home Runs,0.5,demon,pre_game,2026-08-08T16:10:00.000-04:00
Heriberto Hernández,MIA,OF,Doubles,0.5,demon,pre_game,2026-08-08T16:10:00.000-04:00
Javier Sanoja,MIA,IF,Runs,0.5,demon,pre_game,2026-08-08T16:10:00.000-04:00
Jakob Marsee,MIA,OF,Runs,0.5,demon,pre_game,2026-08-08T16:10:00.000-04:00
Otto Lopez,MIA,IF,Hits+Runs+RBIs,0.5,goblin,pre_game,2026-08-08T16:10:00.000-04:00
Jakob Marsee,MIA,OF,Hits+Runs+RBIs,0.5,goblin,pre_game,2026-08-08T16:10:00.000-04:00
Jakob Marsee,MIA,OF,Stolen Bases,0.5,demon,pre_game,2026-08-08T16:10:00.000-04:00
Jakob Marsee,MIA,OF,RBIs,0.5,demon,pre_game,2026-08-08T16:10:00.000-04:00
Jakob Marsee,MIA,OF,Doubles,0.5,demon,pre_game,2026-08-08T16:10:00.000-04:00
Vaughn Grissom,LAA,IF,RBIs,0.5,demon,pre_game,2026-08-08T16:10:00.000-04:00
Javier Sanoja,MIA,IF,Hits+Runs+RBIs,0.5,goblin,pre_game,2026-08-08T16:10:00.000-04:00
Griffin Conine,MIA,OF,RBIs,0.5,demon,pre_game,2026-08-08T16:10:00.000-04:00
Otto Lopez,MIA,IF,RBIs,0.5,demon,pre_game,2026-08-08T16:10:00.000-04:00
Moisés Ballesteros,LAA,C,Hits,0.5,goblin,pre_game,2026-08-08T16:10:00.000-04:00
Kyle Stowers,MIA,IF,Hits+Runs+RBIs,0.5,goblin,pre_game,2026-08-08T16:10:00.000-04:00
Griffin Conine,MIA,OF,Hits+Runs+RBIs,0.5,goblin,pre_game,2026-08-08T16:10:00.000-04:00
Vaughn Grissom,LAA,IF,Hits+Runs+RBIs,0.5,goblin,pre_game,2026-08-08T16:10:00.000-04:00
Mike Trout,LAA,OF,Hits+Runs+RBIs,0.5,goblin,pre_game,2026-08-08T16:10:00.000-04:00
Owen Caissie,MIA,OF,RBIs,0.5,demon,pre_game,2026-08-08T16:10:00.000-04:00
Zach Neto,LAA,IF,Singles,0.5,demon,pre_game,2026-08-08T16:10:00.000-04:00
Jakob Marsee,MIA,OF,Hits,0.5,goblin,pre_game,2026-08-08T16:10:00.000-04:00
Tyler Heineman,LAA,C,Home Runs,0.5,demon,pre_game,2026-08-08T16:10:00.000-04:00
Mike Trout,LAA,OF,Hitter Strikeouts,0.5,goblin,pre_game,2026-08-08T16:10:00.000-04:00
Jakob Marsee,MIA,OF,Triples,0.5,demon,pre_game,2026-08-08T16:10:00.000-04:00
Otto Lopez,MIA,IF,Triples,0.5,demon,pre_game,2026-08-08T16:10:00.000-04:00
Zach Neto,LAA,IF,Hitter Strikeouts,0.5,goblin,pre_game,2026-08-08T16:10:00.000-04:00
Xavier Edwards,MIA,IF,Walks,0.5,demon,pre_game,2026-08-08T16:10:00.000-04:00
Heriberto Hernández,MIA,OF,Walks,0.5,demon,pre_game,2026-08-08T16:10:00.000-04:00
Javier Sanoja,MIA,IF,Total Bases,0.5,goblin,pre_game,2026-08-08T16:10:00.000-04:00
Nolan Schanuel,LAA,IF,Walks,0.5,demon,pre_game,2026-08-08T16:10:00.000-04:00
Griffin Conine,MIA,OF,Hitter Strikeouts,0.5,goblin,pre_game,2026-08-08T16:10:00.000-04:00
Wade Meckler,LAA,OF,Walks,0.5,demon,pre_game,2026-08-08T16:10:00.000-04:00
Heriberto Hernández,MIA,OF,Hitter Strikeouts,0.5,goblin,pre_game,2026-08-08T16:10:00.000-04:00
Zach Neto,LAA,IF,Walks,0.5,demon,pre_game,2026-08-08T16:10:00.000-04:00
Kyle Stowers,MIA,IF,Hitter Strikeouts,0.5,goblin,pre_game,2026-08-08T16:10:00.000-04:00
Owen Caissie,MIA,OF,Hitter Strikeouts,0.5,goblin,pre_game,2026-08-08T16:10:00.000-04:00
Josh Lowe,LAA,OF,Walks,0.5,demon,pre_game,2026-08-08T16:10:00.000-04:00
Xavier Edwards,MIA,IF,Total Bases,0.5,goblin,pre_game,2026-08-08T16:10:00.000-04:00
Tyler Heineman,LAA,C,Stolen Bases,0.5,demon,pre_game,2026-08-08T16:10:00.000-04:00
Xavier Edwards,MIA,IF,Runs,0.5,demon,pre_game,2026-08-08T16:10:00.000-04:00
Jakob Marsee,MIA,OF,Total Bases,0.5,goblin,pre_game,2026-08-08T16:10:00.000-04:00
Otto Lopez,MIA,IF,Walks,0.5,demon,pre_game,2026-08-08T16:10:00.000-04:00
Owen Caissie,MIA,OF,Walks,0.5,demon,pre_game,2026-08-08T16:10:00.000-04:00
Moisés Ballesteros,LAA,C,Walks,0.5,demon,pre_game,2026-08-08T16:10:00.000-04:00
Owen Caissie,MIA,OF,Total Bases,0.5,standard,pre_game,2026-08-08T16:10:00.000-04:00
Joe Mack,MIA,C,Walks,0.5,demon,pre_game,2026-08-08T16:10:00.000-04:00
Tyler Heineman,LAA,C,Runs,0.5,demon,pre_game,2026-08-08T16:10:00.000-04:00
Vaughn Grissom,LAA,IF,Total Bases,0.5,goblin,pre_game,2026-08-08T16:10:00.000-04:00
Griffin Conine,MIA,OF,Total Bases,0.5,goblin,pre_game,2026-08-08T16:10:00.000-04:00
Tyler Heineman,LAA,C,Doubles,0.5,demon,pre_game,2026-08-08T16:10:00.000-04:00
Jakob Marsee,MIA,OF,Walks,0.5,demon,pre_game,2026-08-08T16:10:00.000-04:00
Owen Caissie,MIA,OF,Hits,0.5,standard,pre_game,2026-08-08T16:10:00.000-04:00
Nolan Schanuel,LAA,IF,Total Bases,0.5,goblin,pre_game,2026-08-08T16:10:00.000-04:00
Mike Trout,LAA,OF,Total Bases,0.5,goblin,pre_game,2026-08-08T16:10:00.000-04:00
Mike Trout,LAA,OF,Walks,0.5,demon,pre_game,2026-08-08T16:10:00.000-04:00
Tyler Heineman,LAA,C,RBIs,0.5,demon,pre_game,2026-08-08T16:10:00.000-04:00
Heriberto Hernández,MIA,OF,Total Bases,0.5,goblin,pre_game,2026-08-08T16:10:00.000-04:00
Otto Lopez,MIA,IF,Total Bases,0.5,goblin,pre_game,2026-08-08T16:10:00.000-04:00
Griffin Conine,MIA,OF,Walks,0.5,demon,pre_game,2026-08-08T16:10:00.000-04:00
Kyle Stowers,MIA,IF,Total Bases,0.5,goblin,pre_game,2026-08-08T16:10:00.000-04:00
Tyler Heineman,LAA,C,Hits,0.5,standard,pre_game,2026-08-08T16:10:00.000-04:00
Kyle Stowers,MIA,IF,Walks,0.5,demon,pre_game,2026-08-08T16:10:00.000-04:00
Javier Sanoja,MIA,IF,Singles,0.5,standard,pre_game,2026-08-08T16:10:00.000-04:00
Tyler Heineman,LAA,C,Total Bases,0.5,standard,pre_game,2026-08-08T16:10:00.000-04:00
Vaughn Grissom,LAA,IF,Singles,0.5,standard,pre_game,2026-08-08T16:10:00.000-04:00
Walbert Ureña,LAA,P,Earned Runs Allowed,0.5,goblin,pre_game,2026-08-08T16:10:00.000-04:00
Moisés Ballesteros,LAA,C,Total Bases,0.5,goblin,pre_game,2026-08-08T16:10:00.000-04:00
Sandy Alcantara,MIA,P,Earned Runs Allowed,0.5,goblin,pre_game,2026-08-08T16:10:00.000-04:00
Tyler Heineman,LAA,C,Singles,0.5,demon,pre_game,2026-08-08T16:10:00.000-04:00
Tyler Heineman,LAA,C,Hits+Runs+RBIs,0.5,goblin,pre_game,2026-08-08T16:10:00.000-04:00
Mike Trout,LAA,OF,Runs,0.5,demon,pre_game,2026-08-08T16:10:00.000-04:00
Wade Meckler,LAA,OF,Total Bases,0.5,goblin,pre_game,2026-08-08T16:10:00.000-04:00
Sandy Alcantara,MIA,P,Walks Allowed,0.5,goblin,pre_game,2026-08-08T16:10:00.000-04:00
Zach Neto,LAA,IF,Total Bases,0.5,goblin,pre_game,2026-08-08T16:10:00.000-04:00
Joe Mack,MIA,C,Total Bases,0.5,standard,pre_game,2026-08-08T16:10:00.000-04:00
Joe Mack,MIA,C,Hits,0.5,standard,pre_game,2026-08-08T16:10:00.000-04:00
Denzer Guzman,LAA,IF,Home Runs,0.5,demon,pre_game,2026-08-08T16:10:00.000-04:00
Vaughn Grissom,LAA,IF,Hitter Strikeouts,0.5,goblin,pre_game,2026-08-08T16:10:00.000-04:00
Wade Meckler,LAA,OF,Hitter Strikeouts,0.5,goblin,pre_game,2026-08-08T16:10:00.000-04:00
Josh Lowe,LAA,OF,Hitter Strikeouts,0.5,goblin,pre_game,2026-08-08T16:10:00.000-04:00
Moisés Ballesteros,LAA,C,Hitter Strikeouts,0.5,goblin,pre_game,2026-08-08T16:10:00.000-04:00
Javier Sanoja,MIA,IF,Hitter Strikeouts,0.5,demon,pre_game,2026-08-08T16:10:00.000-04:00
Joe Mack,MIA,C,Hitter Strikeouts,0.5,goblin,pre_game,2026-08-08T16:10:00.000-04:00
Javier Sanoja,MIA,IF,Walks,0.5,demon,pre_game,2026-08-08T16:10:00.000-04:00
Joe Mack,MIA,C,Stolen Bases,0.5,demon,pre_game,2026-08-08T16:10:00.000-04:00
Jakob Marsee,MIA,OF,Hitter Strikeouts,0.5,goblin,pre_game,2026-08-08T16:10:00.000-04:00
Nolan Schanuel,LAA,IF,Hitter Strikeouts,0.5,demon,pre_game,2026-08-08T16:10:00.000-04:00
Kyle Stowers,MIA,IF,Runs,0.5,demon,pre_game,2026-08-08T16:10:00.000-04:00
Denzer Guzman,LAA,IF,RBIs,0.5,demon,pre_game,2026-08-08T16:10:00.000-04:00
Denzer Guzman,LAA,IF,Total Bases,0.5,goblin,pre_game,2026-08-08T16:10:00.000-04:00
Denzer Guzman,LAA,IF,Stolen Bases,0.5,demon,pre_game,2026-08-08T16:10:00.000-04:00
Denzer Guzman,LAA,IF,Hits,0.5,goblin,pre_game,2026-08-08T16:10:00.000-04:00
Denzer Guzman,LAA,IF,Hits+Runs+RBIs,0.5,goblin,pre_game,2026-08-08T16:10:00.000-04:00
Denzer Guzman,LAA,IF,Runs,0.5,demon,pre_game,2026-08-08T16:10:00.000-04:00
Denzer Guzman,LAA,IF,Doubles,0.5,demon,pre_game,2026-08-08T16:10:00.000-04:00
Denzer Guzman,LAA,IF,Singles,0.5,demon,pre_game,2026-08-08T16:10:00.000-04:00
Josh Lowe,LAA,OF,Hits,0.5,standard,pre_game,2026-08-08T16:10:00.000-04:00
Denzer Guzman,LAA,IF,Hitter Strikeouts,0.5,goblin,pre_game,2026-08-08T16:10:00.000-04:00
Tyler Heineman,LAA,C,Walks,0.5,demon,pre_game,2026-08-08T16:10:00.000-04:00
Denzer Guzman,LAA,IF,Walks,0.5,demon,pre_game,2026-08-08T16:10:00.000-04:00
Vaughn Grissom,LAA,IF,Walks,0.5,demon,pre_game,2026-08-08T16:10:00.000-04:00
Josh Lowe,LAA,OF,Total Bases,0.5,standard,pre_game,2026-08-08T16:10:00.000-04:00
Jake Bennett,BOS,P,Pitching Outs,23.5,demon,pre_game,2026-08-08T16:10:00.000-04:00
Jake Bennett,BOS,P,Pitching Outs,20.5,demon,pre_game,2026-08-08T16:10:00.000-04:00
Gage Jump,ATH,P,Pitching Outs,20.5,demon,pre_game,2026-08-08T16:10:00.000-04:00
Jake Bennett,BOS,P,Pitching Outs,17.5,goblin,pre_game,2026-08-08T16:10:00.000-04:00
Gage Jump,ATH,P,Pitching Outs,15.5,demon,pre_game,2026-08-08T16:10:00.000-04:00
Gage Jump,ATH,P,Pitching Outs,14.5,goblin,pre_game,2026-08-08T16:10:00.000-04:00
Jake Bennett,BOS,P,Pitching Outs,14.5,goblin,pre_game,2026-08-08T16:10:00.000-04:00
Gage Jump,ATH,P,Pitching Outs,11.5,goblin,pre_game,2026-08-08T16:10:00.000-04:00
Gage Jump + Jake Bennett,ATH/BOS,P,Pitcher Strikeouts (Combo),11.5,demon,pre_game,2026-08-08T16:10:00.000-04:00
Gage Jump,ATH,P,Hits Allowed,10.5,demon,pre_game,2026-08-08T16:10:00.000-04:00
Gage Jump,ATH,P,Pitcher Strikeouts,9.5,demon,pre_game,2026-08-08T16:10:00.000-04:00
Jake Bennett,BOS,P,Hits Allowed,9.5,demon,pre_game,2026-08-08T16:10:00.000-04:00
Gage Jump,ATH,P,Pitcher Strikeouts,8.5,demon,pre_game,2026-08-08T16:10:00.000-04:00
Jake Bennett,BOS,P,Pitcher Strikeouts,8.5,demon,pre_game,2026-08-08T16:10:00.000-04:00
Gage Jump,ATH,P,Pitcher Strikeouts,7.5,demon,pre_game,2026-08-08T16:10:00.000-04:00
Jake Bennett,BOS,P,Pitcher Strikeouts,7.5,demon,pre_game,2026-08-08T16:10:00.000-04:00
Gage Jump,ATH,P,Earned Runs Allowed,7.5,demon,pre_game,2026-08-08T16:10:00.000-04:00
Willson Contreras,BOS,IF,Hits+Runs+RBIs,7.5,demon,pre_game,2026-08-08T16:10:00.000-04:00
Jake Bennett,BOS,P,Hits Allowed,7.5,demon,pre_game,2026-08-08T16:10:00.000-04:00
Gage Jump,ATH,P,Pitcher Strikeouts,6.5,demon,pre_game,2026-08-08T16:10:00.000-04:00
Jake Bennett,BOS,P,Pitcher Strikeouts,6.5,demon,pre_game,2026-08-08T16:10:00.000-04:00
Gage Jump,ATH,P,Hits Allowed,6.5,demon,pre_game,2026-08-08T16:10:00.000-04:00
Jake Bennett,BOS,P,Hits Allowed,6.5,demon,pre_game,2026-08-08T16:10:00.000-04:00
Willson Contreras,BOS,IF,Total Bases,6.5,demon,pre_game,2026-08-08T16:10:00.000-04:00
Ceddanne Rafaela,BOS,OF,Hits+Runs+RBIs,6.5,demon,pre_game,2026-08-08T16:10:00.000-04:00
Caleb Durbin,BOS,IF,Hits+Runs+RBIs,6.5,demon,pre_game,2026-08-08T16:10:00.000-04:00
Andruw Monasterio,BOS,IF,Hits+Runs+RBIs,6.5,demon,pre_game,2026-08-08T16:10:00.000-04:00
Jake Bennett,BOS,P,Earned Runs Allowed,6.5,demon,pre_game,2026-08-08T16:10:00.000-04:00
Jake Bennett,BOS,P,Pitcher Strikeouts,5.5,demon,pre_game,2026-08-08T16:10:00.000-04:00
Gage Jump,ATH,P,Pitcher Strikeouts,5.5,standard,pre_game,2026-08-08T16:10:00.000-04:00
Caleb Durbin,BOS,IF,Total Bases,5.5,demon,pre_game,2026-08-08T16:10:00.000-04:00
Tyler Soderstrom,ATH,OF,Total Bases,5.5,demon,pre_game,2026-08-08T16:10:00.000-04:00
Jahmai Jones,BOS,DH,Total Bases,5.5,demon,pre_game,2026-08-08T16:10:00.000-04:00
Jake Bennett,BOS,P,Hits Allowed,5.5,standard,pre_game,2026-08-08T16:10:00.000-04:00
Eli White,BOS,OF,Hits+Runs+RBIs,5.5,demon,pre_game,2026-08-08T16:10:00.000-04:00
Ceddanne Rafaela,BOS,OF,Total Bases,5.5,demon,pre_game,2026-08-08T16:10:00.000-04:00
Jonah Heim,ATH,C,Total Bases,5.5,demon,pre_game,2026-08-08T16:10:00.000-04:00
Tyler Soderstrom,ATH,OF,Hits+Runs+RBIs,5.5,demon,pre_game,2026-08-08T16:10:00.000-04:00
Jonah Heim,ATH,C,Hits+Runs+RBIs,5.5,demon,pre_game,2026-08-08T16:10:00.000-04:00
Jahmai Jones,BOS,DH,Hits+Runs+RBIs,5.5,demon,pre_game,2026-08-08T16:10:00.000-04:00
Henry Bolte,ATH,OF,Hits+Runs+RBIs,5.5,demon,pre_game,2026-08-08T16:10:00.000-04:00
Tommy White,ATH,IF,Hits+Runs+RBIs,5.5,demon,pre_game,2026-08-08T16:10:00.000-04:00
Gage Jump,ATH,P,Hits Allowed,5.5,demon,pre_game,2026-08-08T16:10:00.000-04:00
Jacob Wilson,ATH,IF,Hits+Runs+RBIs,5.5,demon,pre_game,2026-08-08T16:10:00.000-04:00
Nick Sogard,BOS,IF,Hits+Runs+RBIs,5.5,demon,pre_game,2026-08-08T16:10:00.000-04:00
Connor Wong,BOS,C,Hits+Runs+RBIs,5.5,demon,pre_game,2026-08-08T16:10:00.000-04:00
Andruw Monasterio,BOS,IF,Total Bases,5.5,demon,pre_game,2026-08-08T16:10:00.000-04:00
Jarren Duran,BOS,OF,Hits+Runs+RBIs,5.5,demon,pre_game,2026-08-08T16:10:00.000-04:00
Jake Bennett,BOS,P,Pitcher Strikeouts,4.5,standard,pre_game,2026-08-08T16:10:00.000-04:00
Gage Jump,ATH,P,Pitcher Strikeouts,4.5,goblin,pre_game,2026-08-08T16:10:00.000-04:00
Henry Bolte,ATH,OF,Total Bases,4.5,demon,pre_game,2026-08-08T16:10:00.000-04:00
Tommy White,ATH,IF,Total Bases,4.5,demon,pre_game,2026-08-08T16:10:00.000-04:00
Willson Contreras,BOS,IF,Total Bases,4.5,demon,pre_game,2026-08-08T16:10:00.000-04:00
Lawrence Butler,ATH,OF,Total Bases,4.5,demon,pre_game,2026-08-08T16:10:00.000-04:00
Jacob Wilson,ATH,IF,Total Bases,4.5,demon,pre_game,2026-08-08T16:10:00.000-04:00
Jacob Wilson,ATH,IF,Hits+Runs+RBIs,4.5,demon,pre_game,2026-08-08T16:10:00.000-04:00
Caleb Durbin,BOS,IF,Hits+Runs+RBIs,4.5,demon,pre_game,2026-08-08T16:10:00.000-04:00
Andruw Monasterio,BOS,IF,Hits+Runs+RBIs,4.5,demon,pre_game,2026-08-08T16:10:00.000-04:00
Nick Sogard,BOS,IF,Total Bases,4.5,demon,pre_game,2026-08-08T16:10:00.000-04:00
Henry Bolte,ATH,OF,Hits+Runs+RBIs,4.5,demon,pre_game,2026-08-08T16:10:00.000-04:00
Willson Contreras,BOS,IF,Hits+Runs+RBIs,4.5,demon,pre_game,2026-08-08T16:10:00.000-04:00
Connor Wong,BOS,C,Total Bases,4.5,demon,pre_game,2026-08-08T16:10:00.000-04:00
Nick Sogard,BOS,IF,Hits+Runs+RBIs,4.5,demon,pre_game,2026-08-08T16:10:00.000-04:00
Ceddanne Rafaela,BOS,OF,Hits+Runs+RBIs,4.5,demon,pre_game,2026-08-08T16:10:00.000-04:00
Eli White,BOS,OF,Total Bases,4.5,demon,pre_game,2026-08-08T16:10:00.000-04:00
Lawrence Butler,ATH,OF,Hits+Runs+RBIs,4.5,demon,pre_game,2026-08-08T16:10:00.000-04:00
Alika Williams,ATH,IF,Hits+Runs+RBIs,4.5,demon,pre_game,2026-08-08T16:10:00.000-04:00
Jake Bennett,BOS,P,Hits Allowed,4.5,goblin,pre_game,2026-08-08T16:10:00.000-04:00
Gage Jump,ATH,P,Hits Allowed,4.5,goblin,pre_game,2026-08-08T16:10:00.000-04:00
Gage Jump,ATH,P,Earned Runs Allowed,4.5,demon,pre_game,2026-08-08T16:10:00.000-04:00
Gage Jump,ATH,P,Walks Allowed,4.5,demon,pre_game,2026-08-08T16:10:00.000-04:00
Brian Serven,ATH,C,Total Bases,4.5,demon,pre_game,2026-08-08T16:10:00.000-04:00
Brian Serven,ATH,C,Hits+Runs+RBIs,4.5,demon,pre_game,2026-08-08T16:10:00.000-04:00
Jarren Duran,BOS,OF,Hits+Runs+RBIs,4.5,demon,pre_game,2026-08-08T16:10:00.000-04:00
Jarren Duran,BOS,OF,Total Bases,4.5,demon,pre_game,2026-08-08T16:10:00.000-04:00
Jake Bennett,BOS,P,Pitcher Strikeouts,3.5,goblin,pre_game,2026-08-08T16:10:00.000-04:00
Gage Jump,ATH,P,Pitcher Strikeouts,3.5,goblin,pre_game,2026-08-08T16:10:00.000-04:00
Henry Bolte,ATH,OF,Total Bases,3.5,demon,pre_game,2026-08-08T16:10:00.000-04:00
Ceddanne Rafaela,BOS,OF,Total Bases,3.5,demon,pre_game,2026-08-08T16:10:00.000-04:00
Alika Williams,ATH,IF,Total Bases,3.5,demon,pre_game,2026-08-08T16:10:00.000-04:00
Jahmai Jones,BOS,DH,Total Bases,3.5,demon,pre_game,2026-08-08T16:10:00.000-04:00
Jonah Heim,ATH,C,Total Bases,3.5,demon,pre_game,2026-08-08T16:10:00.000-04:00
Lawrence Butler,ATH,OF,Total Bases,3.5,demon,pre_game,2026-08-08T16:10:00.000-04:00
Willson Contreras,BOS,IF,Total Bases,3.5,demon,pre_game,2026-08-08T16:10:00.000-04:00
Nick Sogard,BOS,IF,Total Bases,3.5,demon,pre_game,2026-08-08T16:10:00.000-04:00
Caleb Durbin,BOS,IF,Total Bases,3.5,demon,pre_game,2026-08-08T16:10:00.000-04:00
Jarren Duran,BOS,OF,Total Bases,3.5,demon,pre_game,2026-08-08T16:10:00.000-04:00
Jacob Wilson,ATH,IF,Total Bases,3.5,demon,pre_game,2026-08-08T16:10:00.000-04:00
Andruw Monasterio,BOS,IF,Total Bases,3.5,demon,pre_game,2026-08-08T16:10:00.000-04:00
Tyler Soderstrom,ATH,OF,Total Bases,3.5,demon,pre_game,2026-08-08T16:10:00.000-04:00
Tommy White,ATH,IF,Total Bases,3.5,demon,pre_game,2026-08-08T16:10:00.000-04:00
Gage Jump,ATH,P,Hits Allowed,3.5,goblin,pre_game,2026-08-08T16:10:00.000-04:00
Connor Wong,BOS,C,Hits+Runs+RBIs,3.5,demon,pre_game,2026-08-08T16:10:00.000-04:00
Andruw Monasterio,BOS,IF,Hits+Runs+RBIs,3.5,demon,pre_game,2026-08-08T16:10:00.000-04:00
Jake Bennett,BOS,P,Hits Allowed,3.5,goblin,pre_game,2026-08-08T16:10:00.000-04:00
Henry Bolte,ATH,OF,Hits+Runs+RBIs,3.5,demon,pre_game,2026-08-08T16:10:00.000-04:00
Gage Jump,ATH,P,Earned Runs Allowed,3.5,demon,pre_game,2026-08-08T16:10:00.000-04:00
Tommy White,ATH,IF,Hits+Runs+RBIs,3.5,demon,pre_game,2026-08-08T16:10:00.000-04:00
Eli White,BOS,OF,Hits+Runs+RBIs,3.5,demon,pre_game,2026-08-08T16:10:00.000-04:00
Jacob Wilson,ATH,IF,Hits+Runs+RBIs,3.5,demon,pre_game,2026-08-08T16:10:00.000-04:00
Willson Contreras,BOS,IF,Hits+Runs+RBIs,3.5,demon,pre_game,2026-08-08T16:10:00.000-04:00
Jonah Heim,ATH,C,Hits+Runs+RBIs,3.5,demon,pre_game,2026-08-08T16:10:00.000-04:00
Ceddanne Rafaela,BOS,OF,Hits+Runs+RBIs,3.5,demon,pre_game,2026-08-08T16:10:00.000-04:00
Jake Bennett,BOS,P,Earned Runs Allowed,3.5,demon,pre_game,2026-08-08T16:10:00.000-04:00
Jahmai Jones,BOS,DH,Hits+Runs+RBIs,3.5,demon,pre_game,2026-08-08T16:10:00.000-04:00
Connor Wong,BOS,C,Total Bases,3.5,demon,pre_game,2026-08-08T16:10:00.000-04:00
Eli White,BOS,OF,Total Bases,3.5,demon,pre_game,2026-08-08T16:10:00.000-04:00
Alika Williams,ATH,IF,Hits+Runs+RBIs,3.5,demon,pre_game,2026-08-08T16:10:00.000-04:00
Caleb Durbin,BOS,IF,Hits+Runs+RBIs,3.5,demon,pre_game,2026-08-08T16:10:00.000-04:00
Tyler Soderstrom,ATH,OF,Hits+Runs+RBIs,3.5,demon,pre_game,2026-08-08T16:10:00.000-04:00
Lawrence Butler,ATH,OF,Hits+Runs+RBIs,3.5,demon,pre_game,2026-08-08T16:10:00.000-04:00
Nick Sogard,BOS,IF,Hits+Runs+RBIs,3.5,demon,pre_game,2026-08-08T16:10:00.000-04:00
Brian Serven,ATH,C,Total Bases,3.5,demon,pre_game,2026-08-08T16:10:00.000-04:00
Brian Serven,ATH,C,Hits+Runs+RBIs,3.5,demon,pre_game,2026-08-08T16:10:00.000-04:00
Jarren Duran,BOS,OF,Hits+Runs+RBIs,3.5,demon,pre_game,2026-08-08T16:10:00.000-04:00
Willson Contreras,BOS,IF,Total Bases,2.5,demon,pre_game,2026-08-08T16:10:00.000-04:00
Henry Bolte,ATH,OF,Total Bases,2.5,demon,pre_game,2026-08-08T16:10:00.000-04:00
Caleb Durbin,BOS,IF,Total Bases,2.5,demon,pre_game,2026-08-08T16:10:00.000-04:00
Tyler Soderstrom,ATH,OF,Total Bases,2.5,demon,pre_game,2026-08-08T16:10:00.000-04:00
Jonah Heim,ATH,C,Total Bases,2.5,demon,pre_game,2026-08-08T16:10:00.000-04:00
Nick Sogard,BOS,IF,Total Bases,2.5,demon,pre_game,2026-08-08T16:10:00.000-04:00
Jarren Duran,BOS,OF,Total Bases,2.5,demon,pre_game,2026-08-08T16:10:00.000-04:00
Alika Williams,ATH,IF,Total Bases,2.5,demon,pre_game,2026-08-08T16:10:00.000-04:00
Lawrence Butler,ATH,OF,Total Bases,2.5,demon,pre_game,2026-08-08T16:10:00.000-04:00
Jacob Wilson,ATH,IF,Total Bases,2.5,demon,pre_game,2026-08-08T16:10:00.000-04:00
Jahmai Jones,BOS,DH,Total Bases,2.5,demon,pre_game,2026-08-08T16:10:00.000-04:00
Ceddanne Rafaela,BOS,OF,Total Bases,2.5,demon,pre_game,2026-08-08T16:10:00.000-04:00
Andruw Monasterio,BOS,IF,Total Bases,2.5,demon,pre_game,2026-08-08T16:10:00.000-04:00
Tommy White,ATH,IF,Total Bases,2.5,demon,pre_game,2026-08-08T16:10:00.000-04:00
Jake Bennett,BOS,P,Pitcher Strikeouts,2.5,goblin,pre_game,2026-08-08T16:10:00.000-04:00
Willson Contreras,BOS,IF,Hitter Strikeouts,2.5,demon,pre_game,2026-08-08T16:10:00.000-04:00
Ceddanne Rafaela,BOS,OF,Hitter Strikeouts,2.5,demon,pre_game,2026-08-08T16:10:00.000-04:00
Nick Sogard,BOS,IF,Hitter Strikeouts,2.5,demon,pre_game,2026-08-08T16:10:00.000-04:00
Jahmai Jones,BOS,DH,Hitter Strikeouts,2.5,demon,pre_game,2026-08-08T16:10:00.000-04:00
Henry Bolte,ATH,OF,Hitter Strikeouts,2.5,demon,pre_game,2026-08-08T16:10:00.000-04:00
Lawrence Butler,ATH,OF,Hitter Strikeouts,2.5,demon,pre_game,2026-08-08T16:10:00.000-04:00
Willson Contreras,BOS,IF,Hits+Runs+RBIs,2.5,demon,pre_game,2026-08-08T16:10:00.000-04:00
Jake Bennett,BOS,P,Walks Allowed,2.5,demon,pre_game,2026-08-08T16:10:00.000-04:00
Jonah Heim,ATH,C,Hits,2.5,demon,pre_game,2026-08-08T16:10:00.000-04:00
Connor Wong,BOS,C,Hits,2.5,demon,pre_game,2026-08-08T16:10:00.000-04:00
Caleb Durbin,BOS,IF,RBIs,2.5,demon,pre_game,2026-08-08T16:10:00.000-04:00
Henry Bolte,ATH,OF,Hits,2.5,demon,pre_game,2026-08-08T16:10:00.000-04:00
Andruw Monasterio,BOS,IF,Hits,2.5,demon,pre_game,2026-08-08T16:10:00.000-04:00
Tyler Soderstrom,ATH,OF,Hits,2.5,demon,pre_game,2026-08-08T16:10:00.000-04:00
Nick Sogard,BOS,IF,Hits,2.5,demon,pre_game,2026-08-08T16:10:00.000-04:00
Jacob Wilson,ATH,IF,Hits,2.5,demon,pre_game,2026-08-08T16:10:00.000-04:00
Ceddanne Rafaela,BOS,OF,Hits+Runs+RBIs,2.5,demon,pre_game,2026-08-08T16:10:00.000-04:00
Jake Bennett,BOS,P,Earned Runs Allowed,2.5,demon,pre_game,2026-08-08T16:10:00.000-04:00
Willson Contreras,BOS,IF,Hits,2.5,demon,pre_game,2026-08-08T16:10:00.000-04:00
Ceddanne Rafaela,BOS,OF,Hits,2.5,demon,pre_game,2026-08-08T16:10:00.000-04:00
Andruw Monasterio,BOS,IF,RBIs,2.5,demon,pre_game,2026-08-08T16:10:00.000-04:00
Gage Jump,ATH,P,Walks Allowed,2.5,demon,pre_game,2026-08-08T16:10:00.000-04:00
Caleb Durbin,BOS,IF,Hits,2.5,demon,pre_game,2026-08-08T16:10:00.000-04:00
Ceddanne Rafaela,BOS,OF,RBIs,2.5,demon,pre_game,2026-08-08T16:10:00.000-04:00
Tommy White,ATH,IF,Hits,2.5,demon,pre_game,2026-08-08T16:10:00.000-04:00
Gage Jump,ATH,P,Earned Runs Allowed,2.5,goblin,pre_game,2026-08-08T16:10:00.000-04:00
Tyler Soderstrom,ATH,OF,Hits+Runs+RBIs,2.5,demon,pre_game,2026-08-08T16:10:00.000-04:00
Eli White,BOS,OF,Hits+Runs+RBIs,2.5,demon,pre_game,2026-08-08T16:10:00.000-04:00
Caleb Durbin,BOS,IF,Hits+Runs+RBIs,2.5,demon,pre_game,2026-08-08T16:10:00.000-04:00
Tommy White,ATH,IF,Hits+Runs+RBIs,2.5,demon,pre_game,2026-08-08T16:10:00.000-04:00
Henry Bolte,ATH,OF,Hits+Runs+RBIs,2.5,demon,pre_game,2026-08-08T16:10:00.000-04:00
Jonah Heim,ATH,C,Hits+Runs+RBIs,2.5,demon,pre_game,2026-08-08T16:10:00.000-04:00
Connor Wong,BOS,C,Hits+Runs+RBIs,2.5,demon,pre_game,2026-08-08T16:10:00.000-04:00
Jacob Wilson,ATH,IF,Hits+Runs+RBIs,2.5,demon,pre_game,2026-08-08T16:10:00.000-04:00
Andruw Monasterio,BOS,IF,Hits+Runs+RBIs,2.5,demon,pre_game,2026-08-08T16:10:00.000-04:00
Nick Sogard,BOS,IF,Hits+Runs+RBIs,2.5,demon,pre_game,2026-08-08T16:10:00.000-04:00
Eli White,BOS,OF,Total Bases,2.5,demon,pre_game,2026-08-08T16:10:00.000-04:00
Jahmai Jones,BOS,DH,Hits+Runs+RBIs,2.5,demon,pre_game,2026-08-08T16:10:00.000-04:00
Lawrence Butler,ATH,OF,Hits+Runs+RBIs,2.5,demon,pre_game,2026-08-08T16:10:00.000-04:00
Connor Wong,BOS,C,Total Bases,2.5,demon,pre_game,2026-08-08T16:10:00.000-04:00
Alika Williams,ATH,IF,Hits+Runs+RBIs,2.5,demon,pre_game,2026-08-08T16:10:00.000-04:00
Eli White,BOS,OF,Hits,2.5,demon,pre_game,2026-08-08T16:10:00.000-04:00
Jahmai Jones,BOS,DH,RBIs,2.5,demon,pre_game,2026-08-08T16:10:00.000-04:00
Eli White,BOS,OF,RBIs,2.5,demon,pre_game,2026-08-08T16:10:00.000-04:00
Tyler Soderstrom,ATH,OF,RBIs,2.5,demon,pre_game,2026-08-08T16:10:00.000-04:00
Jonah Heim,ATH,C,RBIs,2.5,demon,pre_game,2026-08-08T16:10:00.000-04:00
Brian Serven,ATH,C,Total Bases,2.5,demon,pre_game,2026-08-08T16:10:00.000-04:00
Brian Serven,ATH,C,Hits+Runs+RBIs,2.5,demon,pre_game,2026-08-08T16:10:00.000-04:00
Connor Wong,BOS,C,RBIs,2.5,demon,pre_game,2026-08-08T16:10:00.000-04:00
Willson Contreras,BOS,IF,RBIs,2.5,demon,pre_game,2026-08-08T16:10:00.000-04:00
Jarren Duran,BOS,OF,Hitter Strikeouts,2.5,demon,pre_game,2026-08-08T16:10:00.000-04:00
Jarren Duran,BOS,OF,RBIs,2.5,demon,pre_game,2026-08-08T16:10:00.000-04:00
Jarren Duran,BOS,OF,Hits,2.5,demon,pre_game,2026-08-08T16:10:00.000-04:00
Jarren Duran,BOS,OF,Hits+Runs+RBIs,2.5,demon,pre_game,2026-08-08T16:10:00.000-04:00
Andruw Monasterio,BOS,IF,Hitter Strikeouts,2.5,demon,pre_game,2026-08-08T16:10:00.000-04:00
Brian Serven,ATH,C,Hitter Strikeouts,2.5,demon,pre_game,2026-08-08T16:10:00.000-04:00
Alika Williams,ATH,IF,Hits+Runs+RBIs,1.5,demon,pre_game,2026-08-08T16:10:00.000-04:00
Lawrence Butler,ATH,OF,Hits+Runs+RBIs,1.5,demon,pre_game,2026-08-08T16:10:00.000-04:00
Tommy White,ATH,IF,RBIs,1.5,demon,pre_game,2026-08-08T16:10:00.000-04:00
Alika Williams,ATH,IF,RBIs,1.5,demon,pre_game,2026-08-08T16:10:00.000-04:00
Henry Bolte,ATH,OF,RBIs,1.5,demon,pre_game,2026-08-08T16:10:00.000-04:00
Jacob Wilson,ATH,IF,RBIs,1.5,demon,pre_game,2026-08-08T16:10:00.000-04:00
Willson Contreras,BOS,IF,Hits+Runs+RBIs,1.5,goblin,pre_game,2026-08-08T16:10:00.000-04:00
Tommy White,ATH,IF,Runs,1.5,demon,pre_game,2026-08-08T16:10:00.000-04:00
Caleb Durbin,BOS,IF,Runs,1.5,demon,pre_game,2026-08-08T16:10:00.000-04:00
Henry Bolte,ATH,OF,Runs,1.5,demon,pre_game,2026-08-08T16:10:00.000-04:00
Nick Sogard,BOS,IF,Runs,1.5,demon,pre_game,2026-08-08T16:10:00.000-04:00
Willson Contreras,BOS,IF,Runs,1.5,demon,pre_game,2026-08-08T16:10:00.000-04:00
Jacob Wilson,ATH,IF,Runs,1.5,demon,pre_game,2026-08-08T16:10:00.000-04:00
Nick Sogard,BOS,IF,Hits,1.5,demon,pre_game,2026-08-08T16:10:00.000-04:00
Andruw Monasterio,BOS,IF,Runs,1.5,demon,pre_game,2026-08-08T16:10:00.000-04:00
Jarren Duran,BOS,OF,Runs,1.5,demon,pre_game,2026-08-08T16:10:00.000-04:00
Tyler Soderstrom,ATH,OF,Runs,1.5,demon,pre_game,2026-08-08T16:10:00.000-04:00
Nick Sogard,BOS,IF,RBIs,1.5,demon,pre_game,2026-08-08T16:10:00.000-04:00
Lawrence Butler,ATH,OF,RBIs,1.5,demon,pre_game,2026-08-08T16:10:00.000-04:00
Ceddanne Rafaela,BOS,OF,Hits,1.5,demon,pre_game,2026-08-08T16:10:00.000-04:00
Ceddanne Rafaela,BOS,OF,Hits+Runs+RBIs,1.5,goblin,pre_game,2026-08-08T16:10:00.000-04:00
Tyler Soderstrom,ATH,OF,Hits,1.5,demon,pre_game,2026-08-08T16:10:00.000-04:00
Jahmai Jones,BOS,DH,Total Bases,1.5,demon,pre_game,2026-08-08T16:10:00.000-04:00
Alika Williams,ATH,IF,Hits,1.5,demon,pre_game,2026-08-08T16:10:00.000-04:00
Jonah Heim,ATH,C,Runs,1.5,demon,pre_game,2026-08-08T16:10:00.000-04:00
Jahmai Jones,BOS,DH,Hits,1.5,demon,pre_game,2026-08-08T16:10:00.000-04:00
Alika Williams,ATH,IF,Total Bases,1.5,demon,pre_game,2026-08-08T16:10:00.000-04:00
Jahmai Jones,BOS,DH,Runs,1.5,demon,pre_game,2026-08-08T16:10:00.000-04:00
Nick Sogard,BOS,IF,Total Bases,1.5,demon,pre_game,2026-08-08T16:10:00.000-04:00
Jonah Heim,ATH,C,Hits,1.5,demon,pre_game,2026-08-08T16:10:00.000-04:00
Ceddanne Rafaela,BOS,OF,Total Bases,1.5,demon,pre_game,2026-08-08T16:10:00.000-04:00
Jarren Duran,BOS,OF,Hits,1.5,demon,pre_game,2026-08-08T16:10:00.000-04:00
Ceddanne Rafaela,BOS,OF,Runs,1.5,demon,pre_game,2026-08-08T16:10:00.000-04:00
Henry Bolte,ATH,OF,Hits,1.5,demon,pre_game,2026-08-08T16:10:00.000-04:00
Jonah Heim,ATH,C,Total Bases,1.5,demon,pre_game,2026-08-08T16:10:00.000-04:00
Lawrence Butler,ATH,OF,Total Bases,1.5,demon,pre_game,2026-08-08T16:10:00.000-04:00
Tommy White,ATH,IF,Hits,1.5,demon,pre_game,2026-08-08T16:10:00.000-04:00
Andruw Monasterio,BOS,IF,Hits,1.5,demon,pre_game,2026-08-08T16:10:00.000-04:00
Jarren Duran,BOS,OF,Total Bases,1.5,demon,pre_game,2026-08-08T16:10:00.000-04:00
Lawrence Butler,ATH,OF,Hits,1.5,demon,pre_game,2026-08-08T16:10:00.000-04:00
Caleb Durbin,BOS,IF,Total Bases,1.5,demon,pre_game,2026-08-08T16:10:00.000-04:00
Henry Bolte,ATH,OF,Total Bases,1.5,demon,pre_game,2026-08-08T16:10:00.000-04:00
Caleb Durbin,BOS,IF,Hits+Runs+RBIs,1.5,goblin,pre_game,2026-08-08T16:10:00.000-04:00
Tommy White,ATH,IF,Total Bases,1.5,demon,pre_game,2026-08-08T16:10:00.000-04:00
Willson Contreras,BOS,IF,Hits,1.5,demon,pre_game,2026-08-08T16:10:00.000-04:00
Tyler Soderstrom,ATH,OF,Total Bases,1.5,demon,pre_game,2026-08-08T16:10:00.000-04:00
Caleb Durbin,BOS,IF,Hits,1.5,demon,pre_game,2026-08-08T16:10:00.000-04:00
Andruw Monasterio,BOS,IF,Total Bases,1.5,demon,pre_game,2026-08-08T16:10:00.000-04:00
Jacob Wilson,ATH,IF,Hits,1.5,demon,pre_game,2026-08-08T16:10:00.000-04:00
Lawrence Butler,ATH,OF,Runs,1.5,demon,pre_game,2026-08-08T16:10:00.000-04:00
Connor Wong,BOS,C,Hitter Strikeouts,1.5,demon,pre_game,2026-08-08T16:10:00.000-04:00
Nick Sogard,BOS,IF,Hitter Strikeouts,1.5,demon,pre_game,2026-08-08T16:10:00.000-04:00
Tommy White,ATH,IF,Hitter Strikeouts,1.5,demon,pre_game,2026-08-08T16:10:00.000-04:00
Jacob Wilson,ATH,IF,Hitter Strikeouts,1.5,demon,pre_game,2026-08-08T16:10:00.000-04:00
Lawrence Butler,ATH,OF,Hitter Strikeouts,1.5,demon,pre_game,2026-08-08T16:10:00.000-04:00
Alika Williams,ATH,IF,Hitter Strikeouts,1.5,demon,pre_game,2026-08-08T16:10:00.000-04:00
Jonah Heim,ATH,C,Hitter Strikeouts,1.5,demon,pre_game,2026-08-08T16:10:00.000-04:00
Eli White,BOS,OF,Hitter Strikeouts,1.5,demon,pre_game,2026-08-08T16:10:00.000-04:00
Nick Sogard,BOS,IF,Singles,1.5,demon,pre_game,2026-08-08T16:10:00.000-04:00
Tyler Soderstrom,ATH,OF,Hitter Strikeouts,1.5,demon,pre_game,2026-08-08T16:10:00.000-04:00
Ceddanne Rafaela,BOS,OF,Singles,1.5,demon,pre_game,2026-08-08T16:10:00.000-04:00
Jahmai Jones,BOS,DH,Hitter Strikeouts,1.5,demon,pre_game,2026-08-08T16:10:00.000-04:00
Andruw Monasterio,BOS,IF,Hitter Strikeouts,1.5,demon,pre_game,2026-08-08T16:10:00.000-04:00
Jacob Wilson,ATH,IF,Singles,1.5,demon,pre_game,2026-08-08T16:10:00.000-04:00
Caleb Durbin,BOS,IF,Hitter Strikeouts,1.5,demon,pre_game,2026-08-08T16:10:00.000-04:00
Eli White,BOS,OF,Hits,1.5,demon,pre_game,2026-08-08T16:10:00.000-04:00
Jonah Heim,ATH,C,Singles,1.5,demon,pre_game,2026-08-08T16:10:00.000-04:00
Jake Bennett,BOS,P,Walks Allowed,1.5,demon,pre_game,2026-08-08T16:10:00.000-04:00
Henry Bolte,ATH,OF,Singles,1.5,demon,pre_game,2026-08-08T16:10:00.000-04:00
Connor Wong,BOS,C,Hits,1.5,demon,pre_game,2026-08-08T16:10:00.000-04:00
Caleb Durbin,BOS,IF,Singles,1.5,demon,pre_game,2026-08-08T16:10:00.000-04:00
Tommy White,ATH,IF,Singles,1.5,demon,pre_game,2026-08-08T16:10:00.000-04:00
Eli White,BOS,OF,Hits+Runs+RBIs,1.5,demon,pre_game,2026-08-08T16:10:00.000-04:00
Andruw Monasterio,BOS,IF,Hits+Runs+RBIs,1.5,goblin,pre_game,2026-08-08T16:10:00.000-04:00
Gage Jump,ATH,P,Walks Allowed,1.5,goblin,pre_game,2026-08-08T16:10:00.000-04:00
Willson Contreras,BOS,IF,Total Bases,1.5,standard,pre_game,2026-08-08T16:10:00.000-04:00
Henry Bolte,ATH,OF,Hits+Runs+RBIs,1.5,standard,pre_game,2026-08-08T16:10:00.000-04:00
Eli White,BOS,OF,Runs,1.5,demon,pre_game,2026-08-08T16:10:00.000-04:00
Connor Wong,BOS,C,Runs,1.5,demon,pre_game,2026-08-08T16:10:00.000-04:00
Jacob Wilson,ATH,IF,Total Bases,1.5,demon,pre_game,2026-08-08T16:10:00.000-04:00
Nick Sogard,BOS,IF,Hits+Runs+RBIs,1.5,standard,pre_game,2026-08-08T16:10:00.000-04:00
Connor Wong,BOS,C,Total Bases,1.5,demon,pre_game,2026-08-08T16:10:00.000-04:00
Eli White,BOS,OF,Total Bases,1.5,demon,pre_game,2026-08-08T16:10:00.000-04:00
Andruw Monasterio,BOS,IF,Singles,1.5,demon,pre_game,2026-08-08T16:10:00.000-04:00
Jake Bennett,BOS,P,Earned Runs Allowed,1.5,goblin,pre_game,2026-08-08T16:10:00.000-04:00
Jacob Wilson,ATH,IF,Hits+Runs+RBIs,1.5,standard,pre_game,2026-08-08T16:10:00.000-04:00
Gage Jump,ATH,P,Earned Runs Allowed,1.5,goblin,pre_game,2026-08-08T16:10:00.000-04:00
Willson Contreras,BOS,IF,Hitter Strikeouts,1.5,demon,pre_game,2026-08-08T16:10:00.000-04:00
Ceddanne Rafaela,BOS,OF,Hitter Strikeouts,1.5,demon,pre_game,2026-08-08T16:10:00.000-04:00
Connor Wong,BOS,C,Hits+Runs+RBIs,1.5,demon,pre_game,2026-08-08T16:10:00.000-04:00
Jahmai Jones,BOS,DH,Hits+Runs+RBIs,1.5,demon,pre_game,2026-08-08T16:10:00.000-04:00
Tommy White,ATH,IF,Hits+Runs+RBIs,1.5,demon,pre_game,2026-08-08T16:10:00.000-04:00
Henry Bolte,ATH,OF,Hitter Strikeouts,1.5,demon,pre_game,2026-08-08T16:10:00.000-04:00
Jonah Heim,ATH,C,Hits+Runs+RBIs,1.5,demon,pre_game,2026-08-08T16:10:00.000-04:00
Brian Serven,ATH,C,Total Bases,1.5,demon,pre_game,2026-08-08T16:10:00.000-04:00
Brian Serven,ATH,C,Runs,1.5,demon,pre_game,2026-08-08T16:10:00.000-04:00
Brian Serven,ATH,C,RBIs,1.5,demon,pre_game,2026-08-08T16:10:00.000-04:00
Brian Serven,ATH,C,Hits,1.5,demon,pre_game,2026-08-08T16:10:00.000-04:00
Brian Serven,ATH,C,Hits+Runs+RBIs,1.5,demon,pre_game,2026-08-08T16:10:00.000-04:00
Jarren Duran,BOS,OF,Hits+Runs+RBIs,1.5,standard,pre_game,2026-08-08T16:10:00.000-04:00
Jarren Duran,BOS,OF,Hitter Strikeouts,1.5,demon,pre_game,2026-08-08T16:10:00.000-04:00
Brian Serven,ATH,C,Hitter Strikeouts,1.5,demon,pre_game,2026-08-08T16:10:00.000-04:00
Tyler Soderstrom,ATH,OF,Hits+Runs+RBIs,1.5,demon,pre_game,2026-08-08T16:10:00.000-04:00
Alika Williams,ATH,IF,Singles,0.5,demon,pre_game,2026-08-08T16:10:00.000-04:00
Caleb Durbin,BOS,IF,Singles,0.5,goblin,pre_game,2026-08-08T16:10:00.000-04:00
Jahmai Jones,BOS,DH,Singles,0.5,demon,pre_game,2026-08-08T16:10:00.000-04:00
Ceddanne Rafaela,BOS,OF,Singles,0.5,standard,pre_game,2026-08-08T16:10:00.000-04:00
Willson Contreras,BOS,IF,Singles,0.5,demon,pre_game,2026-08-08T16:10:00.000-04:00
Jonah Heim,ATH,C,Hits+Runs+RBIs,0.5,goblin,pre_game,2026-08-08T16:10:00.000-04:00
Jahmai Jones,BOS,DH,Hits+Runs+RBIs,0.5,goblin,pre_game,2026-08-08T16:10:00.000-04:00
Caleb Durbin,BOS,IF,Hits+Runs+RBIs,0.5,goblin,pre_game,2026-08-08T16:10:00.000-04:00
Henry Bolte,ATH,OF,Hits+Runs+RBIs,0.5,goblin,pre_game,2026-08-08T16:10:00.000-04:00
Jarren Duran,BOS,OF,Doubles,0.5,demon,pre_game,2026-08-08T16:10:00.000-04:00
Andruw Monasterio,BOS,IF,Hits+Runs+RBIs,0.5,goblin,pre_game,2026-08-08T16:10:00.000-04:00
Andruw Monasterio,BOS,IF,RBIs,0.5,demon,pre_game,2026-08-08T16:10:00.000-04:00
Jarren Duran,BOS,OF,Singles,0.5,demon,pre_game,2026-08-08T16:10:00.000-04:00
Jonah Heim,ATH,C,Doubles,0.5,demon,pre_game,2026-08-08T16:10:00.000-04:00
Tyler Soderstrom,ATH,OF,Doubles,0.5,demon,pre_game,2026-08-08T16:10:00.000-04:00
Ceddanne Rafaela,BOS,OF,RBIs,0.5,demon,pre_game,2026-08-08T16:10:00.000-04:00
Jarren Duran,BOS,OF,Hits+Runs+RBIs,0.5,goblin,pre_game,2026-08-08T16:10:00.000-04:00
Henry Bolte,ATH,OF,Doubles,0.5,demon,pre_game,2026-08-08T16:10:00.000-04:00
Willson Contreras,BOS,IF,RBIs,0.5,demon,pre_game,2026-08-08T16:10:00.000-04:00
Alika Williams,ATH,IF,Doubles,0.5,demon,pre_game,2026-08-08T16:10:00.000-04:00
Tyler Soderstrom,ATH,OF,Hits+Runs+RBIs,0.5,goblin,pre_game,2026-08-08T16:10:00.000-04:00
Willson Contreras,BOS,IF,Hits+Runs+RBIs,0.5,goblin,pre_game,2026-08-08T16:10:00.000-04:00
Andruw Monasterio,BOS,IF,Runs,0.5,demon,pre_game,2026-08-08T16:10:00.000-04:00
Jacob Wilson,ATH,IF,Runs,0.5,demon,pre_game,2026-08-08T16:10:00.000-04:00
Lawrence Butler,ATH,OF,Hits+Runs+RBIs,0.5,goblin,pre_game,2026-08-08T16:10:00.000-04:00
Willson Contreras,BOS,IF,Doubles,0.5,demon,pre_game,2026-08-08T16:10:00.000-04:00
Tyler Soderstrom,ATH,OF,RBIs,0.5,demon,pre_game,2026-08-08T16:10:00.000-04:00
Tyler Soderstrom,ATH,OF,Home Runs,0.5,demon,pre_game,2026-08-08T16:10:00.000-04:00
Tommy White,ATH,IF,Home Runs,0.5,demon,pre_game,2026-08-08T16:10:00.000-04:00
Tommy White,ATH,IF,Hits+Runs+RBIs,0.5,goblin,pre_game,2026-08-08T16:10:00.000-04:00
Caleb Durbin,BOS,IF,Home Runs,0.5,demon,pre_game,2026-08-08T16:10:00.000-04:00
Alika Williams,ATH,IF,Hits+Runs+RBIs,0.5,goblin,pre_game,2026-08-08T16:10:00.000-04:00
Jacob Wilson,ATH,IF,Hits+Runs+RBIs,0.5,goblin,pre_game,2026-08-08T16:10:00.000-04:00
Nick Sogard,BOS,IF,Runs,0.5,demon,pre_game,2026-08-08T16:10:00.000-04:00
Caleb Durbin,BOS,IF,RBIs,0.5,demon,pre_game,2026-08-08T16:10:00.000-04:00
Andruw Monasterio,BOS,IF,Doubles,0.5,demon,pre_game,2026-08-08T16:10:00.000-04:00
Alika Williams,ATH,IF,RBIs,0.5,demon,pre_game,2026-08-08T16:10:00.000-04:00
Jarren Duran,BOS,OF,RBIs,0.5,demon,pre_game,2026-08-08T16:10:00.000-04:00
Jacob Wilson,ATH,IF,Doubles,0.5,demon,pre_game,2026-08-08T16:10:00.000-04:00
Alika Williams,ATH,IF,Home Runs,0.5,demon,pre_game,2026-08-08T16:10:00.000-04:00
Jonah Heim,ATH,C,Home Runs,0.5,demon,pre_game,2026-08-08T16:10:00.000-04:00
Nick Sogard,BOS,IF,Home Runs,0.5,demon,pre_game,2026-08-08T16:10:00.000-04:00
Jahmai Jones,BOS,DH,Home Runs,0.5,demon,pre_game,2026-08-08T16:10:00.000-04:00
Tommy White,ATH,IF,Runs,0.5,demon,pre_game,2026-08-08T16:10:00.000-04:00
Jacob Wilson,ATH,IF,RBIs,0.5,demon,pre_game,2026-08-08T16:10:00.000-04:00
Tommy White,ATH,IF,RBIs,0.5,demon,pre_game,2026-08-08T16:10:00.000-04:00
Lawrence Butler,ATH,OF,RBIs,0.5,demon,pre_game,2026-08-08T16:10:00.000-04:00
Lawrence Butler,ATH,OF,Hits,0.5,goblin,pre_game,2026-08-08T16:10:00.000-04:00
Ceddanne Rafaela,BOS,OF,Home Runs,0.5,demon,pre_game,2026-08-08T16:10:00.000-04:00
Willson Contreras,BOS,IF,Runs,0.5,goblin,pre_game,2026-08-08T16:10:00.000-04:00
Lawrence Butler,ATH,OF,Home Runs,0.5,demon,pre_game,2026-08-08T16:10:00.000-04:00
Ceddanne Rafaela,BOS,OF,Hits+Runs+RBIs,0.5,goblin,pre_game,2026-08-08T16:10:00.000-04:00
Tommy White,ATH,IF,Doubles,0.5,demon,pre_game,2026-08-08T16:10:00.000-04:00
Caleb Durbin,BOS,IF,Doubles,0.5,demon,pre_game,2026-08-08T16:10:00.000-04:00
Tyler Soderstrom,ATH,OF,Runs,0.5,demon,pre_game,2026-08-08T16:10:00.000-04:00
Ceddanne Rafaela,BOS,OF,Hits,0.5,goblin,pre_game,2026-08-08T16:10:00.000-04:00
Nick Sogard,BOS,IF,RBIs,0.5,demon,pre_game,2026-08-08T16:10:00.000-04:00
Nick Sogard,BOS,IF,Hits,0.5,goblin,pre_game,2026-08-08T16:10:00.000-04:00
Jonah Heim,ATH,C,RBIs,0.5,demon,pre_game,2026-08-08T16:10:00.000-04:00
Andruw Monasterio,BOS,IF,Home Runs,0.5,demon,pre_game,2026-08-08T16:10:00.000-04:00
Jacob Wilson,ATH,IF,Home Runs,0.5,demon,pre_game,2026-08-08T16:10:00.000-04:00
Henry Bolte,ATH,OF,RBIs,0.5,demon,pre_game,2026-08-08T16:10:00.000-04:00
Jahmai Jones,BOS,DH,Hits,0.5,goblin,pre_game,2026-08-08T16:10:00.000-04:00
Jarren Duran,BOS,OF,Hits,0.5,goblin,pre_game,2026-08-08T16:10:00.000-04:00
Tyler Soderstrom,ATH,OF,Hits,0.5,goblin,pre_game,2026-08-08T16:10:00.000-04:00
Jonah Heim,ATH,C,Runs,0.5,demon,pre_game,2026-08-08T16:10:00.000-04:00
Nick Sogard,BOS,IF,Doubles,0.5,demon,pre_game,2026-08-08T16:10:00.000-04:00
Alika Williams,ATH,IF,Runs,0.5,demon,pre_game,2026-08-08T16:10:00.000-04:00
Jarren Duran,BOS,OF,Home Runs,0.5,demon,pre_game,2026-08-08T16:10:00.000-04:00
Henry Bolte,ATH,OF,Home Runs,0.5,demon,pre_game,2026-08-08T16:10:00.000-04:00
Nick Sogard,BOS,IF,Hits+Runs+RBIs,0.5,goblin,pre_game,2026-08-08T16:10:00.000-04:00
Willson Contreras,BOS,IF,Home Runs,0.5,demon,pre_game,2026-08-08T16:10:00.000-04:00
Jahmai Jones,BOS,DH,Doubles,0.5,demon,pre_game,2026-08-08T16:10:00.000-04:00
Ceddanne Rafaela,BOS,OF,Doubles,0.5,demon,pre_game,2026-08-08T16:10:00.000-04:00
Jonah Heim,ATH,C,Hits,0.5,goblin,pre_game,2026-08-08T16:10:00.000-04:00
Tommy White,ATH,IF,Hits,0.5,goblin,pre_game,2026-08-08T16:10:00.000-04:00
Andruw Monasterio,BOS,IF,Hits,0.5,goblin,pre_game,2026-08-08T16:10:00.000-04:00
Henry Bolte,ATH,OF,Hits,0.5,goblin,pre_game,2026-08-08T16:10:00.000-04:00
Willson Contreras,BOS,IF,Hits,0.5,goblin,pre_game,2026-08-08T16:10:00.000-04:00
Caleb Durbin,BOS,IF,Hits,0.5,goblin,pre_game,2026-08-08T16:10:00.000-04:00
Jahmai Jones,BOS,DH,RBIs,0.5,demon,pre_game,2026-08-08T16:10:00.000-04:00
Jacob Wilson,ATH,IF,Hits,0.5,goblin,pre_game,2026-08-08T16:10:00.000-04:00
Lawrence Butler,ATH,OF,Doubles,0.5,demon,pre_game,2026-08-08T16:10:00.000-04:00
Lawrence Butler,ATH,OF,Runs,0.5,demon,pre_game,2026-08-08T16:10:00.000-04:00
Jacob Wilson,ATH,IF,Singles,0.5,goblin,pre_game,2026-08-08T16:10:00.000-04:00
Jarren Duran,BOS,OF,Runs,0.5,demon,pre_game,2026-08-08T16:10:00.000-04:00
Connor Wong,BOS,C,Home Runs,0.5,demon,pre_game,2026-08-08T16:10:00.000-04:00
Eli White,BOS,OF,Home Runs,0.5,demon,pre_game,2026-08-08T16:10:00.000-04:00
Lawrence Butler,ATH,OF,Singles,0.5,demon,pre_game,2026-08-08T16:10:00.000-04:00
Ceddanne Rafaela,BOS,OF,Walks,0.5,demon,pre_game,2026-08-08T16:10:00.000-04:00
Eli White,BOS,OF,Doubles,0.5,demon,pre_game,2026-08-08T16:10:00.000-04:00
Ceddanne Rafaela,BOS,OF,Hitter Strikeouts,0.5,goblin,pre_game,2026-08-08T16:10:00.000-04:00
Henry Bolte,ATH,OF,Hitter Strikeouts,0.5,goblin,pre_game,2026-08-08T16:10:00.000-04:00
Connor Wong,BOS,C,Doubles,0.5,demon,pre_game,2026-08-08T16:10:00.000-04:00
Henry Bolte,ATH,OF,Singles,0.5,standard,pre_game,2026-08-08T16:10:00.000-04:00
Andruw Monasterio,BOS,IF,Walks,0.5,demon,pre_game,2026-08-08T16:10:00.000-04:00
Eli White,BOS,OF,Singles,0.5,demon,pre_game,2026-08-08T16:10:00.000-04:00
Jonah Heim,ATH,C,Singles,0.5,standard,pre_game,2026-08-08T16:10:00.000-04:00
Caleb Durbin,BOS,IF,Walks,0.5,demon,pre_game,2026-08-08T16:10:00.000-04:00
Jonah Heim,ATH,C,Walks,0.5,demon,pre_game,2026-08-08T16:10:00.000-04:00
Jahmai Jones,BOS,DH,Total Bases,0.5,goblin,pre_game,2026-08-08T16:10:00.000-04:00
Jacob Wilson,ATH,IF,Stolen Bases,0.5,demon,pre_game,2026-08-08T16:10:00.000-04:00
Connor Wong,BOS,C,Hits,0.5,goblin,pre_game,2026-08-08T16:10:00.000-04:00
Tyler Soderstrom,ATH,OF,Walks,0.5,demon,pre_game,2026-08-08T16:10:00.000-04:00
Lawrence Butler,ATH,OF,Walks,0.5,demon,pre_game,2026-08-08T16:10:00.000-04:00
Nick Sogard,BOS,IF,Singles,0.5,standard,pre_game,2026-08-08T16:10:00.000-04:00
Eli White,BOS,OF,Runs,0.5,demon,pre_game,2026-08-08T16:10:00.000-04:00
Eli White,BOS,OF,Walks,0.5,demon,pre_game,2026-08-08T16:10:00.000-04:00
Eli White,BOS,OF,RBIs,0.5,demon,pre_game,2026-08-08T16:10:00.000-04:00
Ceddanne Rafaela,BOS,OF,Stolen Bases,0.5,demon,pre_game,2026-08-08T16:10:00.000-04:00
Connor Wong,BOS,C,Walks,0.5,demon,pre_game,2026-08-08T16:10:00.000-04:00
Jonah Heim,ATH,C,Total Bases,0.5,goblin,pre_game,2026-08-08T16:10:00.000-04:00
Willson Contreras,BOS,IF,Walks,0.5,demon,pre_game,2026-08-08T16:10:00.000-04:00
Caleb Durbin,BOS,IF,Runs,0.5,standard,pre_game,2026-08-08T16:10:00.000-04:00
Connor Wong,BOS,C,Total Bases,0.5,goblin,pre_game,2026-08-08T16:10:00.000-04:00
Tyler Soderstrom,ATH,OF,Stolen Bases,0.5,demon,pre_game,2026-08-08T16:10:00.000-04:00
Tommy White,ATH,IF,Total Bases,0.5,goblin,pre_game,2026-08-08T16:10:00.000-04:00
Jahmai Jones,BOS,DH,Stolen Bases,0.5,demon,pre_game,2026-08-08T16:10:00.000-04:00
Jake Bennett,BOS,P,Walks Allowed,0.5,goblin,pre_game,2026-08-08T16:10:00.000-04:00
Nick Sogard,BOS,IF,Total Bases,0.5,goblin,pre_game,2026-08-08T16:10:00.000-04:00
Eli White,BOS,OF,Hits+Runs+RBIs,0.5,goblin,pre_game,2026-08-08T16:10:00.000-04:00
Tyler Soderstrom,ATH,OF,Singles,0.5,demon,pre_game,2026-08-08T16:10:00.000-04:00
Lawrence Butler,ATH,OF,Total Bases,0.5,goblin,pre_game,2026-08-08T16:10:00.000-04:00
Connor Wong,BOS,C,RBIs,0.5,demon,pre_game,2026-08-08T16:10:00.000-04:00
Henry Bolte,ATH,OF,Runs,0.5,demon,pre_game,2026-08-08T16:10:00.000-04:00
Connor Wong,BOS,C,Singles,0.5,demon,pre_game,2026-08-08T16:10:00.000-04:00
Eli White,BOS,OF,Hits,0.5,goblin,pre_game,2026-08-08T16:10:00.000-04:00
Caleb Durbin,BOS,IF,Stolen Bases,0.5,demon,pre_game,2026-08-08T16:10:00.000-04:00
Connor Wong,BOS,C,Stolen Bases,0.5,demon,pre_game,2026-08-08T16:10:00.000-04:00
Caleb Durbin,BOS,IF,Total Bases,0.5,goblin,pre_game,2026-08-08T16:10:00.000-04:00
Willson Contreras,BOS,IF,Total Bases,0.5,goblin,pre_game,2026-08-08T16:10:00.000-04:00
Jahmai Jones,BOS,DH,Runs,0.5,standard,pre_game,2026-08-08T16:10:00.000-04:00
Connor Wong,BOS,C,Hits+Runs+RBIs,0.5,goblin,pre_game,2026-08-08T16:10:00.000-04:00
Nick Sogard,BOS,IF,Walks,0.5,demon,pre_game,2026-08-08T16:10:00.000-04:00
Lawrence Butler,ATH,OF,Stolen Bases,0.5,demon,pre_game,2026-08-08T16:10:00.000-04:00
Willson Contreras,BOS,IF,Hitter Strikeouts,0.5,goblin,pre_game,2026-08-08T16:10:00.000-04:00
Alika Williams,ATH,IF,Stolen Bases,0.5,demon,pre_game,2026-08-08T16:10:00.000-04:00
Jake Bennett,BOS,P,Earned Runs Allowed,0.5,goblin,pre_game,2026-08-08T16:10:00.000-04:00
Tommy White,ATH,IF,Stolen Bases,0.5,demon,pre_game,2026-08-08T16:10:00.000-04:00
Nick Sogard,BOS,IF,Stolen Bases,0.5,demon,pre_game,2026-08-08T16:10:00.000-04:00
Andruw Monasterio,BOS,IF,Stolen Bases,0.5,demon,pre_game,2026-08-08T16:10:00.000-04:00
Jahmai Jones,BOS,DH,Walks,0.5,demon,pre_game,2026-08-08T16:10:00.000-04:00
Eli White,BOS,OF,Total Bases,0.5,goblin,pre_game,2026-08-08T16:10:00.000-04:00
Henry Bolte,ATH,OF,Total Bases,0.5,goblin,pre_game,2026-08-08T16:10:00.000-04:00
Henry Bolte,ATH,OF,Walks,0.5,demon,pre_game,2026-08-08T16:10:00.000-04:00
Ceddanne Rafaela,BOS,OF,Total Bases,0.5,goblin,pre_game,2026-08-08T16:10:00.000-04:00
Ceddanne Rafaela,BOS,OF,Runs,0.5,standard,pre_game,2026-08-08T16:10:00.000-04:00
Henry Bolte,ATH,OF,Stolen Bases,0.5,demon,pre_game,2026-08-08T16:10:00.000-04:00
Andruw Monasterio,BOS,IF,Total Bases,0.5,goblin,pre_game,2026-08-08T16:10:00.000-04:00
Connor Wong,BOS,C,Runs,0.5,demon,pre_game,2026-08-08T16:10:00.000-04:00
Tyler Soderstrom,ATH,OF,Total Bases,0.5,goblin,pre_game,2026-08-08T16:10:00.000-04:00
Willson Contreras,BOS,IF,Stolen Bases,0.5,demon,pre_game,2026-08-08T16:10:00.000-04:00
Eli White,BOS,OF,Stolen Bases,0.5,demon,pre_game,2026-08-08T16:10:00.000-04:00
Jacob Wilson,ATH,IF,Total Bases,0.5,goblin,pre_game,2026-08-08T16:10:00.000-04:00
Alika Williams,ATH,IF,Hits,0.5,standard,pre_game,2026-08-08T16:10:00.000-04:00
Gage Jump + Jake Bennett,ATH/BOS,P,1st Inning Runs Allowed,0.5,standard,pre_game,2026-08-08T16:10:00.000-04:00
Jahmai Jones,BOS,DH,Hitter Strikeouts,0.5,goblin,pre_game,2026-08-08T16:10:00.000-04:00
Alika Williams,ATH,IF,Total Bases,0.5,standard,pre_game,2026-08-08T16:10:00.000-04:00
Andruw Monasterio,BOS,IF,Singles,0.5,standard,pre_game,2026-08-08T16:10:00.000-04:00
Connor Wong,BOS,C,Hitter Strikeouts,0.5,goblin,pre_game,2026-08-08T16:10:00.000-04:00
Nick Sogard,BOS,IF,Hitter Strikeouts,0.5,goblin,pre_game,2026-08-08T16:10:00.000-04:00
Eli White,BOS,OF,Hitter Strikeouts,0.5,goblin,pre_game,2026-08-08T16:10:00.000-04:00
Andruw Monasterio,BOS,IF,Hitter Strikeouts,0.5,goblin,pre_game,2026-08-08T16:10:00.000-04:00
Caleb Durbin,BOS,IF,Hitter Strikeouts,0.5,demon,pre_game,2026-08-08T16:10:00.000-04:00
Tommy White,ATH,IF,Hitter Strikeouts,0.5,goblin,pre_game,2026-08-08T16:10:00.000-04:00
Alika Williams,ATH,IF,Hitter Strikeouts,0.5,goblin,pre_game,2026-08-08T16:10:00.000-04:00
Tyler Soderstrom,ATH,OF,Hitter Strikeouts,0.5,goblin,pre_game,2026-08-08T16:10:00.000-04:00
Jonah Heim,ATH,C,Hitter Strikeouts,0.5,goblin,pre_game,2026-08-08T16:10:00.000-04:00
Lawrence Butler,ATH,OF,Hitter Strikeouts,0.5,goblin,pre_game,2026-08-08T16:10:00.000-04:00
Tommy White,ATH,IF,Singles,0.5,standard,pre_game,2026-08-08T16:10:00.000-04:00
Jarren Duran,BOS,OF,Stolen Bases,0.5,demon,pre_game,2026-08-08T16:10:00.000-04:00
Tommy White,ATH,IF,Walks,0.5,demon,pre_game,2026-08-08T16:10:00.000-04:00
Jacob Wilson,ATH,IF,Walks,0.5,demon,pre_game,2026-08-08T16:10:00.000-04:00
Alika Williams,ATH,IF,Walks,0.5,demon,pre_game,2026-08-08T16:10:00.000-04:00
Brian Serven,ATH,C,Home Runs,0.5,demon,pre_game,2026-08-08T16:10:00.000-04:00
Brian Serven,ATH,C,Hits,0.5,goblin,pre_game,2026-08-08T16:10:00.000-04:00
Brian Serven,ATH,C,Total Bases,0.5,goblin,pre_game,2026-08-08T16:10:00.000-04:00
Brian Serven,ATH,C,Singles,0.5,demon,pre_game,2026-08-08T16:10:00.000-04:00
Brian Serven,ATH,C,Runs,0.5,demon,pre_game,2026-08-08T16:10:00.000-04:00
Brian Serven,ATH,C,Hitter Strikeouts,0.5,goblin,pre_game,2026-08-08T16:10:00.000-04:00
Brian Serven,ATH,C,RBIs,0.5,demon,pre_game,2026-08-08T16:10:00.000-04:00
Brian Serven,ATH,C,Hits+Runs+RBIs,0.5,goblin,pre_game,2026-08-08T16:10:00.000-04:00
Brian Serven,ATH,C,Doubles,0.5,demon,pre_game,2026-08-08T16:10:00.000-04:00
Jarren Duran,BOS,OF,Walks,0.5,demon,pre_game,2026-08-08T16:10:00.000-04:00
Jarren Duran,BOS,OF,Hitter Strikeouts,0.5,goblin,pre_game,2026-08-08T16:10:00.000-04:00
Jarren Duran,BOS,OF,Total Bases,0.5,goblin,pre_game,2026-08-08T16:10:00.000-04:00
Jarren Duran,BOS,OF,Triples,0.5,demon,pre_game,2026-08-08T16:10:00.000-04:00
Brian Serven,ATH,C,Walks,0.5,demon,pre_game,2026-08-08T16:10:00.000-04:00
Aaron Nola,PHI,P,Pitcher Strikeouts,4.5,standard,pre_game,2026-08-08T18:05:00.000-04:00
Max Scherzer,TOR,P,Pitcher Strikeouts,3.5,standard,pre_game,2026-08-08T18:05:00.000-04:00
Aaron Nola,PHI,P,Pitches Thrown,99.5,demon,pre_game,2026-08-08T18:05:00.000-04:00
Aaron Nola,PHI,P,Pitches Thrown,93.5,standard,pre_game,2026-08-08T18:05:00.000-04:00
Aaron Nola,PHI,P,Pitches Thrown,88.5,goblin,pre_game,2026-08-08T18:05:00.000-04:00
Aaron Nola,PHI,P,Pitcher Fantasy Score,34.5,demon,pre_game,2026-08-08T18:05:00.000-04:00
Aaron Nola,PHI,P,Pitcher Fantasy Score,26.5,standard,pre_game,2026-08-08T18:05:00.000-04:00
Max Scherzer,TOR,P,Pitcher Fantasy Score,25.5,demon,pre_game,2026-08-08T18:05:00.000-04:00
Aaron Nola,PHI,P,Batters Faced,24.5,standard,pre_game,2026-08-08T18:05:00.000-04:00
Max Scherzer,TOR,P,Batters Faced,21.5,standard,pre_game,2026-08-08T18:05:00.000-04:00
Kyle Schwarber,PHI,DH,Pitches Seen,19.5,standard,pre_game,2026-08-08T18:05:00.000-04:00
Max Scherzer,TOR,P,Pitcher Fantasy Score,18.5,standard,pre_game,2026-08-08T18:05:00.000-04:00
Aaron Nola,PHI,P,Pitcher Fantasy Score,18.5,goblin,pre_game,2026-08-08T18:05:00.000-04:00
Kazuma Okamoto,TOR,IF,Pitches Seen,16.5,standard,pre_game,2026-08-08T18:05:00.000-04:00
George Springer,TOR,DH,Pitches Seen,16.5,standard,pre_game,2026-08-08T18:05:00.000-04:00
Vlad Guerrero Jr.,TOR,IF,Pitches Seen,16.5,standard,pre_game,2026-08-08T18:05:00.000-04:00
Bryce Harper,PHI,IF,Pitches Seen,16.5,standard,pre_game,2026-08-08T18:05:00.000-04:00
Nathan Lukes,TOR,OF,Pitches Seen,16.5,standard,pre_game,2026-08-08T18:05:00.000-04:00
Trea Turner,PHI,IF,Pitches Seen,15.5,standard,pre_game,2026-08-08T18:05:00.000-04:00
Luis Arraez,PHI,IF,Pitches Seen,15.5,standard,pre_game,2026-08-08T18:05:00.000-04:00
Kyle Schwarber,PHI,DH,Hitter Fantasy Score,13.5,demon,pre_game,2026-08-08T18:05:00.000-04:00
Max Scherzer,TOR,P,Pitcher Fantasy Score,11.5,goblin,pre_game,2026-08-08T18:05:00.000-04:00
Trea Turner,PHI,IF,Hitter Fantasy Score,10.5,demon,pre_game,2026-08-08T18:05:00.000-04:00
Vlad Guerrero Jr.,TOR,IF,Hitter Fantasy Score,10.5,demon,pre_game,2026-08-08T18:05:00.000-04:00
Brandon Marsh,PHI,OF,Hitter Fantasy Score,10.5,demon,pre_game,2026-08-08T18:05:00.000-04:00
Nathan Lukes,TOR,OF,Hitter Fantasy Score,9.5,demon,pre_game,2026-08-08T18:05:00.000-04:00
George Springer,TOR,DH,Hitter Fantasy Score,9.5,demon,pre_game,2026-08-08T18:05:00.000-04:00
J.T. Realmuto,PHI,C,Hitter Fantasy Score,9.5,demon,pre_game,2026-08-08T18:05:00.000-04:00
Bryce Harper,PHI,IF,Hitter Fantasy Score,9.5,demon,pre_game,2026-08-08T18:05:00.000-04:00
Alejandro Kirk,TOR,C,Hitter Fantasy Score,9.5,demon,pre_game,2026-08-08T18:05:00.000-04:00
Luis Arraez,PHI,IF,Hitter Fantasy Score,9.5,demon,pre_game,2026-08-08T18:05:00.000-04:00
Jesús Sánchez,TOR,OF,Hitter Fantasy Score,9.5,demon,pre_game,2026-08-08T18:05:00.000-04:00
Bryson Stott,PHI,IF,Hitter Fantasy Score,8.5,demon,pre_game,2026-08-08T18:05:00.000-04:00
Alec Bohm,PHI,IF,Hitter Fantasy Score,8.5,demon,pre_game,2026-08-08T18:05:00.000-04:00
Justin Crawford,PHI,OF,Hitter Fantasy Score,8.5,demon,pre_game,2026-08-08T18:05:00.000-04:00
Andrés Giménez,TOR,IF,Hitter Fantasy Score,7.5,demon,pre_game,2026-08-08T18:05:00.000-04:00
Kazuma Okamoto,TOR,IF,Hitter Fantasy Score,7.5,demon,pre_game,2026-08-08T18:05:00.000-04:00
Ernie Clement,TOR,IF,Hitter Fantasy Score,7.5,demon,pre_game,2026-08-08T18:05:00.000-04:00
Myles Straw,TOR,OF,Hitter Fantasy Score,7.5,demon,pre_game,2026-08-08T18:05:00.000-04:00
Kyle Schwarber,PHI,DH,Hitter Fantasy Score,6.5,standard,pre_game,2026-08-08T18:05:00.000-04:00
Vlad Guerrero Jr.,TOR,IF,Hitter Fantasy Score,6.5,standard,pre_game,2026-08-08T18:05:00.000-04:00
Bryce Harper,PHI,IF,Hitter Fantasy Score,6.0,standard,pre_game,2026-08-08T18:05:00.000-04:00
Nathan Lukes,TOR,OF,Hitter Fantasy Score,5.5,standard,pre_game,2026-08-08T18:05:00.000-04:00
Trea Turner,PHI,IF,Hitter Fantasy Score,5.5,standard,pre_game,2026-08-08T18:05:00.000-04:00
George Springer,TOR,DH,Hitter Fantasy Score,5.5,standard,pre_game,2026-08-08T18:05:00.000-04:00
Brandon Marsh,PHI,OF,Hitter Fantasy Score,5.5,standard,pre_game,2026-08-08T18:05:00.000-04:00
Alejandro Kirk,TOR,C,Hitter Fantasy Score,5.5,standard,pre_game,2026-08-08T18:05:00.000-04:00
Luis Arraez,PHI,IF,Hitter Fantasy Score,5.5,standard,pre_game,2026-08-08T18:05:00.000-04:00
Bryson Stott,PHI,IF,Hitter Fantasy Score,5.0,standard,pre_game,2026-08-08T18:05:00.000-04:00
Alec Bohm,PHI,IF,Hitter Fantasy Score,5.0,standard,pre_game,2026-08-08T18:05:00.000-04:00
Kazuma Okamoto,TOR,IF,Hitter Fantasy Score,4.5,standard,pre_game,2026-08-08T18:05:00.000-04:00
Ernie Clement,TOR,IF,Hitter Fantasy Score,4.5,standard,pre_game,2026-08-08T18:05:00.000-04:00
J.T. Realmuto,PHI,C,Hitter Fantasy Score,4.5,standard,pre_game,2026-08-08T18:05:00.000-04:00
Jesús Sánchez,TOR,OF,Hitter Fantasy Score,4.5,standard,pre_game,2026-08-08T18:05:00.000-04:00
Kazuma Okamoto,TOR,IF,Plate Appearances,4.5,demon,pre_game,2026-08-08T18:05:00.000-04:00
Trea Turner,PHI,IF,Plate Appearances,4.5,demon,pre_game,2026-08-08T18:05:00.000-04:00
George Springer,TOR,DH,Plate Appearances,4.5,demon,pre_game,2026-08-08T18:05:00.000-04:00
Vlad Guerrero Jr.,TOR,IF,Plate Appearances,4.5,standard,pre_game,2026-08-08T18:05:00.000-04:00
Bryce Harper,PHI,IF,Plate Appearances,4.5,demon,pre_game,2026-08-08T18:05:00.000-04:00
Nathan Lukes,TOR,OF,Plate Appearances,4.5,goblin,pre_game,2026-08-08T18:05:00.000-04:00
Luis Arraez,PHI,IF,Plate Appearances,4.5,demon,pre_game,2026-08-08T18:05:00.000-04:00
Kyle Schwarber,PHI,DH,Plate Appearances,4.5,goblin,pre_game,2026-08-08T18:05:00.000-04:00
Nathan Lukes,TOR,OF,Hitter Fantasy Score,3.5,goblin,pre_game,2026-08-08T18:05:00.000-04:00
Kyle Schwarber,PHI,DH,Hitter Fantasy Score,3.5,goblin,pre_game,2026-08-08T18:05:00.000-04:00
Vlad Guerrero Jr.,TOR,IF,Hitter Fantasy Score,3.5,goblin,pre_game,2026-08-08T18:05:00.000-04:00
Andrés Giménez,TOR,IF,Hitter Fantasy Score,3.5,standard,pre_game,2026-08-08T18:05:00.000-04:00
Justin Crawford,PHI,OF,Hitter Fantasy Score,3.5,standard,pre_game,2026-08-08T18:05:00.000-04:00
Luis Arraez,PHI,IF,Hitter Fantasy Score,3.5,goblin,pre_game,2026-08-08T18:05:00.000-04:00
Myles Straw,TOR,OF,Hitter Fantasy Score,3.5,standard,pre_game,2026-08-08T18:05:00.000-04:00
Trea Turner,PHI,IF,Hitter Fantasy Score,2.5,goblin,pre_game,2026-08-08T18:05:00.000-04:00
George Springer,TOR,DH,Hitter Fantasy Score,2.5,goblin,pre_game,2026-08-08T18:05:00.000-04:00
Kazuma Okamoto,TOR,IF,Hitter Fantasy Score,2.5,goblin,pre_game,2026-08-08T18:05:00.000-04:00
Bryson Stott,PHI,IF,Hitter Fantasy Score,2.5,goblin,pre_game,2026-08-08T18:05:00.000-04:00
Alec Bohm,PHI,IF,Hitter Fantasy Score,2.5,goblin,pre_game,2026-08-08T18:05:00.000-04:00
Ernie Clement,TOR,IF,Hitter Fantasy Score,2.5,goblin,pre_game,2026-08-08T18:05:00.000-04:00
J.T. Realmuto,PHI,C,Hitter Fantasy Score,2.5,goblin,pre_game,2026-08-08T18:05:00.000-04:00
Brandon Marsh,PHI,OF,Hitter Fantasy Score,2.5,goblin,pre_game,2026-08-08T18:05:00.000-04:00
Bryce Harper,PHI,IF,Hitter Fantasy Score,2.5,goblin,pre_game,2026-08-08T18:05:00.000-04:00
Alejandro Kirk,TOR,C,Hitter Fantasy Score,2.5,goblin,pre_game,2026-08-08T18:05:00.000-04:00
Jesús Sánchez,TOR,OF,Hitter Fantasy Score,2.5,goblin,pre_game,2026-08-08T18:05:00.000-04:00
Andrés Giménez,TOR,IF,Hitter Fantasy Score,1.5,goblin,pre_game,2026-08-08T18:05:00.000-04:00
Justin Crawford,PHI,OF,Hitter Fantasy Score,1.5,goblin,pre_game,2026-08-08T18:05:00.000-04:00
Myles Straw,TOR,OF,Hitter Fantasy Score,1.5,goblin,pre_game,2026-08-08T18:05:00.000-04:00
Aaron Nola,PHI,P,Pitching Outs,20.5,demon,pre_game,2026-08-08T18:05:00.000-04:00
Aaron Nola,PHI,P,Pitching Outs,17.5,standard,pre_game,2026-08-08T18:05:00.000-04:00
Max Scherzer,TOR,P,Pitching Outs,17.5,demon,pre_game,2026-08-08T18:05:00.000-04:00
Max Scherzer,TOR,P,Pitching Outs,14.5,goblin,pre_game,2026-08-08T18:05:00.000-04:00
Aaron Nola,PHI,P,Pitching Outs,14.5,goblin,pre_game,2026-08-08T18:05:00.000-04:00
Max Scherzer,TOR,P,Pitching Outs,11.5,goblin,pre_game,2026-08-08T18:05:00.000-04:00
Aaron Nola,PHI,P,Hits Allowed,10.5,demon,pre_game,2026-08-08T18:05:00.000-04:00
Max Scherzer + Aaron Nola,TOR/PHI,P,Pitcher Strikeouts (Combo),9.5,demon,pre_game,2026-08-08T18:05:00.000-04:00
Max Scherzer,TOR,P,Hits Allowed,9.5,demon,pre_game,2026-08-08T18:05:00.000-04:00
Max Scherzer,TOR,P,Pitcher Strikeouts,8.5,demon,pre_game,2026-08-08T18:05:00.000-04:00
Aaron Nola,PHI,P,Pitcher Strikeouts,7.5,demon,pre_game,2026-08-08T18:05:00.000-04:00
Bryce Harper,PHI,IF,Hits+Runs+RBIs,7.5,demon,pre_game,2026-08-08T18:05:00.000-04:00
Kyle Schwarber,PHI,DH,Total Bases,7.5,demon,pre_game,2026-08-08T18:05:00.000-04:00
Max Scherzer,TOR,P,Earned Runs Allowed,7.5,demon,pre_game,2026-08-08T18:05:00.000-04:00
Kyle Schwarber,PHI,DH,Hits+Runs+RBIs,7.5,demon,pre_game,2026-08-08T18:05:00.000-04:00
Aaron Nola,PHI,P,Hits Allowed,7.5,demon,pre_game,2026-08-08T18:05:00.000-04:00
Max Scherzer,TOR,P,Pitcher Strikeouts,6.5,demon,pre_game,2026-08-08T18:05:00.000-04:00
Aaron Nola,PHI,P,Pitcher Strikeouts,6.5,demon,pre_game,2026-08-08T18:05:00.000-04:00
Aaron Nola,PHI,P,Hits Allowed,6.5,demon,pre_game,2026-08-08T18:05:00.000-04:00
Bryce Harper,PHI,IF,Total Bases,6.5,demon,pre_game,2026-08-08T18:05:00.000-04:00
Max Scherzer,TOR,P,Hits Allowed,6.5,demon,pre_game,2026-08-08T18:05:00.000-04:00
George Springer,TOR,DH,Hits+Runs+RBIs,6.5,demon,pre_game,2026-08-08T18:05:00.000-04:00
Trea Turner,PHI,IF,Hits+Runs+RBIs,6.5,demon,pre_game,2026-08-08T18:05:00.000-04:00
Brandon Marsh,PHI,OF,Hits+Runs+RBIs,6.5,demon,pre_game,2026-08-08T18:05:00.000-04:00
Aaron Nola,PHI,P,Earned Runs Allowed,6.5,demon,pre_game,2026-08-08T18:05:00.000-04:00
Kazuma Okamoto,TOR,IF,Hits+Runs+RBIs,6.5,demon,pre_game,2026-08-08T18:05:00.000-04:00
Alejandro Kirk,TOR,C,Hits+Runs+RBIs,6.5,demon,pre_game,2026-08-08T18:05:00.000-04:00
Vlad Guerrero Jr.,TOR,IF,Hits+Runs+RBIs,6.5,demon,pre_game,2026-08-08T18:05:00.000-04:00
Luis Arraez,PHI,IF,Hits+Runs+RBIs,6.5,demon,pre_game,2026-08-08T18:05:00.000-04:00
Alec Bohm,PHI,IF,Hits+Runs+RBIs,6.5,demon,pre_game,2026-08-08T18:05:00.000-04:00
Alejandro Kirk,TOR,C,Total Bases,5.5,demon,pre_game,2026-08-08T18:05:00.000-04:00
Nathan Lukes,TOR,OF,Total Bases,5.5,demon,pre_game,2026-08-08T18:05:00.000-04:00
Jesús Sánchez,TOR,OF,Total Bases,5.5,demon,pre_game,2026-08-08T18:05:00.000-04:00
Vlad Guerrero Jr.,TOR,IF,Total Bases,5.5,demon,pre_game,2026-08-08T18:05:00.000-04:00
Ernie Clement,TOR,IF,Total Bases,5.5,demon,pre_game,2026-08-08T18:05:00.000-04:00
Brandon Marsh,PHI,OF,Total Bases,5.5,demon,pre_game,2026-08-08T18:05:00.000-04:00
Max Scherzer,TOR,P,Pitcher Strikeouts,5.5,demon,pre_game,2026-08-08T18:05:00.000-04:00
Aaron Nola,PHI,P,Pitcher Strikeouts,5.5,demon,pre_game,2026-08-08T18:05:00.000-04:00
Aaron Nola,PHI,P,Hits Allowed,5.5,goblin,pre_game,2026-08-08T18:05:00.000-04:00
Max Scherzer,TOR,P,Hits Allowed,5.5,demon,pre_game,2026-08-08T18:05:00.000-04:00
Trea Turner,PHI,IF,Total Bases,5.5,demon,pre_game,2026-08-08T18:05:00.000-04:00
Kazuma Okamoto,TOR,IF,Total Bases,5.5,demon,pre_game,2026-08-08T18:05:00.000-04:00
Andrés Giménez,TOR,IF,Hits+Runs+RBIs,5.5,demon,pre_game,2026-08-08T18:05:00.000-04:00
George Springer,TOR,DH,Total Bases,5.5,demon,pre_game,2026-08-08T18:05:00.000-04:00
Bryson Stott,PHI,IF,Total Bases,5.5,demon,pre_game,2026-08-08T18:05:00.000-04:00
Alec Bohm,PHI,IF,Total Bases,5.5,demon,pre_game,2026-08-08T18:05:00.000-04:00
Ernie Clement,TOR,IF,Hits+Runs+RBIs,5.5,demon,pre_game,2026-08-08T18:05:00.000-04:00
J.T. Realmuto,PHI,C,Hits+Runs+RBIs,5.5,demon,pre_game,2026-08-08T18:05:00.000-04:00
Bryson Stott,PHI,IF,Hits+Runs+RBIs,5.5,demon,pre_game,2026-08-08T18:05:00.000-04:00
Jesús Sánchez,TOR,OF,Hits+Runs+RBIs,5.5,demon,pre_game,2026-08-08T18:05:00.000-04:00
Nathan Lukes,TOR,OF,Hits+Runs+RBIs,5.5,demon,pre_game,2026-08-08T18:05:00.000-04:00
Justin Crawford,PHI,OF,Hits+Runs+RBIs,5.5,demon,pre_game,2026-08-08T18:05:00.000-04:00
J.T. Realmuto,PHI,C,Total Bases,5.5,demon,pre_game,2026-08-08T18:05:00.000-04:00
Luis Arraez,PHI,IF,Total Bases,4.5,demon,pre_game,2026-08-08T18:05:00.000-04:00
Bryce Harper,PHI,IF,Total Bases,4.5,demon,pre_game,2026-08-08T18:05:00.000-04:00
Justin Crawford,PHI,OF,Total Bases,4.5,demon,pre_game,2026-08-08T18:05:00.000-04:00
Max Scherzer,TOR,P,Pitcher Strikeouts,4.5,demon,pre_game,2026-08-08T18:05:00.000-04:00
Andrés Giménez,TOR,IF,Total Bases,4.5,demon,pre_game,2026-08-08T18:05:00.000-04:00
Aaron Nola,PHI,P,Hits Allowed,4.5,goblin,pre_game,2026-08-08T18:05:00.000-04:00
Kyle Schwarber,PHI,DH,Hits+Runs+RBIs,4.5,demon,pre_game,2026-08-08T18:05:00.000-04:00
Alec Bohm,PHI,IF,Hits+Runs+RBIs,4.5,demon,pre_game,2026-08-08T18:05:00.000-04:00
Ernie Clement,TOR,IF,Hits+Runs+RBIs,4.5,demon,pre_game,2026-08-08T18:05:00.000-04:00
Brandon Marsh,PHI,OF,Hits+Runs+RBIs,4.5,demon,pre_game,2026-08-08T18:05:00.000-04:00
Myles Straw,TOR,OF,Hits+Runs+RBIs,4.5,demon,pre_game,2026-08-08T18:05:00.000-04:00
Garrett Stubbs,PHI,C,Hits+Runs+RBIs,4.5,demon,pre_game,2026-08-08T18:05:00.000-04:00
Alejandro Kirk,TOR,C,Hits+Runs+RBIs,4.5,demon,pre_game,2026-08-08T18:05:00.000-04:00
Trea Turner,PHI,IF,Hits+Runs+RBIs,4.5,demon,pre_game,2026-08-08T18:05:00.000-04:00
Bryce Harper,PHI,IF,Hits+Runs+RBIs,4.5,demon,pre_game,2026-08-08T18:05:00.000-04:00
Justin Crawford,PHI,OF,Hits+Runs+RBIs,4.5,demon,pre_game,2026-08-08T18:05:00.000-04:00
Nathan Lukes,TOR,OF,Hits+Runs+RBIs,4.5,demon,pre_game,2026-08-08T18:05:00.000-04:00
Luis Arraez,PHI,IF,Hits+Runs+RBIs,4.5,demon,pre_game,2026-08-08T18:05:00.000-04:00
Bryson Stott,PHI,IF,Hits+Runs+RBIs,4.5,demon,pre_game,2026-08-08T18:05:00.000-04:00
Vlad Guerrero Jr.,TOR,IF,Hits+Runs+RBIs,4.5,demon,pre_game,2026-08-08T18:05:00.000-04:00
J.T. Realmuto,PHI,C,Hits+Runs+RBIs,4.5,demon,pre_game,2026-08-08T18:05:00.000-04:00
George Springer,TOR,DH,Hits+Runs+RBIs,4.5,demon,pre_game,2026-08-08T18:05:00.000-04:00
Aaron Nola,PHI,P,Earned Runs Allowed,4.5,demon,pre_game,2026-08-08T18:05:00.000-04:00
Max Scherzer,TOR,P,Earned Runs Allowed,4.5,demon,pre_game,2026-08-08T18:05:00.000-04:00
Max Scherzer,TOR,P,Hits Allowed,4.5,goblin,pre_game,2026-08-08T18:05:00.000-04:00
Kazuma Okamoto,TOR,IF,Hits+Runs+RBIs,4.5,demon,pre_game,2026-08-08T18:05:00.000-04:00
Nathan Lukes,TOR,OF,Total Bases,3.5,demon,pre_game,2026-08-08T18:05:00.000-04:00
Jesús Sánchez,TOR,OF,Total Bases,3.5,demon,pre_game,2026-08-08T18:05:00.000-04:00
Luis Arraez,PHI,IF,Total Bases,3.5,demon,pre_game,2026-08-08T18:05:00.000-04:00
Myles Straw,TOR,OF,Total Bases,3.5,demon,pre_game,2026-08-08T18:05:00.000-04:00
Bryce Harper,PHI,IF,Total Bases,3.5,demon,pre_game,2026-08-08T18:05:00.000-04:00
Garrett Stubbs,PHI,C,Total Bases,3.5,demon,pre_game,2026-08-08T18:05:00.000-04:00
Kyle Schwarber,PHI,DH,Total Bases,3.5,demon,pre_game,2026-08-08T18:05:00.000-04:00
Alejandro Kirk,TOR,C,Total Bases,3.5,demon,pre_game,2026-08-08T18:05:00.000-04:00
Alec Bohm,PHI,IF,Total Bases,3.5,demon,pre_game,2026-08-08T18:05:00.000-04:00
Ernie Clement,TOR,IF,Total Bases,3.5,demon,pre_game,2026-08-08T18:05:00.000-04:00
George Springer,TOR,DH,Total Bases,3.5,demon,pre_game,2026-08-08T18:05:00.000-04:00
Bryson Stott,PHI,IF,Total Bases,3.5,demon,pre_game,2026-08-08T18:05:00.000-04:00
Brandon Marsh,PHI,OF,Total Bases,3.5,demon,pre_game,2026-08-08T18:05:00.000-04:00
Justin Crawford,PHI,OF,Total Bases,3.5,demon,pre_game,2026-08-08T18:05:00.000-04:00
Andrés Giménez,TOR,IF,Total Bases,3.5,demon,pre_game,2026-08-08T18:05:00.000-04:00
Vlad Guerrero Jr.,TOR,IF,Total Bases,3.5,demon,pre_game,2026-08-08T18:05:00.000-04:00
Trea Turner,PHI,IF,Total Bases,3.5,demon,pre_game,2026-08-08T18:05:00.000-04:00
Aaron Nola,PHI,P,Pitcher Strikeouts,3.5,goblin,pre_game,2026-08-08T18:05:00.000-04:00
Kazuma Okamoto,TOR,IF,Total Bases,3.5,demon,pre_game,2026-08-08T18:05:00.000-04:00
Max Scherzer,TOR,P,Hits Allowed,3.5,goblin,pre_game,2026-08-08T18:05:00.000-04:00
Myles Straw,TOR,OF,Hits+Runs+RBIs,3.5,demon,pre_game,2026-08-08T18:05:00.000-04:00
Justin Crawford,PHI,OF,Hits+Runs+RBIs,3.5,demon,pre_game,2026-08-08T18:05:00.000-04:00
Kazuma Okamoto,TOR,IF,Hits+Runs+RBIs,3.5,demon,pre_game,2026-08-08T18:05:00.000-04:00
Alejandro Kirk,TOR,C,Hits+Runs+RBIs,3.5,demon,pre_game,2026-08-08T18:05:00.000-04:00
Andrés Giménez,TOR,IF,Hits+Runs+RBIs,3.5,demon,pre_game,2026-08-08T18:05:00.000-04:00
George Springer,TOR,DH,Hits+Runs+RBIs,3.5,demon,pre_game,2026-08-08T18:05:00.000-04:00
Jesús Sánchez,TOR,OF,Hits+Runs+RBIs,3.5,demon,pre_game,2026-08-08T18:05:00.000-04:00
J.T. Realmuto,PHI,C,Total Bases,3.5,demon,pre_game,2026-08-08T18:05:00.000-04:00
Alec Bohm,PHI,IF,Hits+Runs+RBIs,3.5,demon,pre_game,2026-08-08T18:05:00.000-04:00
Ernie Clement,TOR,IF,Hits+Runs+RBIs,3.5,demon,pre_game,2026-08-08T18:05:00.000-04:00
Aaron Nola,PHI,P,Earned Runs Allowed,3.5,demon,pre_game,2026-08-08T18:05:00.000-04:00
Kyle Schwarber,PHI,DH,Hits+Runs+RBIs,3.5,demon,pre_game,2026-08-08T18:05:00.000-04:00
J.T. Realmuto,PHI,C,Hits+Runs+RBIs,3.5,demon,pre_game,2026-08-08T18:05:00.000-04:00
Trea Turner,PHI,IF,Hits+Runs+RBIs,3.5,demon,pre_game,2026-08-08T18:05:00.000-04:00
Bryson Stott,PHI,IF,Hits+Runs+RBIs,3.5,demon,pre_game,2026-08-08T18:05:00.000-04:00
Brandon Marsh,PHI,OF,Hits+Runs+RBIs,3.5,demon,pre_game,2026-08-08T18:05:00.000-04:00
Bryce Harper,PHI,IF,Hits+Runs+RBIs,3.5,demon,pre_game,2026-08-08T18:05:00.000-04:00
Max Scherzer,TOR,P,Earned Runs Allowed,3.5,demon,pre_game,2026-08-08T18:05:00.000-04:00
Luis Arraez,PHI,IF,Hits+Runs+RBIs,3.5,demon,pre_game,2026-08-08T18:05:00.000-04:00
Nathan Lukes,TOR,OF,Hits+Runs+RBIs,3.5,demon,pre_game,2026-08-08T18:05:00.000-04:00
Vlad Guerrero Jr.,TOR,IF,Hits+Runs+RBIs,3.5,demon,pre_game,2026-08-08T18:05:00.000-04:00
Garrett Stubbs,PHI,C,Hits+Runs+RBIs,3.5,demon,pre_game,2026-08-08T18:05:00.000-04:00
Aaron Nola,PHI,P,Hits Allowed,3.5,goblin,pre_game,2026-08-08T18:05:00.000-04:00
Max Scherzer,TOR,P,Walks Allowed,3.5,demon,pre_game,2026-08-08T18:05:00.000-04:00
Aaron Nola,PHI,P,Walks Allowed,3.5,demon,pre_game,2026-08-08T18:05:00.000-04:00
Vlad Guerrero Jr.,TOR,IF,Total Bases,2.5,demon,pre_game,2026-08-08T18:05:00.000-04:00
Myles Straw,TOR,OF,Total Bases,2.5,demon,pre_game,2026-08-08T18:05:00.000-04:00
Alec Bohm,PHI,IF,Total Bases,2.5,demon,pre_game,2026-08-08T18:05:00.000-04:00
George Springer,TOR,DH,Total Bases,2.5,demon,pre_game,2026-08-08T18:05:00.000-04:00
Jesús Sánchez,TOR,OF,Total Bases,2.5,demon,pre_game,2026-08-08T18:05:00.000-04:00
Garrett Stubbs,PHI,C,Total Bases,2.5,demon,pre_game,2026-08-08T18:05:00.000-04:00
Kyle Schwarber,PHI,DH,Total Bases,2.5,demon,pre_game,2026-08-08T18:05:00.000-04:00
Alejandro Kirk,TOR,C,Total Bases,2.5,demon,pre_game,2026-08-08T18:05:00.000-04:00
Bryce Harper,PHI,IF,Total Bases,2.5,demon,pre_game,2026-08-08T18:05:00.000-04:00
Ernie Clement,TOR,IF,Total Bases,2.5,demon,pre_game,2026-08-08T18:05:00.000-04:00
Bryson Stott,PHI,IF,Total Bases,2.5,demon,pre_game,2026-08-08T18:05:00.000-04:00
Brandon Marsh,PHI,OF,Total Bases,2.5,demon,pre_game,2026-08-08T18:05:00.000-04:00
Luis Arraez,PHI,IF,Total Bases,2.5,demon,pre_game,2026-08-08T18:05:00.000-04:00
Justin Crawford,PHI,OF,Total Bases,2.5,demon,pre_game,2026-08-08T18:05:00.000-04:00
Nathan Lukes,TOR,OF,Total Bases,2.5,demon,pre_game,2026-08-08T18:05:00.000-04:00
Max Scherzer,TOR,P,Pitcher Strikeouts,2.5,goblin,pre_game,2026-08-08T18:05:00.000-04:00
Andrés Giménez,TOR,IF,Total Bases,2.5,demon,pre_game,2026-08-08T18:05:00.000-04:00
Trea Turner,PHI,IF,Total Bases,2.5,demon,pre_game,2026-08-08T18:05:00.000-04:00
Kazuma Okamoto,TOR,IF,Total Bases,2.5,demon,pre_game,2026-08-08T18:05:00.000-04:00
Aaron Nola,PHI,P,Pitcher Strikeouts,2.5,goblin,pre_game,2026-08-08T18:05:00.000-04:00
Aaron Nola,PHI,P,Earned Runs Allowed,2.5,standard,pre_game,2026-08-08T18:05:00.000-04:00
Luis Arraez,PHI,IF,Hits+Runs+RBIs,2.5,demon,pre_game,2026-08-08T18:05:00.000-04:00
Trea Turner,PHI,IF,Hitter Strikeouts,2.5,demon,pre_game,2026-08-08T18:05:00.000-04:00
Kyle Schwarber,PHI,DH,Hitter Strikeouts,2.5,demon,pre_game,2026-08-08T18:05:00.000-04:00
Bryce Harper,PHI,IF,Hitter Strikeouts,2.5,demon,pre_game,2026-08-08T18:05:00.000-04:00
George Springer,TOR,DH,Hits,2.5,demon,pre_game,2026-08-08T18:05:00.000-04:00
Kazuma Okamoto,TOR,IF,Hitter Strikeouts,2.5,demon,pre_game,2026-08-08T18:05:00.000-04:00
George Springer,TOR,DH,Hitter Strikeouts,2.5,demon,pre_game,2026-08-08T18:05:00.000-04:00
Kazuma Okamoto,TOR,IF,Hits,2.5,demon,pre_game,2026-08-08T18:05:00.000-04:00
Ernie Clement,TOR,IF,Hits,2.5,demon,pre_game,2026-08-08T18:05:00.000-04:00
Vlad Guerrero Jr.,TOR,IF,Hits,2.5,demon,pre_game,2026-08-08T18:05:00.000-04:00
Luis Arraez,PHI,IF,Hits,2.5,demon,pre_game,2026-08-08T18:05:00.000-04:00
Nathan Lukes,TOR,OF,Hits,2.5,demon,pre_game,2026-08-08T18:05:00.000-04:00
Trea Turner,PHI,IF,RBIs,2.5,demon,pre_game,2026-08-08T18:05:00.000-04:00
Bryson Stott,PHI,IF,Hits,2.5,demon,pre_game,2026-08-08T18:05:00.000-04:00
J.T. Realmuto,PHI,C,Hits,2.5,demon,pre_game,2026-08-08T18:05:00.000-04:00
Luis Arraez,PHI,IF,RBIs,2.5,demon,pre_game,2026-08-08T18:05:00.000-04:00
Trea Turner,PHI,IF,Hits,2.5,demon,pre_game,2026-08-08T18:05:00.000-04:00
Kyle Schwarber,PHI,DH,Hits,2.5,demon,pre_game,2026-08-08T18:05:00.000-04:00
Kyle Schwarber,PHI,DH,Runs,2.5,demon,pre_game,2026-08-08T18:05:00.000-04:00
Alec Bohm,PHI,IF,Hits,2.5,demon,pre_game,2026-08-08T18:05:00.000-04:00
Kyle Schwarber,PHI,DH,RBIs,2.5,demon,pre_game,2026-08-08T18:05:00.000-04:00
Bryce Harper,PHI,IF,Hits,2.5,demon,pre_game,2026-08-08T18:05:00.000-04:00
Max Scherzer,TOR,P,Walks Allowed,2.5,demon,pre_game,2026-08-08T18:05:00.000-04:00
Brandon Marsh,PHI,OF,RBIs,2.5,demon,pre_game,2026-08-08T18:05:00.000-04:00
Jesús Sánchez,TOR,OF,RBIs,2.5,demon,pre_game,2026-08-08T18:05:00.000-04:00
Justin Crawford,PHI,OF,Hits,2.5,demon,pre_game,2026-08-08T18:05:00.000-04:00
Bryson Stott,PHI,IF,RBIs,2.5,demon,pre_game,2026-08-08T18:05:00.000-04:00
Bryce Harper,PHI,IF,Hits+Runs+RBIs,2.5,demon,pre_game,2026-08-08T18:05:00.000-04:00
Max Scherzer,TOR,P,Earned Runs Allowed,2.5,goblin,pre_game,2026-08-08T18:05:00.000-04:00
Alec Bohm,PHI,IF,RBIs,2.5,demon,pre_game,2026-08-08T18:05:00.000-04:00
Bryce Harper,PHI,IF,RBIs,2.5,demon,pre_game,2026-08-08T18:05:00.000-04:00
Alejandro Kirk,TOR,C,Hits,2.5,demon,pre_game,2026-08-08T18:05:00.000-04:00
Alejandro Kirk,TOR,C,RBIs,2.5,demon,pre_game,2026-08-08T18:05:00.000-04:00
J.T. Realmuto,PHI,C,RBIs,2.5,demon,pre_game,2026-08-08T18:05:00.000-04:00
George Springer,TOR,DH,RBIs,2.5,demon,pre_game,2026-08-08T18:05:00.000-04:00
Brandon Marsh,PHI,OF,Hits,2.5,demon,pre_game,2026-08-08T18:05:00.000-04:00
Kazuma Okamoto,TOR,IF,RBIs,2.5,demon,pre_game,2026-08-08T18:05:00.000-04:00
Trea Turner,PHI,IF,Hits+Runs+RBIs,2.5,demon,pre_game,2026-08-08T18:05:00.000-04:00
Ernie Clement,TOR,IF,Hits+Runs+RBIs,2.5,demon,pre_game,2026-08-08T18:05:00.000-04:00
Myles Straw,TOR,OF,Hits+Runs+RBIs,2.5,demon,pre_game,2026-08-08T18:05:00.000-04:00
Garrett Stubbs,PHI,C,Hits+Runs+RBIs,2.5,demon,pre_game,2026-08-08T18:05:00.000-04:00
Brandon Marsh,PHI,OF,Hits+Runs+RBIs,2.5,demon,pre_game,2026-08-08T18:05:00.000-04:00
Alejandro Kirk,TOR,C,Hits+Runs+RBIs,2.5,demon,pre_game,2026-08-08T18:05:00.000-04:00
George Springer,TOR,DH,Hits+Runs+RBIs,2.5,demon,pre_game,2026-08-08T18:05:00.000-04:00
Kazuma Okamoto,TOR,IF,Hits+Runs+RBIs,2.5,demon,pre_game,2026-08-08T18:05:00.000-04:00
Justin Crawford,PHI,OF,Hits+Runs+RBIs,2.5,demon,pre_game,2026-08-08T18:05:00.000-04:00
Nathan Lukes,TOR,OF,Hits+Runs+RBIs,2.5,demon,pre_game,2026-08-08T18:05:00.000-04:00
Andrés Giménez,TOR,IF,Hits+Runs+RBIs,2.5,demon,pre_game,2026-08-08T18:05:00.000-04:00
Alec Bohm,PHI,IF,Hits+Runs+RBIs,2.5,demon,pre_game,2026-08-08T18:05:00.000-04:00
Jesús Sánchez,TOR,OF,Hits+Runs+RBIs,2.5,demon,pre_game,2026-08-08T18:05:00.000-04:00
Bryson Stott,PHI,IF,Hits+Runs+RBIs,2.5,demon,pre_game,2026-08-08T18:05:00.000-04:00
Vlad Guerrero Jr.,TOR,IF,Hits+Runs+RBIs,2.5,demon,pre_game,2026-08-08T18:05:00.000-04:00
Andrés Giménez,TOR,IF,Hits,2.5,demon,pre_game,2026-08-08T18:05:00.000-04:00
Jesús Sánchez,TOR,OF,Hits,2.5,demon,pre_game,2026-08-08T18:05:00.000-04:00
Myles Straw,TOR,OF,Hits,2.5,demon,pre_game,2026-08-08T18:05:00.000-04:00
Kyle Schwarber,PHI,DH,Hits+Runs+RBIs,2.5,demon,pre_game,2026-08-08T18:05:00.000-04:00
J.T. Realmuto,PHI,C,Hits+Runs+RBIs,2.5,demon,pre_game,2026-08-08T18:05:00.000-04:00
Vlad Guerrero Jr.,TOR,IF,RBIs,2.5,demon,pre_game,2026-08-08T18:05:00.000-04:00
J.T. Realmuto,PHI,C,Total Bases,2.5,demon,pre_game,2026-08-08T18:05:00.000-04:00
Luis Arraez,PHI,IF,Hits,1.5,demon,pre_game,2026-08-08T18:05:00.000-04:00
Kyle Schwarber,PHI,DH,Hits+Runs+RBIs,1.5,goblin,pre_game,2026-08-08T18:05:00.000-04:00
Justin Crawford,PHI,OF,Runs,1.5,demon,pre_game,2026-08-08T18:05:00.000-04:00
Justin Crawford,PHI,OF,RBIs,1.5,demon,pre_game,2026-08-08T18:05:00.000-04:00
Alec Bohm,PHI,IF,Hits,1.5,demon,pre_game,2026-08-08T18:05:00.000-04:00
Jesús Sánchez,TOR,OF,Total Bases,1.5,demon,pre_game,2026-08-08T18:05:00.000-04:00
Trea Turner,PHI,IF,Hits+Runs+RBIs,1.5,goblin,pre_game,2026-08-08T18:05:00.000-04:00
Myles Straw,TOR,OF,Hits+Runs+RBIs,1.5,demon,pre_game,2026-08-08T18:05:00.000-04:00
Bryce Harper,PHI,IF,Hits+Runs+RBIs,1.5,goblin,pre_game,2026-08-08T18:05:00.000-04:00
Myles Straw,TOR,OF,Hits,1.5,demon,pre_game,2026-08-08T18:05:00.000-04:00
Alec Bohm,PHI,IF,Total Bases,1.5,demon,pre_game,2026-08-08T18:05:00.000-04:00
Jesús Sánchez,TOR,OF,Runs,1.5,demon,pre_game,2026-08-08T18:05:00.000-04:00
Luis Arraez,PHI,IF,Total Bases,1.5,demon,pre_game,2026-08-08T18:05:00.000-04:00
Myles Straw,TOR,OF,Runs,1.5,demon,pre_game,2026-08-08T18:05:00.000-04:00
Luis Arraez,PHI,IF,Hits+Runs+RBIs,1.5,goblin,pre_game,2026-08-08T18:05:00.000-04:00
Alec Bohm,PHI,IF,Hits+Runs+RBIs,1.5,goblin,pre_game,2026-08-08T18:05:00.000-04:00
Garrett Stubbs,PHI,C,Hits+Runs+RBIs,1.5,demon,pre_game,2026-08-08T18:05:00.000-04:00
Garrett Stubbs,PHI,C,Total Bases,1.5,demon,pre_game,2026-08-08T18:05:00.000-04:00
Vlad Guerrero Jr.,TOR,IF,Runs,1.5,demon,pre_game,2026-08-08T18:05:00.000-04:00
Bryson Stott,PHI,IF,Runs,1.5,demon,pre_game,2026-08-08T18:05:00.000-04:00
Trea Turner,PHI,IF,Hits,1.5,demon,pre_game,2026-08-08T18:05:00.000-04:00
Alejandro Kirk,TOR,C,Hits,1.5,demon,pre_game,2026-08-08T18:05:00.000-04:00
Alejandro Kirk,TOR,C,Total Bases,1.5,demon,pre_game,2026-08-08T18:05:00.000-04:00
Nathan Lukes,TOR,OF,Hits,1.5,demon,pre_game,2026-08-08T18:05:00.000-04:00
Bryson Stott,PHI,IF,Hits,1.5,demon,pre_game,2026-08-08T18:05:00.000-04:00
George Springer,TOR,DH,Hits,1.5,demon,pre_game,2026-08-08T18:05:00.000-04:00
Vlad Guerrero Jr.,TOR,IF,Total Bases,1.5,demon,pre_game,2026-08-08T18:05:00.000-04:00
Bryce Harper,PHI,IF,Runs,1.5,demon,pre_game,2026-08-08T18:05:00.000-04:00
Andrés Giménez,TOR,IF,Runs,1.5,demon,pre_game,2026-08-08T18:05:00.000-04:00
Nathan Lukes,TOR,OF,Runs,1.5,demon,pre_game,2026-08-08T18:05:00.000-04:00
George Springer,TOR,DH,Runs,1.5,demon,pre_game,2026-08-08T18:05:00.000-04:00
Alec Bohm,PHI,IF,Runs,1.5,demon,pre_game,2026-08-08T18:05:00.000-04:00
Ernie Clement,TOR,IF,Total Bases,1.5,demon,pre_game,2026-08-08T18:05:00.000-04:00
George Springer,TOR,DH,Total Bases,1.5,demon,pre_game,2026-08-08T18:05:00.000-04:00
Kazuma Okamoto,TOR,IF,Hits,1.5,demon,pre_game,2026-08-08T18:05:00.000-04:00
Bryson Stott,PHI,IF,Total Bases,1.5,demon,pre_game,2026-08-08T18:05:00.000-04:00
Myles Straw,TOR,OF,Total Bases,1.5,demon,pre_game,2026-08-08T18:05:00.000-04:00
Brandon Marsh,PHI,OF,Total Bases,1.5,demon,pre_game,2026-08-08T18:05:00.000-04:00
Nathan Lukes,TOR,OF,Total Bases,1.5,demon,pre_game,2026-08-08T18:05:00.000-04:00
Andrés Giménez,TOR,IF,Hits,1.5,demon,pre_game,2026-08-08T18:05:00.000-04:00
Trea Turner,PHI,IF,Runs,1.5,demon,pre_game,2026-08-08T18:05:00.000-04:00
Andrés Giménez,TOR,IF,Total Bases,1.5,demon,pre_game,2026-08-08T18:05:00.000-04:00
Garrett Stubbs,PHI,C,Hits,1.5,demon,pre_game,2026-08-08T18:05:00.000-04:00
Ernie Clement,TOR,IF,Hits,1.5,demon,pre_game,2026-08-08T18:05:00.000-04:00
Kyle Schwarber,PHI,DH,Hits,1.5,demon,pre_game,2026-08-08T18:05:00.000-04:00
Brandon Marsh,PHI,OF,Hits+Runs+RBIs,1.5,goblin,pre_game,2026-08-08T18:05:00.000-04:00
Ernie Clement,TOR,IF,RBIs,1.5,demon,pre_game,2026-08-08T18:05:00.000-04:00
Brandon Marsh,PHI,OF,Hits,1.5,demon,pre_game,2026-08-08T18:05:00.000-04:00
Kyle Schwarber,PHI,DH,Runs,1.5,demon,pre_game,2026-08-08T18:05:00.000-04:00
Nathan Lukes,TOR,OF,RBIs,1.5,demon,pre_game,2026-08-08T18:05:00.000-04:00
Alejandro Kirk,TOR,C,Runs,1.5,demon,pre_game,2026-08-08T18:05:00.000-04:00
Myles Straw,TOR,OF,RBIs,1.5,demon,pre_game,2026-08-08T18:05:00.000-04:00
Bryce Harper,PHI,IF,Hits,1.5,demon,pre_game,2026-08-08T18:05:00.000-04:00
Kazuma Okamoto,TOR,IF,Total Bases,1.5,demon,pre_game,2026-08-08T18:05:00.000-04:00
Vlad Guerrero Jr.,TOR,IF,Hits,1.5,demon,pre_game,2026-08-08T18:05:00.000-04:00
Andrés Giménez,TOR,IF,RBIs,1.5,demon,pre_game,2026-08-08T18:05:00.000-04:00
Justin Crawford,PHI,OF,Hits,1.5,demon,pre_game,2026-08-08T18:05:00.000-04:00
Jesús Sánchez,TOR,OF,Hits,1.5,demon,pre_game,2026-08-08T18:05:00.000-04:00
Andrés Giménez,TOR,IF,Hits+Runs+RBIs,1.5,demon,pre_game,2026-08-08T18:05:00.000-04:00
Garrett Stubbs,PHI,C,Runs,1.5,demon,pre_game,2026-08-08T18:05:00.000-04:00
Garrett Stubbs,PHI,C,RBIs,1.5,demon,pre_game,2026-08-08T18:05:00.000-04:00
Justin Crawford,PHI,OF,Total Bases,1.5,demon,pre_game,2026-08-08T18:05:00.000-04:00
Kazuma Okamoto,TOR,IF,Runs,1.5,demon,pre_game,2026-08-08T18:05:00.000-04:00
Ernie Clement,TOR,IF,Runs,1.5,demon,pre_game,2026-08-08T18:05:00.000-04:00
Brandon Marsh,PHI,OF,Runs,1.5,demon,pre_game,2026-08-08T18:05:00.000-04:00
Luis Arraez,PHI,IF,Runs,1.5,demon,pre_game,2026-08-08T18:05:00.000-04:00
Vlad Guerrero Jr.,TOR,IF,Hits+Runs+RBIs,1.5,goblin,pre_game,2026-08-08T18:05:00.000-04:00
Aaron Nola,PHI,P,Walks Allowed,1.5,demon,pre_game,2026-08-08T18:05:00.000-04:00
J.T. Realmuto,PHI,C,Total Bases,1.5,demon,pre_game,2026-08-08T18:05:00.000-04:00
J.T. Realmuto,PHI,C,Hits+Runs+RBIs,1.5,standard,pre_game,2026-08-08T18:05:00.000-04:00
Ernie Clement,TOR,IF,Hits+Runs+RBIs,1.5,standard,pre_game,2026-08-08T18:05:00.000-04:00
Bryce Harper,PHI,IF,Total Bases,1.5,standard,pre_game,2026-08-08T18:05:00.000-04:00
Alejandro Kirk,TOR,C,Hits+Runs+RBIs,1.5,standard,pre_game,2026-08-08T18:05:00.000-04:00
Bryson Stott,PHI,IF,Hits+Runs+RBIs,1.5,standard,pre_game,2026-08-08T18:05:00.000-04:00
Justin Crawford,PHI,OF,Hits+Runs+RBIs,1.5,standard,pre_game,2026-08-08T18:05:00.000-04:00
George Springer,TOR,DH,Hits+Runs+RBIs,1.5,standard,pre_game,2026-08-08T18:05:00.000-04:00
Kazuma Okamoto,TOR,IF,Hits+Runs+RBIs,1.5,standard,pre_game,2026-08-08T18:05:00.000-04:00
Nathan Lukes,TOR,OF,Hits+Runs+RBIs,1.5,standard,pre_game,2026-08-08T18:05:00.000-04:00
Alejandro Kirk,TOR,C,Hitter Strikeouts,1.5,demon,pre_game,2026-08-08T18:05:00.000-04:00
Nathan Lukes,TOR,OF,Hitter Strikeouts,1.5,demon,pre_game,2026-08-08T18:05:00.000-04:00
Myles Straw,TOR,OF,Hitter Strikeouts,1.5,demon,pre_game,2026-08-08T18:05:00.000-04:00
Alec Bohm,PHI,IF,Hitter Strikeouts,1.5,demon,pre_game,2026-08-08T18:05:00.000-04:00
Justin Crawford,PHI,OF,Hitter Strikeouts,1.5,demon,pre_game,2026-08-08T18:05:00.000-04:00
Jesús Sánchez,TOR,OF,Hitter Strikeouts,1.5,demon,pre_game,2026-08-08T18:05:00.000-04:00
Brandon Marsh,PHI,OF,Hitter Strikeouts,1.5,demon,pre_game,2026-08-08T18:05:00.000-04:00
Bryson Stott,PHI,IF,Hitter Strikeouts,1.5,demon,pre_game,2026-08-08T18:05:00.000-04:00
George Springer,TOR,DH,Hitter Strikeouts,1.5,demon,pre_game,2026-08-08T18:05:00.000-04:00
Andrés Giménez,TOR,IF,Hitter Strikeouts,1.5,demon,pre_game,2026-08-08T18:05:00.000-04:00
J.T. Realmuto,PHI,C,Hitter Strikeouts,1.5,demon,pre_game,2026-08-08T18:05:00.000-04:00
Bryce Harper,PHI,IF,Hitter Strikeouts,1.5,demon,pre_game,2026-08-08T18:05:00.000-04:00
Vlad Guerrero Jr.,TOR,IF,Hitter Strikeouts,1.5,demon,pre_game,2026-08-08T18:05:00.000-04:00
Ernie Clement,TOR,IF,Hitter Strikeouts,1.5,demon,pre_game,2026-08-08T18:05:00.000-04:00
Justin Crawford,PHI,OF,Singles,1.5,demon,pre_game,2026-08-08T18:05:00.000-04:00
Kyle Schwarber,PHI,DH,Walks,1.5,demon,pre_game,2026-08-08T18:05:00.000-04:00
George Springer,TOR,DH,Singles,1.5,demon,pre_game,2026-08-08T18:05:00.000-04:00
Trea Turner,PHI,IF,Hitter Strikeouts,1.5,demon,pre_game,2026-08-08T18:05:00.000-04:00
Trea Turner,PHI,IF,Singles,1.5,demon,pre_game,2026-08-08T18:05:00.000-04:00
Brandon Marsh,PHI,OF,Singles,1.5,demon,pre_game,2026-08-08T18:05:00.000-04:00
J.T. Realmuto,PHI,C,Hits,1.5,demon,pre_game,2026-08-08T18:05:00.000-04:00
Vlad Guerrero Jr.,TOR,IF,Singles,1.5,demon,pre_game,2026-08-08T18:05:00.000-04:00
Jesús Sánchez,TOR,OF,Hits+Runs+RBIs,1.5,demon,pre_game,2026-08-08T18:05:00.000-04:00
Kyle Schwarber,PHI,DH,Home Runs,1.5,demon,pre_game,2026-08-08T18:05:00.000-04:00
Nathan Lukes,TOR,OF,Singles,1.5,demon,pre_game,2026-08-08T18:05:00.000-04:00
Ernie Clement,TOR,IF,Singles,1.5,demon,pre_game,2026-08-08T18:05:00.000-04:00
Alejandro Kirk,TOR,C,Singles,1.5,demon,pre_game,2026-08-08T18:05:00.000-04:00
Alec Bohm,PHI,IF,Singles,1.5,demon,pre_game,2026-08-08T18:05:00.000-04:00
J.T. Realmuto,PHI,C,Runs,1.5,demon,pre_game,2026-08-08T18:05:00.000-04:00
Luis Arraez,PHI,IF,Singles,1.5,demon,pre_game,2026-08-08T18:05:00.000-04:00
Trea Turner,PHI,IF,Total Bases,1.5,demon,pre_game,2026-08-08T18:05:00.000-04:00
Bryce Harper,PHI,IF,Singles,1.5,demon,pre_game,2026-08-08T18:05:00.000-04:00
Aaron Nola,PHI,P,Earned Runs Allowed,1.5,goblin,pre_game,2026-08-08T18:05:00.000-04:00
Max Scherzer,TOR,P,Earned Runs Allowed,1.5,goblin,pre_game,2026-08-08T18:05:00.000-04:00
Max Scherzer,TOR,P,Walks Allowed,1.5,standard,pre_game,2026-08-08T18:05:00.000-04:00
Kyle Schwarber,PHI,DH,Hitter Strikeouts,1.5,demon,pre_game,2026-08-08T18:05:00.000-04:00
Garrett Stubbs,PHI,C,Hitter Strikeouts,1.5,demon,pre_game,2026-08-08T18:05:00.000-04:00
Kyle Schwarber,PHI,DH,Total Bases,1.5,demon,pre_game,2026-08-08T18:05:00.000-04:00
Kazuma Okamoto,TOR,IF,Hitter Strikeouts,1.5,demon,pre_game,2026-08-08T18:05:00.000-04:00
Trea Turner,PHI,IF,Hits+Runs+RBIs,0.5,goblin,pre_game,2026-08-08T18:05:00.000-04:00
Garrett Stubbs,PHI,C,Doubles,0.5,demon,pre_game,2026-08-08T18:05:00.000-04:00
Brandon Marsh,PHI,OF,Doubles,0.5,demon,pre_game,2026-08-08T18:05:00.000-04:00
Justin Crawford,PHI,OF,Doubles,0.5,demon,pre_game,2026-08-08T18:05:00.000-04:00
Myles Straw,TOR,OF,Home Runs,0.5,demon,pre_game,2026-08-08T18:05:00.000-04:00
Brandon Marsh,PHI,OF,Hits,0.5,goblin,pre_game,2026-08-08T18:05:00.000-04:00
Luis Arraez,PHI,IF,Doubles,0.5,demon,pre_game,2026-08-08T18:05:00.000-04:00
Trea Turner,PHI,IF,Doubles,0.5,demon,pre_game,2026-08-08T18:05:00.000-04:00
Jesús Sánchez,TOR,OF,Doubles,0.5,demon,pre_game,2026-08-08T18:05:00.000-04:00
Nathan Lukes,TOR,OF,Singles,0.5,goblin,pre_game,2026-08-08T18:05:00.000-04:00
Garrett Stubbs,PHI,C,Home Runs,0.5,demon,pre_game,2026-08-08T18:05:00.000-04:00
Bryson Stott,PHI,IF,Home Runs,0.5,demon,pre_game,2026-08-08T18:05:00.000-04:00
Kyle Schwarber,PHI,DH,Hits+Runs+RBIs,0.5,goblin,pre_game,2026-08-08T18:05:00.000-04:00
Nathan Lukes,TOR,OF,Hits,0.5,goblin,pre_game,2026-08-08T18:05:00.000-04:00
Justin Crawford,PHI,OF,Runs,0.5,demon,pre_game,2026-08-08T18:05:00.000-04:00
Alejandro Kirk,TOR,C,Home Runs,0.5,demon,pre_game,2026-08-08T18:05:00.000-04:00
Trea Turner,PHI,IF,Singles,0.5,goblin,pre_game,2026-08-08T18:05:00.000-04:00
Alec Bohm,PHI,IF,Hits,0.5,goblin,pre_game,2026-08-08T18:05:00.000-04:00
Justin Crawford,PHI,OF,RBIs,0.5,demon,pre_game,2026-08-08T18:05:00.000-04:00
Luis Arraez,PHI,IF,Hits,0.5,goblin,pre_game,2026-08-08T18:05:00.000-04:00
Myles Straw,TOR,OF,Hits,0.5,goblin,pre_game,2026-08-08T18:05:00.000-04:00
Nathan Lukes,TOR,OF,Doubles,0.5,demon,pre_game,2026-08-08T18:05:00.000-04:00
Nathan Lukes,TOR,OF,Runs,0.5,demon,pre_game,2026-08-08T18:05:00.000-04:00
Kyle Schwarber,PHI,DH,RBIs,0.5,demon,pre_game,2026-08-08T18:05:00.000-04:00
Kyle Schwarber,PHI,DH,Doubles,0.5,demon,pre_game,2026-08-08T18:05:00.000-04:00
Jesús Sánchez,TOR,OF,Runs,0.5,demon,pre_game,2026-08-08T18:05:00.000-04:00
Bryce Harper,PHI,IF,Hits+Runs+RBIs,0.5,goblin,pre_game,2026-08-08T18:05:00.000-04:00
Bryson Stott,PHI,IF,RBIs,0.5,demon,pre_game,2026-08-08T18:05:00.000-04:00
Andrés Giménez,TOR,IF,Doubles,0.5,demon,pre_game,2026-08-08T18:05:00.000-04:00
Andrés Giménez,TOR,IF,Home Runs,0.5,demon,pre_game,2026-08-08T18:05:00.000-04:00
Bryson Stott,PHI,IF,Doubles,0.5,demon,pre_game,2026-08-08T18:05:00.000-04:00
Brandon Marsh,PHI,OF,Home Runs,0.5,demon,pre_game,2026-08-08T18:05:00.000-04:00
Alec Bohm,PHI,IF,Hits+Runs+RBIs,0.5,goblin,pre_game,2026-08-08T18:05:00.000-04:00
Luis Arraez,PHI,IF,Hits+Runs+RBIs,0.5,goblin,pre_game,2026-08-08T18:05:00.000-04:00
Myles Straw,TOR,OF,Runs,0.5,demon,pre_game,2026-08-08T18:05:00.000-04:00
Kyle Schwarber,PHI,DH,Singles,0.5,demon,pre_game,2026-08-08T18:05:00.000-04:00
George Springer,TOR,DH,Hits+Runs+RBIs,0.5,goblin,pre_game,2026-08-08T18:05:00.000-04:00
Bryce Harper,PHI,IF,Doubles,0.5,demon,pre_game,2026-08-08T18:05:00.000-04:00
Bryson Stott,PHI,IF,Runs,0.5,demon,pre_game,2026-08-08T18:05:00.000-04:00
Ernie Clement,TOR,IF,Hits+Runs+RBIs,0.5,goblin,pre_game,2026-08-08T18:05:00.000-04:00
Justin Crawford,PHI,OF,Hits+Runs+RBIs,0.5,goblin,pre_game,2026-08-08T18:05:00.000-04:00
Alejandro Kirk,TOR,C,Hits,0.5,goblin,pre_game,2026-08-08T18:05:00.000-04:00
Kyle Schwarber,PHI,DH,Home Runs,0.5,demon,pre_game,2026-08-08T18:05:00.000-04:00
Ernie Clement,TOR,IF,Home Runs,0.5,demon,pre_game,2026-08-08T18:05:00.000-04:00
Kazuma Okamoto,TOR,IF,Home Runs,0.5,demon,pre_game,2026-08-08T18:05:00.000-04:00
George Springer,TOR,DH,Hits,0.5,goblin,pre_game,2026-08-08T18:05:00.000-04:00
Alec Bohm,PHI,IF,Home Runs,0.5,demon,pre_game,2026-08-08T18:05:00.000-04:00
Kazuma Okamoto,TOR,IF,Hits+Runs+RBIs,0.5,goblin,pre_game,2026-08-08T18:05:00.000-04:00
Bryson Stott,PHI,IF,Hits,0.5,goblin,pre_game,2026-08-08T18:05:00.000-04:00
Alec Bohm,PHI,IF,Doubles,0.5,demon,pre_game,2026-08-08T18:05:00.000-04:00
Andrés Giménez,TOR,IF,Runs,0.5,demon,pre_game,2026-08-08T18:05:00.000-04:00
Myles Straw,TOR,OF,Hits+Runs+RBIs,0.5,goblin,pre_game,2026-08-08T18:05:00.000-04:00
Bryce Harper,PHI,IF,Runs,0.5,goblin,pre_game,2026-08-08T18:05:00.000-04:00
Kazuma Okamoto,TOR,IF,Hits,0.5,goblin,pre_game,2026-08-08T18:05:00.000-04:00
Garrett Stubbs,PHI,C,Hits+Runs+RBIs,0.5,goblin,pre_game,2026-08-08T18:05:00.000-04:00
Vlad Guerrero Jr.,TOR,IF,Hits+Runs+RBIs,0.5,goblin,pre_game,2026-08-08T18:05:00.000-04:00
Vlad Guerrero Jr.,TOR,IF,Home Runs,0.5,demon,pre_game,2026-08-08T18:05:00.000-04:00
Jesús Sánchez,TOR,OF,RBIs,0.5,demon,pre_game,2026-08-08T18:05:00.000-04:00
Garrett Stubbs,PHI,C,Singles,0.5,demon,pre_game,2026-08-08T18:05:00.000-04:00
Ernie Clement,TOR,IF,Doubles,0.5,demon,pre_game,2026-08-08T18:05:00.000-04:00
Andrés Giménez,TOR,IF,Hits,0.5,goblin,pre_game,2026-08-08T18:05:00.000-04:00
Trea Turner,PHI,IF,Hits,0.5,goblin,pre_game,2026-08-08T18:05:00.000-04:00
Alejandro Kirk,TOR,C,RBIs,0.5,demon,pre_game,2026-08-08T18:05:00.000-04:00
Nathan Lukes,TOR,OF,Hits+Runs+RBIs,0.5,goblin,pre_game,2026-08-08T18:05:00.000-04:00
Ernie Clement,TOR,IF,Hits,0.5,goblin,pre_game,2026-08-08T18:05:00.000-04:00
Alejandro Kirk,TOR,C,Hits+Runs+RBIs,0.5,goblin,pre_game,2026-08-08T18:05:00.000-04:00
Trea Turner,PHI,IF,Home Runs,0.5,demon,pre_game,2026-08-08T18:05:00.000-04:00
Bryson Stott,PHI,IF,Hits+Runs+RBIs,0.5,goblin,pre_game,2026-08-08T18:05:00.000-04:00
Myles Straw,TOR,OF,Doubles,0.5,demon,pre_game,2026-08-08T18:05:00.000-04:00
Jesús Sánchez,TOR,OF,Hits+Runs+RBIs,0.5,goblin,pre_game,2026-08-08T18:05:00.000-04:00
Kyle Schwarber,PHI,DH,Hits,0.5,goblin,pre_game,2026-08-08T18:05:00.000-04:00
George Springer,TOR,DH,Doubles,0.5,demon,pre_game,2026-08-08T18:05:00.000-04:00
George Springer,TOR,DH,Home Runs,0.5,demon,pre_game,2026-08-08T18:05:00.000-04:00
Jesús Sánchez,TOR,OF,Home Runs,0.5,demon,pre_game,2026-08-08T18:05:00.000-04:00
Nathan Lukes,TOR,OF,Home Runs,0.5,demon,pre_game,2026-08-08T18:05:00.000-04:00
Brandon Marsh,PHI,OF,Hits+Runs+RBIs,0.5,goblin,pre_game,2026-08-08T18:05:00.000-04:00
Myles Straw,TOR,OF,Singles,0.5,demon,pre_game,2026-08-08T18:05:00.000-04:00
Bryce Harper,PHI,IF,Home Runs,0.5,demon,pre_game,2026-08-08T18:05:00.000-04:00
Kyle Schwarber,PHI,DH,Runs,0.5,goblin,pre_game,2026-08-08T18:05:00.000-04:00
Nathan Lukes,TOR,OF,RBIs,0.5,demon,pre_game,2026-08-08T18:05:00.000-04:00
Ernie Clement,TOR,IF,RBIs,0.5,demon,pre_game,2026-08-08T18:05:00.000-04:00
Bryson Stott,PHI,IF,Singles,0.5,demon,pre_game,2026-08-08T18:05:00.000-04:00
Vlad Guerrero Jr.,TOR,IF,Doubles,0.5,demon,pre_game,2026-08-08T18:05:00.000-04:00
Alejandro Kirk,TOR,C,Runs,0.5,demon,pre_game,2026-08-08T18:05:00.000-04:00
Kazuma Okamoto,TOR,IF,Singles,0.5,demon,pre_game,2026-08-08T18:05:00.000-04:00
Alejandro Kirk,TOR,C,Doubles,0.5,demon,pre_game,2026-08-08T18:05:00.000-04:00
Myles Straw,TOR,OF,RBIs,0.5,demon,pre_game,2026-08-08T18:05:00.000-04:00
Luis Arraez,PHI,IF,Home Runs,0.5,demon,pre_game,2026-08-08T18:05:00.000-04:00
Bryce Harper,PHI,IF,Hits,0.5,goblin,pre_game,2026-08-08T18:05:00.000-04:00
Kazuma Okamoto,TOR,IF,RBIs,0.5,demon,pre_game,2026-08-08T18:05:00.000-04:00
Vlad Guerrero Jr.,TOR,IF,Hits,0.5,goblin,pre_game,2026-08-08T18:05:00.000-04:00
Andrés Giménez,TOR,IF,RBIs,0.5,demon,pre_game,2026-08-08T18:05:00.000-04:00
Justin Crawford,PHI,OF,Home Runs,0.5,demon,pre_game,2026-08-08T18:05:00.000-04:00
Brandon Marsh,PHI,OF,RBIs,0.5,demon,pre_game,2026-08-08T18:05:00.000-04:00
Justin Crawford,PHI,OF,Hits,0.5,goblin,pre_game,2026-08-08T18:05:00.000-04:00
Jesús Sánchez,TOR,OF,Hits,0.5,goblin,pre_game,2026-08-08T18:05:00.000-04:00
Andrés Giménez,TOR,IF,Hits+Runs+RBIs,0.5,goblin,pre_game,2026-08-08T18:05:00.000-04:00
George Springer,TOR,DH,RBIs,0.5,demon,pre_game,2026-08-08T18:05:00.000-04:00
Luis Arraez,PHI,IF,RBIs,0.5,demon,pre_game,2026-08-08T18:05:00.000-04:00
Vlad Guerrero Jr.,TOR,IF,RBIs,0.5,demon,pre_game,2026-08-08T18:05:00.000-04:00
Trea Turner,PHI,IF,RBIs,0.5,demon,pre_game,2026-08-08T18:05:00.000-04:00
Garrett Stubbs,PHI,C,Runs,0.5,demon,pre_game,2026-08-08T18:05:00.000-04:00
Garrett Stubbs,PHI,C,RBIs,0.5,demon,pre_game,2026-08-08T18:05:00.000-04:00
Luis Arraez,PHI,IF,Singles,0.5,goblin,pre_game,2026-08-08T18:05:00.000-04:00
Ernie Clement,TOR,IF,Singles,0.5,goblin,pre_game,2026-08-08T18:05:00.000-04:00
Kazuma Okamoto,TOR,IF,Doubles,0.5,demon,pre_game,2026-08-08T18:05:00.000-04:00
Ernie Clement,TOR,IF,Runs,0.5,demon,pre_game,2026-08-08T18:05:00.000-04:00
Alec Bohm,PHI,IF,RBIs,0.5,demon,pre_game,2026-08-08T18:05:00.000-04:00
Alec Bohm,PHI,IF,Singles,0.5,goblin,pre_game,2026-08-08T18:05:00.000-04:00
Bryce Harper,PHI,IF,RBIs,0.5,demon,pre_game,2026-08-08T18:05:00.000-04:00
Luis Arraez,PHI,IF,Runs,0.5,demon,pre_game,2026-08-08T18:05:00.000-04:00
Vlad Guerrero Jr.,TOR,IF,Singles,0.5,goblin,pre_game,2026-08-08T18:05:00.000-04:00
Alec Bohm,PHI,IF,Runs,0.5,demon,pre_game,2026-08-08T18:05:00.000-04:00
Justin Crawford,PHI,OF,Triples,0.5,demon,pre_game,2026-08-08T18:05:00.000-04:00
Max Scherzer + Aaron Nola,TOR/PHI,P,1st Inning Walks Allowed,0.5,demon,pre_game,2026-08-08T18:05:00.000-04:00
J.T. Realmuto,PHI,C,Hits,0.5,goblin,pre_game,2026-08-08T18:05:00.000-04:00
Nathan Lukes,TOR,OF,Walks,0.5,demon,pre_game,2026-08-08T18:05:00.000-04:00
J.T. Realmuto,PHI,C,RBIs,0.5,demon,pre_game,2026-08-08T18:05:00.000-04:00
Jesús Sánchez,TOR,OF,Walks,0.5,demon,pre_game,2026-08-08T18:05:00.000-04:00
Andrés Giménez,TOR,IF,Stolen Bases,0.5,demon,pre_game,2026-08-08T18:05:00.000-04:00
Alejandro Kirk,TOR,C,Walks,0.5,demon,pre_game,2026-08-08T18:05:00.000-04:00
Myles Straw,TOR,OF,Stolen Bases,0.5,demon,pre_game,2026-08-08T18:05:00.000-04:00
Vlad Guerrero Jr.,TOR,IF,Stolen Bases,0.5,demon,pre_game,2026-08-08T18:05:00.000-04:00
Justin Crawford,PHI,OF,Total Bases,0.5,goblin,pre_game,2026-08-08T18:05:00.000-04:00
Trea Turner,PHI,IF,Walks,0.5,demon,pre_game,2026-08-08T18:05:00.000-04:00
Kazuma Okamoto,TOR,IF,Walks,0.5,demon,pre_game,2026-08-08T18:05:00.000-04:00
Bryce Harper,PHI,IF,Stolen Bases,0.5,demon,pre_game,2026-08-08T18:05:00.000-04:00
Brandon Marsh,PHI,OF,Walks,0.5,demon,pre_game,2026-08-08T18:05:00.000-04:00
Myles Straw,TOR,OF,Total Bases,0.5,goblin,pre_game,2026-08-08T18:05:00.000-04:00
Bryson Stott,PHI,IF,Stolen Bases,0.5,demon,pre_game,2026-08-08T18:05:00.000-04:00
Jesús Sánchez,TOR,OF,Total Bases,0.5,goblin,pre_game,2026-08-08T18:05:00.000-04:00
J.T. Realmuto,PHI,C,Walks,0.5,demon,pre_game,2026-08-08T18:05:00.000-04:00
J.T. Realmuto,PHI,C,Runs,0.5,demon,pre_game,2026-08-08T18:05:00.000-04:00
J.T. Realmuto,PHI,C,Stolen Bases,0.5,demon,pre_game,2026-08-08T18:05:00.000-04:00
Alec Bohm,PHI,IF,Walks,0.5,demon,pre_game,2026-08-08T18:05:00.000-04:00
Luis Arraez,PHI,IF,Stolen Bases,0.5,demon,pre_game,2026-08-08T18:05:00.000-04:00
Kyle Schwarber,PHI,DH,Walks,0.5,standard,pre_game,2026-08-08T18:05:00.000-04:00
Ernie Clement,TOR,IF,Stolen Bases,0.5,demon,pre_game,2026-08-08T18:05:00.000-04:00
Luis Arraez,PHI,IF,Walks,0.5,demon,pre_game,2026-08-08T18:05:00.000-04:00
Kazuma Okamoto,TOR,IF,Runs,0.5,demon,pre_game,2026-08-08T18:05:00.000-04:00
Justin Crawford,PHI,OF,Stolen Bases,0.5,demon,pre_game,2026-08-08T18:05:00.000-04:00
George Springer,TOR,DH,Stolen Bases,0.5,demon,pre_game,2026-08-08T18:05:00.000-04:00
George Springer,TOR,DH,Walks,0.5,demon,pre_game,2026-08-08T18:05:00.000-04:00
Brandon Marsh,PHI,OF,Stolen Bases,0.5,demon,pre_game,2026-08-08T18:05:00.000-04:00
Bryce Harper,PHI,IF,Walks,0.5,demon,pre_game,2026-08-08T18:05:00.000-04:00
Vlad Guerrero Jr.,TOR,IF,Walks,0.5,demon,pre_game,2026-08-08T18:05:00.000-04:00
J.T. Realmuto,PHI,C,Home Runs,0.5,demon,pre_game,2026-08-08T18:05:00.000-04:00
Andrés Giménez,TOR,IF,Total Bases,0.5,goblin,pre_game,2026-08-08T18:05:00.000-04:00
Bryson Stott,PHI,IF,Walks,0.5,demon,pre_game,2026-08-08T18:05:00.000-04:00
Trea Turner,PHI,IF,Runs,0.5,standard,pre_game,2026-08-08T18:05:00.000-04:00
Trea Turner,PHI,IF,Stolen Bases,0.5,demon,pre_game,2026-08-08T18:05:00.000-04:00
J.T. Realmuto,PHI,C,Triples,0.5,demon,pre_game,2026-08-08T18:05:00.000-04:00
Kazuma Okamoto,TOR,IF,Hitter Strikeouts,0.5,goblin,pre_game,2026-08-08T18:05:00.000-04:00
Ernie Clement,TOR,IF,Total Bases,0.5,goblin,pre_game,2026-08-08T18:05:00.000-04:00
Vlad Guerrero Jr.,TOR,IF,Total Bases,0.5,goblin,pre_game,2026-08-08T18:05:00.000-04:00
Kyle Schwarber,PHI,DH,Hitter Strikeouts,0.5,goblin,pre_game,2026-08-08T18:05:00.000-04:00
Aaron Nola,PHI,P,Walks Allowed,0.5,goblin,pre_game,2026-08-08T18:05:00.000-04:00
Kyle Schwarber,PHI,DH,Total Bases,0.5,goblin,pre_game,2026-08-08T18:05:00.000-04:00
Brandon Marsh,PHI,OF,Total Bases,0.5,goblin,pre_game,2026-08-08T18:05:00.000-04:00
Luis Arraez,PHI,IF,Total Bases,0.5,goblin,pre_game,2026-08-08T18:05:00.000-04:00
Kyle Schwarber,PHI,DH,Stolen Bases,0.5,demon,pre_game,2026-08-08T18:05:00.000-04:00
Alec Bohm,PHI,IF,Total Bases,0.5,goblin,pre_game,2026-08-08T18:05:00.000-04:00
Bryson Stott,PHI,IF,Total Bases,0.5,goblin,pre_game,2026-08-08T18:05:00.000-04:00
Justin Crawford,PHI,OF,Singles,0.5,standard,pre_game,2026-08-08T18:05:00.000-04:00
Brandon Marsh,PHI,OF,Singles,0.5,standard,pre_game,2026-08-08T18:05:00.000-04:00
Jesús Sánchez,TOR,OF,Singles,0.5,demon,pre_game,2026-08-08T18:05:00.000-04:00
Trea Turner,PHI,IF,Total Bases,0.5,goblin,pre_game,2026-08-08T18:05:00.000-04:00
Nathan Lukes,TOR,OF,Total Bases,0.5,goblin,pre_game,2026-08-08T18:05:00.000-04:00
J.T. Realmuto,PHI,C,Total Bases,0.5,goblin,pre_game,2026-08-08T18:05:00.000-04:00
Alejandro Kirk,TOR,C,Total Bases,0.5,goblin,pre_game,2026-08-08T18:05:00.000-04:00
Kazuma Okamoto,TOR,IF,Total Bases,0.5,goblin,pre_game,2026-08-08T18:05:00.000-04:00
J.T. Realmuto,PHI,C,Doubles,0.5,demon,pre_game,2026-08-08T18:05:00.000-04:00
Alec Bohm,PHI,IF,Stolen Bases,0.5,demon,pre_game,2026-08-08T18:05:00.000-04:00
George Springer,TOR,DH,Singles,0.5,standard,pre_game,2026-08-08T18:05:00.000-04:00
Vlad Guerrero Jr.,TOR,IF,Runs,0.5,demon,pre_game,2026-08-08T18:05:00.000-04:00
Myles Straw,TOR,OF,Walks,0.5,demon,pre_game,2026-08-08T18:05:00.000-04:00
Jesús Sánchez,TOR,OF,Stolen Bases,0.5,demon,pre_game,2026-08-08T18:05:00.000-04:00
J.T. Realmuto,PHI,C,Hits+Runs+RBIs,0.5,goblin,pre_game,2026-08-08T18:05:00.000-04:00
Max Scherzer,TOR,P,Walks Allowed,0.5,goblin,pre_game,2026-08-08T18:05:00.000-04:00
George Springer,TOR,DH,Runs,0.5,demon,pre_game,2026-08-08T18:05:00.000-04:00
Andrés Giménez,TOR,IF,Singles,0.5,demon,pre_game,2026-08-08T18:05:00.000-04:00
Bryce Harper,PHI,IF,Total Bases,0.5,goblin,pre_game,2026-08-08T18:05:00.000-04:00
Nathan Lukes,TOR,OF,Stolen Bases,0.5,demon,pre_game,2026-08-08T18:05:00.000-04:00
George Springer,TOR,DH,Total Bases,0.5,goblin,pre_game,2026-08-08T18:05:00.000-04:00
Garrett Stubbs,PHI,C,Hits,0.5,standard,pre_game,2026-08-08T18:05:00.000-04:00
Brandon Marsh,PHI,OF,Runs,0.5,demon,pre_game,2026-08-08T18:05:00.000-04:00
Aaron Nola,PHI,P,Earned Runs Allowed,0.5,goblin,pre_game,2026-08-08T18:05:00.000-04:00
Trea Turner,PHI,IF,Hitter Strikeouts,0.5,goblin,pre_game,2026-08-08T18:05:00.000-04:00
Bryce Harper,PHI,IF,Singles,0.5,standard,pre_game,2026-08-08T18:05:00.000-04:00
J.T. Realmuto,PHI,C,Singles,0.5,demon,pre_game,2026-08-08T18:05:00.000-04:00
Bryce Harper,PHI,IF,Hitter Strikeouts,0.5,goblin,pre_game,2026-08-08T18:05:00.000-04:00
Luis Arraez,PHI,IF,Hitter Strikeouts,0.5,demon,pre_game,2026-08-08T18:05:00.000-04:00
Brandon Marsh,PHI,OF,Hitter Strikeouts,0.5,goblin,pre_game,2026-08-08T18:05:00.000-04:00
Garrett Stubbs,PHI,C,Hitter Strikeouts,0.5,goblin,pre_game,2026-08-08T18:05:00.000-04:00
Alec Bohm,PHI,IF,Hitter Strikeouts,0.5,goblin,pre_game,2026-08-08T18:05:00.000-04:00
Ernie Clement,TOR,IF,Hitter Strikeouts,0.5,demon,pre_game,2026-08-08T18:05:00.000-04:00
Myles Straw,TOR,OF,Hitter Strikeouts,0.5,demon,pre_game,2026-08-08T18:05:00.000-04:00
Vlad Guerrero Jr.,TOR,IF,Hitter Strikeouts,0.5,goblin,pre_game,2026-08-08T18:05:00.000-04:00
Nathan Lukes,TOR,OF,Hitter Strikeouts,0.5,goblin,pre_game,2026-08-08T18:05:00.000-04:00
Andrés Giménez,TOR,IF,Hitter Strikeouts,0.5,goblin,pre_game,2026-08-08T18:05:00.000-04:00
Jesús Sánchez,TOR,OF,Hitter Strikeouts,0.5,goblin,pre_game,2026-08-08T18:05:00.000-04:00
George Springer,TOR,DH,Hitter Strikeouts,0.5,goblin,pre_game,2026-08-08T18:05:00.000-04:00
Garrett Stubbs,PHI,C,Walks,0.5,demon,pre_game,2026-08-08T18:05:00.000-04:00
Justin Crawford,PHI,OF,Walks,0.5,demon,pre_game,2026-08-08T18:05:00.000-04:00
Garrett Stubbs,PHI,C,Stolen Bases,0.5,demon,pre_game,2026-08-08T18:05:00.000-04:00
J.T. Realmuto,PHI,C,Hitter Strikeouts,0.5,goblin,pre_game,2026-08-08T18:05:00.000-04:00
Alejandro Kirk,TOR,C,Singles,0.5,standard,pre_game,2026-08-08T18:05:00.000-04:00
Ernie Clement,TOR,IF,Walks,0.5,demon,pre_game,2026-08-08T18:05:00.000-04:00
Robert Stock,NYM,P,Pitcher Strikeouts,4.0,standard,pre_game,2026-08-08T18:40:00.000-04:00
Bubba Chandler,PIT,P,Pitches Thrown,99.5,demon,pre_game,2026-08-08T18:40:00.000-04:00
Bubba Chandler,PIT,P,Pitches Thrown,92.5,standard,pre_game,2026-08-08T18:40:00.000-04:00
Bubba Chandler,PIT,P,Pitches Thrown,87.5,goblin,pre_game,2026-08-08T18:40:00.000-04:00
Bubba Chandler,PIT,P,Pitcher Fantasy Score,33.5,demon,pre_game,2026-08-08T18:40:00.000-04:00
Robert Stock,NYM,P,Pitcher Fantasy Score,27.5,demon,pre_game,2026-08-08T18:40:00.000-04:00
Bubba Chandler,PIT,P,Pitcher Fantasy Score,24.5,standard,pre_game,2026-08-08T18:40:00.000-04:00
Bubba Chandler,PIT,P,Batters Faced,22.5,goblin,pre_game,2026-08-08T18:40:00.000-04:00
Robert Stock,NYM,P,Batters Faced,20.5,standard,pre_game,2026-08-08T18:40:00.000-04:00
Robert Stock,NYM,P,Pitcher Fantasy Score,20.5,standard,pre_game,2026-08-08T18:40:00.000-04:00
A.J. Ewing,NYM,OF,Pitches Seen,18.5,standard,pre_game,2026-08-08T18:40:00.000-04:00
Francisco Lindor,NYM,IF,Pitches Seen,17.5,standard,pre_game,2026-08-08T18:40:00.000-04:00
Bryan Reynolds,PIT,OF,Pitches Seen,17.5,standard,pre_game,2026-08-08T18:40:00.000-04:00
Brandon Lowe,PIT,IF,Pitches Seen,17.5,standard,pre_game,2026-08-08T18:40:00.000-04:00
Esmerlyn Valdez,PIT,OF,Pitches Seen,17.5,standard,pre_game,2026-08-08T18:40:00.000-04:00
Bubba Chandler,PIT,P,Pitcher Fantasy Score,17.5,goblin,pre_game,2026-08-08T18:40:00.000-04:00
Jake Mangum,PIT,OF,Pitches Seen,16.5,standard,pre_game,2026-08-08T18:40:00.000-04:00
Luis Robert Jr.,NYM,OF,Pitches Seen,16.5,standard,pre_game,2026-08-08T18:40:00.000-04:00
Bo Bichette,NYM,IF,Pitches Seen,15.5,standard,pre_game,2026-08-08T18:40:00.000-04:00
Robert Stock,NYM,P,Pitcher Fantasy Score,13.5,goblin,pre_game,2026-08-08T18:40:00.000-04:00
Jake Mangum,PIT,OF,Hitter Fantasy Score,10.5,demon,pre_game,2026-08-08T18:40:00.000-04:00
Brandon Lowe,PIT,IF,Hitter Fantasy Score,9.5,demon,pre_game,2026-08-08T18:40:00.000-04:00
Francisco Lindor,NYM,IF,Hitter Fantasy Score,9.5,demon,pre_game,2026-08-08T18:40:00.000-04:00
A.J. Ewing,NYM,OF,Hitter Fantasy Score,9.5,demon,pre_game,2026-08-08T18:40:00.000-04:00
Marcus Semien,NYM,IF,Hitter Fantasy Score,8.5,demon,pre_game,2026-08-08T18:40:00.000-04:00
Bo Bichette,NYM,IF,Hitter Fantasy Score,8.5,demon,pre_game,2026-08-08T18:40:00.000-04:00
Carson Benge,NYM,OF,Hitter Fantasy Score,8.5,demon,pre_game,2026-08-08T18:40:00.000-04:00
Bryan Reynolds,PIT,OF,Hitter Fantasy Score,8.5,demon,pre_game,2026-08-08T18:40:00.000-04:00
Esmerlyn Valdez,PIT,OF,Hitter Fantasy Score,7.5,demon,pre_game,2026-08-08T18:40:00.000-04:00
Spencer Horwitz,PIT,IF,Hitter Fantasy Score,7.5,demon,pre_game,2026-08-08T18:40:00.000-04:00
Endy Rodríguez,PIT,C,Hitter Fantasy Score,7.5,demon,pre_game,2026-08-08T18:40:00.000-04:00
Jared Young,NYM,IF,Hitter Fantasy Score,7.5,demon,pre_game,2026-08-08T18:40:00.000-04:00
Nick Gonzales,PIT,IF,Hitter Fantasy Score,7.5,demon,pre_game,2026-08-08T18:40:00.000-04:00
Jorge Polanco,NYM,DH,Hitter Fantasy Score,6.5,demon,pre_game,2026-08-08T18:40:00.000-04:00
Jacob Gonzalez,PIT,IF,Hitter Fantasy Score,6.5,demon,pre_game,2026-08-08T18:40:00.000-04:00
Brett Baty,NYM,IF,Hitter Fantasy Score,6.5,demon,pre_game,2026-08-08T18:40:00.000-04:00
Henry Davis,PIT,C,Hitter Fantasy Score,6.5,demon,pre_game,2026-08-08T18:40:00.000-04:00
Jake Mangum,PIT,OF,Hitter Fantasy Score,6.5,standard,pre_game,2026-08-08T18:40:00.000-04:00
Luis Torrens,NYM,C,Hitter Fantasy Score,6.5,demon,pre_game,2026-08-08T18:40:00.000-04:00
Bo Bichette,NYM,IF,Hitter Fantasy Score,5.5,standard,pre_game,2026-08-08T18:40:00.000-04:00
Carson Benge,NYM,OF,Hitter Fantasy Score,5.5,standard,pre_game,2026-08-08T18:40:00.000-04:00
Brandon Lowe,PIT,IF,Hitter Fantasy Score,5.5,standard,pre_game,2026-08-08T18:40:00.000-04:00
Francisco Lindor,NYM,IF,Hitter Fantasy Score,5.5,standard,pre_game,2026-08-08T18:40:00.000-04:00
Bryan Reynolds,PIT,OF,Hitter Fantasy Score,5.5,standard,pre_game,2026-08-08T18:40:00.000-04:00
A.J. Ewing,NYM,OF,Hitter Fantasy Score,5.5,standard,pre_game,2026-08-08T18:40:00.000-04:00
Marcus Semien,NYM,IF,Hitter Fantasy Score,5.0,standard,pre_game,2026-08-08T18:40:00.000-04:00
Nick Gonzales,PIT,IF,Hitter Fantasy Score,5.0,standard,pre_game,2026-08-08T18:40:00.000-04:00
Esmerlyn Valdez,PIT,OF,Hitter Fantasy Score,4.5,standard,pre_game,2026-08-08T18:40:00.000-04:00
Spencer Horwitz,PIT,IF,Hitter Fantasy Score,4.5,standard,pre_game,2026-08-08T18:40:00.000-04:00
Endy Rodríguez,PIT,C,Hitter Fantasy Score,4.5,standard,pre_game,2026-08-08T18:40:00.000-04:00
Jared Young,NYM,IF,Hitter Fantasy Score,4.5,standard,pre_game,2026-08-08T18:40:00.000-04:00
Francisco Lindor,NYM,IF,Plate Appearances,4.5,standard,pre_game,2026-08-08T18:40:00.000-04:00
Bryan Reynolds,PIT,OF,Plate Appearances,4.5,demon,pre_game,2026-08-08T18:40:00.000-04:00
Brandon Lowe,PIT,IF,Plate Appearances,4.5,demon,pre_game,2026-08-08T18:40:00.000-04:00
Esmerlyn Valdez,PIT,OF,Plate Appearances,4.5,demon,pre_game,2026-08-08T18:40:00.000-04:00
Jake Mangum,PIT,OF,Plate Appearances,4.5,standard,pre_game,2026-08-08T18:40:00.000-04:00
A.J. Ewing,NYM,OF,Plate Appearances,4.5,goblin,pre_game,2026-08-08T18:40:00.000-04:00
Luis Robert Jr.,NYM,OF,Plate Appearances,4.5,demon,pre_game,2026-08-08T18:40:00.000-04:00
Bo Bichette,NYM,IF,Plate Appearances,4.5,standard,pre_game,2026-08-08T18:40:00.000-04:00
Jorge Polanco,NYM,DH,Hitter Fantasy Score,3.5,standard,pre_game,2026-08-08T18:40:00.000-04:00
Jacob Gonzalez,PIT,IF,Hitter Fantasy Score,3.5,standard,pre_game,2026-08-08T18:40:00.000-04:00
Brett Baty,NYM,IF,Hitter Fantasy Score,3.5,standard,pre_game,2026-08-08T18:40:00.000-04:00
Jake Mangum,PIT,OF,Hitter Fantasy Score,3.5,goblin,pre_game,2026-08-08T18:40:00.000-04:00
Luis Torrens,NYM,C,Hitter Fantasy Score,3.5,standard,pre_game,2026-08-08T18:40:00.000-04:00
Henry Davis,PIT,C,Hitter Fantasy Score,3.0,standard,pre_game,2026-08-08T18:40:00.000-04:00
Marcus Semien,NYM,IF,Hitter Fantasy Score,2.5,goblin,pre_game,2026-08-08T18:40:00.000-04:00
Esmerlyn Valdez,PIT,OF,Hitter Fantasy Score,2.5,goblin,pre_game,2026-08-08T18:40:00.000-04:00
Spencer Horwitz,PIT,IF,Hitter Fantasy Score,2.5,goblin,pre_game,2026-08-08T18:40:00.000-04:00
Bo Bichette,NYM,IF,Hitter Fantasy Score,2.5,goblin,pre_game,2026-08-08T18:40:00.000-04:00
Endy Rodríguez,PIT,C,Hitter Fantasy Score,2.5,goblin,pre_game,2026-08-08T18:40:00.000-04:00
Carson Benge,NYM,OF,Hitter Fantasy Score,2.5,goblin,pre_game,2026-08-08T18:40:00.000-04:00
Brandon Lowe,PIT,IF,Hitter Fantasy Score,2.5,goblin,pre_game,2026-08-08T18:40:00.000-04:00
Francisco Lindor,NYM,IF,Hitter Fantasy Score,2.5,goblin,pre_game,2026-08-08T18:40:00.000-04:00
Bryan Reynolds,PIT,OF,Hitter Fantasy Score,2.5,goblin,pre_game,2026-08-08T18:40:00.000-04:00
A.J. Ewing,NYM,OF,Hitter Fantasy Score,2.5,goblin,pre_game,2026-08-08T18:40:00.000-04:00
Nick Gonzales,PIT,IF,Hitter Fantasy Score,2.5,goblin,pre_game,2026-08-08T18:40:00.000-04:00
Jorge Polanco,NYM,DH,Hitter Fantasy Score,1.5,goblin,pre_game,2026-08-08T18:40:00.000-04:00
Jacob Gonzalez,PIT,IF,Hitter Fantasy Score,1.5,goblin,pre_game,2026-08-08T18:40:00.000-04:00
Brett Baty,NYM,IF,Hitter Fantasy Score,1.5,goblin,pre_game,2026-08-08T18:40:00.000-04:00
Henry Davis,PIT,C,Hitter Fantasy Score,1.5,goblin,pre_game,2026-08-08T18:40:00.000-04:00
Jared Young,NYM,IF,Hitter Fantasy Score,1.5,goblin,pre_game,2026-08-08T18:40:00.000-04:00
Luis Torrens,NYM,C,Hitter Fantasy Score,1.5,goblin,pre_game,2026-08-08T18:40:00.000-04:00
Bubba Chandler,PIT,P,Pitching Outs,20.5,demon,pre_game,2026-08-08T18:40:00.000-04:00
Robert Stock,NYM,P,Pitching Outs,17.5,demon,pre_game,2026-08-08T18:40:00.000-04:00
Bubba Chandler,PIT,P,Pitching Outs,15.5,demon,pre_game,2026-08-08T18:40:00.000-04:00
Robert Stock,NYM,P,Pitching Outs,14.5,standard,pre_game,2026-08-08T18:40:00.000-04:00
Bubba Chandler,PIT,P,Pitching Outs,14.5,goblin,pre_game,2026-08-08T18:40:00.000-04:00
Robert Stock,NYM,P,Pitching Outs,13.5,goblin,pre_game,2026-08-08T18:40:00.000-04:00
Robert Stock,NYM,P,Pitching Outs,11.5,goblin,pre_game,2026-08-08T18:40:00.000-04:00
Robert Stock + Bubba Chandler,NYM/PIT,P,Pitcher Strikeouts (Combo),9.5,demon,pre_game,2026-08-08T18:40:00.000-04:00
Robert Stock,NYM,P,Hits Allowed,8.5,demon,pre_game,2026-08-08T18:40:00.000-04:00
Bubba Chandler,PIT,P,Hits Allowed,8.5,demon,pre_game,2026-08-08T18:40:00.000-04:00
Bubba Chandler,PIT,P,Pitcher Strikeouts,7.5,demon,pre_game,2026-08-08T18:40:00.000-04:00
Robert Stock,NYM,P,Pitcher Strikeouts,7.5,demon,pre_game,2026-08-08T18:40:00.000-04:00
Robert Stock,NYM,P,Pitcher Strikeouts,6.5,demon,pre_game,2026-08-08T18:40:00.000-04:00
Bubba Chandler,PIT,P,Pitcher Strikeouts,6.5,demon,pre_game,2026-08-08T18:40:00.000-04:00
Bubba Chandler,PIT,P,Hits Allowed,6.5,demon,pre_game,2026-08-08T18:40:00.000-04:00
Robert Stock,NYM,P,Hits Allowed,6.5,demon,pre_game,2026-08-08T18:40:00.000-04:00
Brandon Lowe,PIT,IF,Hits+Runs+RBIs,6.5,demon,pre_game,2026-08-08T18:40:00.000-04:00
Robert Stock,NYM,P,Earned Runs Allowed,6.5,demon,pre_game,2026-08-08T18:40:00.000-04:00
Esmerlyn Valdez,PIT,OF,Hits+Runs+RBIs,6.5,demon,pre_game,2026-08-08T18:40:00.000-04:00
Bryan Reynolds,PIT,OF,Hits+Runs+RBIs,6.5,demon,pre_game,2026-08-08T18:40:00.000-04:00
Francisco Lindor,NYM,IF,Hits+Runs+RBIs,6.5,demon,pre_game,2026-08-08T18:40:00.000-04:00
Bo Bichette,NYM,IF,Hits+Runs+RBIs,6.5,demon,pre_game,2026-08-08T18:40:00.000-04:00
Bubba Chandler,PIT,P,Earned Runs Allowed,6.5,demon,pre_game,2026-08-08T18:40:00.000-04:00
Esmerlyn Valdez,PIT,OF,Total Bases,5.5,demon,pre_game,2026-08-08T18:40:00.000-04:00
Jake Mangum,PIT,OF,Total Bases,5.5,demon,pre_game,2026-08-08T18:40:00.000-04:00
Nick Gonzales,PIT,IF,Total Bases,5.5,demon,pre_game,2026-08-08T18:40:00.000-04:00
Robert Stock,NYM,P,Pitcher Strikeouts,5.5,demon,pre_game,2026-08-08T18:40:00.000-04:00
Bubba Chandler,PIT,P,Pitcher Strikeouts,5.5,demon,pre_game,2026-08-08T18:40:00.000-04:00
Spencer Horwitz,PIT,IF,Total Bases,5.5,demon,pre_game,2026-08-08T18:40:00.000-04:00
Jared Young,NYM,IF,Total Bases,5.5,demon,pre_game,2026-08-08T18:40:00.000-04:00
Bo Bichette,NYM,IF,Total Bases,5.5,demon,pre_game,2026-08-08T18:40:00.000-04:00
Endy Rodríguez,PIT,C,Total Bases,5.5,demon,pre_game,2026-08-08T18:40:00.000-04:00
Luis Robert Jr.,NYM,OF,Total Bases,5.5,demon,pre_game,2026-08-08T18:40:00.000-04:00
Jacob Gonzalez,PIT,IF,Hits+Runs+RBIs,5.5,demon,pre_game,2026-08-08T18:40:00.000-04:00
Brandon Lowe,PIT,IF,Total Bases,5.5,demon,pre_game,2026-08-08T18:40:00.000-04:00
Francisco Alvarez,NYM,C,Hits+Runs+RBIs,5.5,demon,pre_game,2026-08-08T18:40:00.000-04:00
Francisco Lindor,NYM,IF,Total Bases,5.5,demon,pre_game,2026-08-08T18:40:00.000-04:00
Jorge Polanco,NYM,DH,Hits+Runs+RBIs,5.5,demon,pre_game,2026-08-08T18:40:00.000-04:00
Bryan Reynolds,PIT,OF,Total Bases,5.5,demon,pre_game,2026-08-08T18:40:00.000-04:00
Luis Robert Jr.,NYM,OF,Hits+Runs+RBIs,5.5,demon,pre_game,2026-08-08T18:40:00.000-04:00
Spencer Horwitz,PIT,IF,Hits+Runs+RBIs,5.5,demon,pre_game,2026-08-08T18:40:00.000-04:00
Marcus Semien,NYM,IF,Hits+Runs+RBIs,5.5,demon,pre_game,2026-08-08T18:40:00.000-04:00
Jared Young,NYM,IF,Hits+Runs+RBIs,5.5,demon,pre_game,2026-08-08T18:40:00.000-04:00
Robert Stock,NYM,P,Hits Allowed,5.5,demon,pre_game,2026-08-08T18:40:00.000-04:00
A.J. Ewing,NYM,OF,Hits+Runs+RBIs,5.5,demon,pre_game,2026-08-08T18:40:00.000-04:00
Bubba Chandler,PIT,P,Hits Allowed,5.5,demon,pre_game,2026-08-08T18:40:00.000-04:00
Jake Mangum,PIT,OF,Hits+Runs+RBIs,5.5,demon,pre_game,2026-08-08T18:40:00.000-04:00
Endy Rodríguez,PIT,C,Hits+Runs+RBIs,5.5,demon,pre_game,2026-08-08T18:40:00.000-04:00
Nick Gonzales,PIT,IF,Hits+Runs+RBIs,5.5,demon,pre_game,2026-08-08T18:40:00.000-04:00
Jorge Polanco,NYM,DH,Total Bases,5.5,demon,pre_game,2026-08-08T18:40:00.000-04:00
Bubba Chandler,PIT,P,Pitcher Strikeouts,4.5,standard,pre_game,2026-08-08T18:40:00.000-04:00
Robert Stock,NYM,P,Pitcher Strikeouts,4.5,demon,pre_game,2026-08-08T18:40:00.000-04:00
Marcus Semien,NYM,IF,Total Bases,4.5,demon,pre_game,2026-08-08T18:40:00.000-04:00
A.J. Ewing,NYM,OF,Total Bases,4.5,demon,pre_game,2026-08-08T18:40:00.000-04:00
Henry Davis,PIT,C,Total Bases,4.5,demon,pre_game,2026-08-08T18:40:00.000-04:00
Jacob Gonzalez,PIT,IF,Total Bases,4.5,demon,pre_game,2026-08-08T18:40:00.000-04:00
Robert Stock,NYM,P,Hits Allowed,4.5,goblin,pre_game,2026-08-08T18:40:00.000-04:00
Bubba Chandler,PIT,P,Hits Allowed,4.5,goblin,pre_game,2026-08-08T18:40:00.000-04:00
Robert Stock,NYM,P,Walks Allowed,4.5,demon,pre_game,2026-08-08T18:40:00.000-04:00
Nick Gonzales,PIT,IF,Hits+Runs+RBIs,4.5,demon,pre_game,2026-08-08T18:40:00.000-04:00
Endy Rodríguez,PIT,C,Hits+Runs+RBIs,4.5,demon,pre_game,2026-08-08T18:40:00.000-04:00
Jake Mangum,PIT,OF,Hits+Runs+RBIs,4.5,demon,pre_game,2026-08-08T18:40:00.000-04:00
Ronny Simon,PIT,IF,Hits+Runs+RBIs,4.5,demon,pre_game,2026-08-08T18:40:00.000-04:00
Bo Bichette,NYM,IF,Hits+Runs+RBIs,4.5,demon,pre_game,2026-08-08T18:40:00.000-04:00
Luis Robert Jr.,NYM,OF,Hits+Runs+RBIs,4.5,demon,pre_game,2026-08-08T18:40:00.000-04:00
A.J. Ewing,NYM,OF,Hits+Runs+RBIs,4.5,demon,pre_game,2026-08-08T18:40:00.000-04:00
Bryan Reynolds,PIT,OF,Hits+Runs+RBIs,4.5,demon,pre_game,2026-08-08T18:40:00.000-04:00
Francisco Lindor,NYM,IF,Hits+Runs+RBIs,4.5,demon,pre_game,2026-08-08T18:40:00.000-04:00
Brett Baty,NYM,IF,Hits+Runs+RBIs,4.5,demon,pre_game,2026-08-08T18:40:00.000-04:00
Spencer Horwitz,PIT,IF,Hits+Runs+RBIs,4.5,demon,pre_game,2026-08-08T18:40:00.000-04:00
Brandon Lowe,PIT,IF,Hits+Runs+RBIs,4.5,demon,pre_game,2026-08-08T18:40:00.000-04:00
Brett Baty,NYM,IF,Total Bases,4.5,demon,pre_game,2026-08-08T18:40:00.000-04:00
Francisco Alvarez,NYM,C,Total Bases,4.5,demon,pre_game,2026-08-08T18:40:00.000-04:00
Bubba Chandler,PIT,P,Earned Runs Allowed,4.5,demon,pre_game,2026-08-08T18:40:00.000-04:00
Jhostynxon Garcia,PIT,OF,Total Bases,4.5,demon,pre_game,2026-08-08T18:40:00.000-04:00
Carson Benge,NYM,OF,Total Bases,4.5,demon,pre_game,2026-08-08T18:40:00.000-04:00
Carson Benge,NYM,OF,Hits+Runs+RBIs,4.5,demon,pre_game,2026-08-08T18:40:00.000-04:00
Jhostynxon Garcia,PIT,OF,Hits+Runs+RBIs,4.5,demon,pre_game,2026-08-08T18:40:00.000-04:00
Ronny Simon,PIT,IF,Total Bases,4.5,demon,pre_game,2026-08-08T18:40:00.000-04:00
Robert Stock,NYM,P,Earned Runs Allowed,4.5,demon,pre_game,2026-08-08T18:40:00.000-04:00
Bubba Chandler,PIT,P,Walks Allowed,4.5,demon,pre_game,2026-08-08T18:40:00.000-04:00
Brandon Lowe,PIT,IF,Total Bases,3.5,demon,pre_game,2026-08-08T18:40:00.000-04:00
Esmerlyn Valdez,PIT,OF,Total Bases,3.5,demon,pre_game,2026-08-08T18:40:00.000-04:00
Francisco Lindor,NYM,IF,Total Bases,3.5,demon,pre_game,2026-08-08T18:40:00.000-04:00
Bubba Chandler,PIT,P,Pitcher Strikeouts,3.5,goblin,pre_game,2026-08-08T18:40:00.000-04:00
Nick Gonzales,PIT,IF,Total Bases,3.5,demon,pre_game,2026-08-08T18:40:00.000-04:00
Marcus Semien,NYM,IF,Total Bases,3.5,demon,pre_game,2026-08-08T18:40:00.000-04:00
Francisco Alvarez,NYM,C,Total Bases,3.5,demon,pre_game,2026-08-08T18:40:00.000-04:00
Brett Baty,NYM,IF,Total Bases,3.5,demon,pre_game,2026-08-08T18:40:00.000-04:00
Spencer Horwitz,PIT,IF,Total Bases,3.5,demon,pre_game,2026-08-08T18:40:00.000-04:00
Jake Mangum,PIT,OF,Total Bases,3.5,demon,pre_game,2026-08-08T18:40:00.000-04:00
Robert Stock,NYM,P,Pitcher Strikeouts,3.5,goblin,pre_game,2026-08-08T18:40:00.000-04:00
A.J. Ewing,NYM,OF,Total Bases,3.5,demon,pre_game,2026-08-08T18:40:00.000-04:00
Jorge Polanco,NYM,DH,Total Bases,3.5,demon,pre_game,2026-08-08T18:40:00.000-04:00
Jared Young,NYM,IF,Total Bases,3.5,demon,pre_game,2026-08-08T18:40:00.000-04:00
Henry Davis,PIT,C,Total Bases,3.5,demon,pre_game,2026-08-08T18:40:00.000-04:00
Bo Bichette,NYM,IF,Total Bases,3.5,demon,pre_game,2026-08-08T18:40:00.000-04:00
Endy Rodríguez,PIT,C,Total Bases,3.5,demon,pre_game,2026-08-08T18:40:00.000-04:00
Jacob Gonzalez,PIT,IF,Total Bases,3.5,demon,pre_game,2026-08-08T18:40:00.000-04:00
Bryan Reynolds,PIT,OF,Total Bases,3.5,demon,pre_game,2026-08-08T18:40:00.000-04:00
Ronny Simon,PIT,IF,Total Bases,3.5,demon,pre_game,2026-08-08T18:40:00.000-04:00
Nick Gonzales,PIT,IF,Hits+Runs+RBIs,3.5,demon,pre_game,2026-08-08T18:40:00.000-04:00
Francisco Alvarez,NYM,C,Hits+Runs+RBIs,3.5,demon,pre_game,2026-08-08T18:40:00.000-04:00
Jared Young,NYM,IF,Hits+Runs+RBIs,3.5,demon,pre_game,2026-08-08T18:40:00.000-04:00
Bubba Chandler,PIT,P,Hits Allowed,3.5,goblin,pre_game,2026-08-08T18:40:00.000-04:00
Francisco Lindor,NYM,IF,Hits+Runs+RBIs,3.5,demon,pre_game,2026-08-08T18:40:00.000-04:00
Brandon Lowe,PIT,IF,Hits+Runs+RBIs,3.5,demon,pre_game,2026-08-08T18:40:00.000-04:00
Ronny Simon,PIT,IF,Hits+Runs+RBIs,3.5,demon,pre_game,2026-08-08T18:40:00.000-04:00
Esmerlyn Valdez,PIT,OF,Hits+Runs+RBIs,3.5,demon,pre_game,2026-08-08T18:40:00.000-04:00
Jake Mangum,PIT,OF,Hits+Runs+RBIs,3.5,demon,pre_game,2026-08-08T18:40:00.000-04:00
Bo Bichette,NYM,IF,Hits+Runs+RBIs,3.5,demon,pre_game,2026-08-08T18:40:00.000-04:00
Brett Baty,NYM,IF,Hits+Runs+RBIs,3.5,demon,pre_game,2026-08-08T18:40:00.000-04:00
Spencer Horwitz,PIT,IF,Hits+Runs+RBIs,3.5,demon,pre_game,2026-08-08T18:40:00.000-04:00
Robert Stock,NYM,P,Hits Allowed,3.5,goblin,pre_game,2026-08-08T18:40:00.000-04:00
Jorge Polanco,NYM,DH,Hits+Runs+RBIs,3.5,demon,pre_game,2026-08-08T18:40:00.000-04:00
Robert Stock,NYM,P,Earned Runs Allowed,3.5,demon,pre_game,2026-08-08T18:40:00.000-04:00
A.J. Ewing,NYM,OF,Hits+Runs+RBIs,3.5,demon,pre_game,2026-08-08T18:40:00.000-04:00
Bubba Chandler,PIT,P,Earned Runs Allowed,3.5,demon,pre_game,2026-08-08T18:40:00.000-04:00
Marcus Semien,NYM,IF,Hits+Runs+RBIs,3.5,demon,pre_game,2026-08-08T18:40:00.000-04:00
Endy Rodríguez,PIT,C,Hits+Runs+RBIs,3.5,demon,pre_game,2026-08-08T18:40:00.000-04:00
Luis Robert Jr.,NYM,OF,Hits+Runs+RBIs,3.5,demon,pre_game,2026-08-08T18:40:00.000-04:00
Bryan Reynolds,PIT,OF,Hits+Runs+RBIs,3.5,demon,pre_game,2026-08-08T18:40:00.000-04:00
Jacob Gonzalez,PIT,IF,Hits+Runs+RBIs,3.5,demon,pre_game,2026-08-08T18:40:00.000-04:00
Luis Robert Jr.,NYM,OF,Total Bases,3.5,demon,pre_game,2026-08-08T18:40:00.000-04:00
Carson Benge,NYM,OF,Total Bases,3.5,demon,pre_game,2026-08-08T18:40:00.000-04:00
Carson Benge,NYM,OF,Hits+Runs+RBIs,3.5,demon,pre_game,2026-08-08T18:40:00.000-04:00
Jhostynxon Garcia,PIT,OF,Hits+Runs+RBIs,3.5,demon,pre_game,2026-08-08T18:40:00.000-04:00
Jhostynxon Garcia,PIT,OF,Total Bases,3.5,demon,pre_game,2026-08-08T18:40:00.000-04:00
Henry Davis,PIT,C,Total Bases,2.5,demon,pre_game,2026-08-08T18:40:00.000-04:00
Esmerlyn Valdez,PIT,OF,Total Bases,2.5,demon,pre_game,2026-08-08T18:40:00.000-04:00
Nick Gonzales,PIT,IF,Total Bases,2.5,demon,pre_game,2026-08-08T18:40:00.000-04:00
Spencer Horwitz,PIT,IF,Total Bases,2.5,demon,pre_game,2026-08-08T18:40:00.000-04:00
Jake Mangum,PIT,OF,Total Bases,2.5,demon,pre_game,2026-08-08T18:40:00.000-04:00
Francisco Lindor,NYM,IF,Total Bases,2.5,demon,pre_game,2026-08-08T18:40:00.000-04:00
Marcus Semien,NYM,IF,Total Bases,2.5,demon,pre_game,2026-08-08T18:40:00.000-04:00
Francisco Alvarez,NYM,C,Total Bases,2.5,demon,pre_game,2026-08-08T18:40:00.000-04:00
Brett Baty,NYM,IF,Total Bases,2.5,demon,pre_game,2026-08-08T18:40:00.000-04:00
Brandon Lowe,PIT,IF,Total Bases,2.5,demon,pre_game,2026-08-08T18:40:00.000-04:00
Robert Stock,NYM,P,Pitcher Strikeouts,2.5,goblin,pre_game,2026-08-08T18:40:00.000-04:00
A.J. Ewing,NYM,OF,Total Bases,2.5,demon,pre_game,2026-08-08T18:40:00.000-04:00
Jorge Polanco,NYM,DH,Total Bases,2.5,demon,pre_game,2026-08-08T18:40:00.000-04:00
Jared Young,NYM,IF,Total Bases,2.5,demon,pre_game,2026-08-08T18:40:00.000-04:00
Bo Bichette,NYM,IF,Total Bases,2.5,demon,pre_game,2026-08-08T18:40:00.000-04:00
Endy Rodríguez,PIT,C,Total Bases,2.5,demon,pre_game,2026-08-08T18:40:00.000-04:00
Luis Robert Jr.,NYM,OF,Total Bases,2.5,demon,pre_game,2026-08-08T18:40:00.000-04:00
Jacob Gonzalez,PIT,IF,Total Bases,2.5,demon,pre_game,2026-08-08T18:40:00.000-04:00
Bryan Reynolds,PIT,OF,Total Bases,2.5,demon,pre_game,2026-08-08T18:40:00.000-04:00
Bubba Chandler,PIT,P,Pitcher Strikeouts,2.5,goblin,pre_game,2026-08-08T18:40:00.000-04:00
Robert Stock,NYM,P,Earned Runs Allowed,2.5,standard,pre_game,2026-08-08T18:40:00.000-04:00
Bryan Reynolds,PIT,OF,Hits,2.5,demon,pre_game,2026-08-08T18:40:00.000-04:00
Robert Stock,NYM,P,Walks Allowed,2.5,demon,pre_game,2026-08-08T18:40:00.000-04:00
Bo Bichette,NYM,IF,Hits,2.5,demon,pre_game,2026-08-08T18:40:00.000-04:00
Endy Rodríguez,PIT,C,Hits,2.5,demon,pre_game,2026-08-08T18:40:00.000-04:00
Bubba Chandler,PIT,P,Walks Allowed,2.5,demon,pre_game,2026-08-08T18:40:00.000-04:00
Jake Mangum,PIT,OF,Hits,2.5,demon,pre_game,2026-08-08T18:40:00.000-04:00
Ronny Simon,PIT,IF,Hits,2.5,demon,pre_game,2026-08-08T18:40:00.000-04:00
Nick Gonzales,PIT,IF,Hits,2.5,demon,pre_game,2026-08-08T18:40:00.000-04:00
Jared Young,NYM,IF,Hitter Strikeouts,2.5,demon,pre_game,2026-08-08T18:40:00.000-04:00
Bryan Reynolds,PIT,OF,RBIs,2.5,demon,pre_game,2026-08-08T18:40:00.000-04:00
Brett Baty,NYM,IF,Hitter Strikeouts,2.5,demon,pre_game,2026-08-08T18:40:00.000-04:00
Francisco Lindor,NYM,IF,Hitter Strikeouts,2.5,demon,pre_game,2026-08-08T18:40:00.000-04:00
Esmerlyn Valdez,PIT,OF,Hitter Strikeouts,2.5,demon,pre_game,2026-08-08T18:40:00.000-04:00
Jared Young,NYM,IF,RBIs,2.5,demon,pre_game,2026-08-08T18:40:00.000-04:00
Luis Robert Jr.,NYM,OF,Hits,2.5,demon,pre_game,2026-08-08T18:40:00.000-04:00
Brandon Lowe,PIT,IF,Hits,2.5,demon,pre_game,2026-08-08T18:40:00.000-04:00
Brandon Lowe,PIT,IF,RBIs,2.5,demon,pre_game,2026-08-08T18:40:00.000-04:00
A.J. Ewing,NYM,OF,Hitter Strikeouts,2.5,demon,pre_game,2026-08-08T18:40:00.000-04:00
Francisco Lindor,NYM,IF,Hits,2.5,demon,pre_game,2026-08-08T18:40:00.000-04:00
Francisco Lindor,NYM,IF,RBIs,2.5,demon,pre_game,2026-08-08T18:40:00.000-04:00
Luis Robert Jr.,NYM,OF,Hitter Strikeouts,2.5,demon,pre_game,2026-08-08T18:40:00.000-04:00
A.J. Ewing,NYM,OF,Hits,2.5,demon,pre_game,2026-08-08T18:40:00.000-04:00
Endy Rodríguez,PIT,C,Hitter Strikeouts,2.5,demon,pre_game,2026-08-08T18:40:00.000-04:00
Francisco Alvarez,NYM,C,Hitter Strikeouts,2.5,demon,pre_game,2026-08-08T18:40:00.000-04:00
Bryan Reynolds,PIT,OF,Hitter Strikeouts,2.5,demon,pre_game,2026-08-08T18:40:00.000-04:00
Brandon Lowe,PIT,IF,Hitter Strikeouts,2.5,demon,pre_game,2026-08-08T18:40:00.000-04:00
Endy Rodríguez,PIT,C,RBIs,2.5,demon,pre_game,2026-08-08T18:40:00.000-04:00
Esmerlyn Valdez,PIT,OF,RBIs,2.5,demon,pre_game,2026-08-08T18:40:00.000-04:00
Spencer Horwitz,PIT,IF,RBIs,2.5,demon,pre_game,2026-08-08T18:40:00.000-04:00
Spencer Horwitz,PIT,IF,Hits,2.5,demon,pre_game,2026-08-08T18:40:00.000-04:00
Ronny Simon,PIT,IF,Total Bases,2.5,demon,pre_game,2026-08-08T18:40:00.000-04:00
Luis Robert Jr.,NYM,OF,Hits+Runs+RBIs,2.5,demon,pre_game,2026-08-08T18:40:00.000-04:00
A.J. Ewing,NYM,OF,Hits+Runs+RBIs,2.5,demon,pre_game,2026-08-08T18:40:00.000-04:00
Jacob Gonzalez,PIT,IF,Hits+Runs+RBIs,2.5,demon,pre_game,2026-08-08T18:40:00.000-04:00
Nick Gonzales,PIT,IF,Hits+Runs+RBIs,2.5,demon,pre_game,2026-08-08T18:40:00.000-04:00
Endy Rodríguez,PIT,C,Hits+Runs+RBIs,2.5,demon,pre_game,2026-08-08T18:40:00.000-04:00
Ronny Simon,PIT,IF,Hits+Runs+RBIs,2.5,demon,pre_game,2026-08-08T18:40:00.000-04:00
Francisco Lindor,NYM,IF,Hits+Runs+RBIs,2.5,demon,pre_game,2026-08-08T18:40:00.000-04:00
Francisco Alvarez,NYM,C,Hits+Runs+RBIs,2.5,demon,pre_game,2026-08-08T18:40:00.000-04:00
Jorge Polanco,NYM,DH,Hits+Runs+RBIs,2.5,demon,pre_game,2026-08-08T18:40:00.000-04:00
Jake Mangum,PIT,OF,Hits+Runs+RBIs,2.5,demon,pre_game,2026-08-08T18:40:00.000-04:00
Brandon Lowe,PIT,IF,Hits+Runs+RBIs,2.5,demon,pre_game,2026-08-08T18:40:00.000-04:00
Bo Bichette,NYM,IF,Hits+Runs+RBIs,2.5,demon,pre_game,2026-08-08T18:40:00.000-04:00
Marcus Semien,NYM,IF,Hits+Runs+RBIs,2.5,demon,pre_game,2026-08-08T18:40:00.000-04:00
Brett Baty,NYM,IF,Hits+Runs+RBIs,2.5,demon,pre_game,2026-08-08T18:40:00.000-04:00
Jared Young,NYM,IF,Hits+Runs+RBIs,2.5,demon,pre_game,2026-08-08T18:40:00.000-04:00
Esmerlyn Valdez,PIT,OF,Hits+Runs+RBIs,2.5,demon,pre_game,2026-08-08T18:40:00.000-04:00
Bryan Reynolds,PIT,OF,Hits+Runs+RBIs,2.5,demon,pre_game,2026-08-08T18:40:00.000-04:00
Spencer Horwitz,PIT,IF,Hits+Runs+RBIs,2.5,demon,pre_game,2026-08-08T18:40:00.000-04:00
Esmerlyn Valdez,PIT,OF,Hits,2.5,demon,pre_game,2026-08-08T18:40:00.000-04:00
Jared Young,NYM,IF,Hits,2.5,demon,pre_game,2026-08-08T18:40:00.000-04:00
Robert Stock,NYM,P,Hits Allowed,2.5,goblin,pre_game,2026-08-08T18:40:00.000-04:00
Luis Robert Jr.,NYM,OF,RBIs,2.5,demon,pre_game,2026-08-08T18:40:00.000-04:00
Bubba Chandler,PIT,P,Hits Allowed,2.5,goblin,pre_game,2026-08-08T18:40:00.000-04:00
Jacob Gonzalez,PIT,IF,RBIs,2.5,demon,pre_game,2026-08-08T18:40:00.000-04:00
Jorge Polanco,NYM,DH,RBIs,2.5,demon,pre_game,2026-08-08T18:40:00.000-04:00
Bo Bichette,NYM,IF,RBIs,2.5,demon,pre_game,2026-08-08T18:40:00.000-04:00
Francisco Alvarez,NYM,C,RBIs,2.5,demon,pre_game,2026-08-08T18:40:00.000-04:00
Marcus Semien,NYM,IF,Hitter Strikeouts,2.5,demon,pre_game,2026-08-08T18:40:00.000-04:00
Carson Benge,NYM,OF,Hits+Runs+RBIs,2.5,demon,pre_game,2026-08-08T18:40:00.000-04:00
Carson Benge,NYM,OF,Total Bases,2.5,demon,pre_game,2026-08-08T18:40:00.000-04:00
Carson Benge,NYM,OF,Hits,2.5,demon,pre_game,2026-08-08T18:40:00.000-04:00
Jhostynxon Garcia,PIT,OF,Total Bases,2.5,demon,pre_game,2026-08-08T18:40:00.000-04:00
Jhostynxon Garcia,PIT,OF,Hits+Runs+RBIs,2.5,demon,pre_game,2026-08-08T18:40:00.000-04:00
Bubba Chandler,PIT,P,Earned Runs Allowed,2.5,standard,pre_game,2026-08-08T18:40:00.000-04:00
Carson Benge,NYM,OF,RBIs,2.5,demon,pre_game,2026-08-08T18:40:00.000-04:00
Henry Davis,PIT,C,Runs,1.5,demon,pre_game,2026-08-08T18:40:00.000-04:00
Spencer Horwitz,PIT,IF,Runs,1.5,demon,pre_game,2026-08-08T18:40:00.000-04:00
Jake Mangum,PIT,OF,Hits,1.5,demon,pre_game,2026-08-08T18:40:00.000-04:00
Marcus Semien,NYM,IF,Runs,1.5,demon,pre_game,2026-08-08T18:40:00.000-04:00
Jared Young,NYM,IF,Hits+Runs+RBIs,1.5,demon,pre_game,2026-08-08T18:40:00.000-04:00
Jared Young,NYM,IF,Hits,1.5,demon,pre_game,2026-08-08T18:40:00.000-04:00
Endy Rodríguez,PIT,C,Hits,1.5,demon,pre_game,2026-08-08T18:40:00.000-04:00
Nick Gonzales,PIT,IF,RBIs,1.5,demon,pre_game,2026-08-08T18:40:00.000-04:00
Brandon Lowe,PIT,IF,Runs,1.5,demon,pre_game,2026-08-08T18:40:00.000-04:00
Henry Davis,PIT,C,Hits+Runs+RBIs,1.5,demon,pre_game,2026-08-08T18:40:00.000-04:00
Jake Mangum,PIT,OF,Runs,1.5,demon,pre_game,2026-08-08T18:40:00.000-04:00
Nick Gonzales,PIT,IF,Total Bases,1.5,demon,pre_game,2026-08-08T18:40:00.000-04:00
Spencer Horwitz,PIT,IF,Total Bases,1.5,demon,pre_game,2026-08-08T18:40:00.000-04:00
Esmerlyn Valdez,PIT,OF,Total Bases,1.5,demon,pre_game,2026-08-08T18:40:00.000-04:00
Jorge Polanco,NYM,DH,Hits+Runs+RBIs,1.5,demon,pre_game,2026-08-08T18:40:00.000-04:00
Esmerlyn Valdez,PIT,OF,Runs,1.5,demon,pre_game,2026-08-08T18:40:00.000-04:00
Bryan Reynolds,PIT,OF,Hits,1.5,demon,pre_game,2026-08-08T18:40:00.000-04:00
Brett Baty,NYM,IF,Runs,1.5,demon,pre_game,2026-08-08T18:40:00.000-04:00
Francisco Lindor,NYM,IF,Runs,1.5,demon,pre_game,2026-08-08T18:40:00.000-04:00
Jacob Gonzalez,PIT,IF,Hits+Runs+RBIs,1.5,demon,pre_game,2026-08-08T18:40:00.000-04:00
Francisco Alvarez,NYM,C,Hits,1.5,demon,pre_game,2026-08-08T18:40:00.000-04:00
Brett Baty,NYM,IF,Hits+Runs+RBIs,1.5,demon,pre_game,2026-08-08T18:40:00.000-04:00
Bo Bichette,NYM,IF,Hits,1.5,demon,pre_game,2026-08-08T18:40:00.000-04:00
Francisco Lindor,NYM,IF,Hits,1.5,demon,pre_game,2026-08-08T18:40:00.000-04:00
Marcus Semien,NYM,IF,RBIs,1.5,demon,pre_game,2026-08-08T18:40:00.000-04:00
Bo Bichette,NYM,IF,Hits+Runs+RBIs,1.5,goblin,pre_game,2026-08-08T18:40:00.000-04:00
A.J. Ewing,NYM,OF,Hits+Runs+RBIs,1.5,goblin,pre_game,2026-08-08T18:40:00.000-04:00
Endy Rodríguez,PIT,C,Runs,1.5,demon,pre_game,2026-08-08T18:40:00.000-04:00
Jake Mangum,PIT,OF,Hits+Runs+RBIs,1.5,goblin,pre_game,2026-08-08T18:40:00.000-04:00
Jacob Gonzalez,PIT,IF,Hits,1.5,demon,pre_game,2026-08-08T18:40:00.000-04:00
Jorge Polanco,NYM,DH,Runs,1.5,demon,pre_game,2026-08-08T18:40:00.000-04:00
Henry Davis,PIT,C,RBIs,1.5,demon,pre_game,2026-08-08T18:40:00.000-04:00
Nick Gonzales,PIT,IF,Hits,1.5,demon,pre_game,2026-08-08T18:40:00.000-04:00
Esmerlyn Valdez,PIT,OF,Hits,1.5,demon,pre_game,2026-08-08T18:40:00.000-04:00
Marcus Semien,NYM,IF,Hits,1.5,demon,pre_game,2026-08-08T18:40:00.000-04:00
Marcus Semien,NYM,IF,Total Bases,1.5,demon,pre_game,2026-08-08T18:40:00.000-04:00
Brett Baty,NYM,IF,Total Bases,1.5,demon,pre_game,2026-08-08T18:40:00.000-04:00
Francisco Alvarez,NYM,C,Total Bases,1.5,demon,pre_game,2026-08-08T18:40:00.000-04:00
Bo Bichette,NYM,IF,Runs,1.5,demon,pre_game,2026-08-08T18:40:00.000-04:00
Luis Robert Jr.,NYM,OF,Runs,1.5,demon,pre_game,2026-08-08T18:40:00.000-04:00
Jorge Polanco,NYM,DH,Hits,1.5,demon,pre_game,2026-08-08T18:40:00.000-04:00
Luis Robert Jr.,NYM,OF,Hits,1.5,demon,pre_game,2026-08-08T18:40:00.000-04:00
Jake Mangum,PIT,OF,RBIs,1.5,demon,pre_game,2026-08-08T18:40:00.000-04:00
Brandon Lowe,PIT,IF,Hits,1.5,demon,pre_game,2026-08-08T18:40:00.000-04:00
Francisco Alvarez,NYM,C,Hits+Runs+RBIs,1.5,demon,pre_game,2026-08-08T18:40:00.000-04:00
A.J. Ewing,NYM,OF,Hits,1.5,demon,pre_game,2026-08-08T18:40:00.000-04:00
Bryan Reynolds,PIT,OF,Runs,1.5,demon,pre_game,2026-08-08T18:40:00.000-04:00
Jorge Polanco,NYM,DH,Total Bases,1.5,demon,pre_game,2026-08-08T18:40:00.000-04:00
Brett Baty,NYM,IF,Hits,1.5,demon,pre_game,2026-08-08T18:40:00.000-04:00
A.J. Ewing,NYM,OF,Total Bases,1.5,demon,pre_game,2026-08-08T18:40:00.000-04:00
Henry Davis,PIT,C,Total Bases,1.5,demon,pre_game,2026-08-08T18:40:00.000-04:00
Marcus Semien,NYM,IF,Hits+Runs+RBIs,1.5,demon,pre_game,2026-08-08T18:40:00.000-04:00
Brandon Lowe,PIT,IF,Hits+Runs+RBIs,1.5,goblin,pre_game,2026-08-08T18:40:00.000-04:00
Jacob Gonzalez,PIT,IF,Runs,1.5,demon,pre_game,2026-08-08T18:40:00.000-04:00
Jared Young,NYM,IF,Total Bases,1.5,demon,pre_game,2026-08-08T18:40:00.000-04:00
Henry Davis,PIT,C,Hits,1.5,demon,pre_game,2026-08-08T18:40:00.000-04:00
Spencer Horwitz,PIT,IF,Hits,1.5,demon,pre_game,2026-08-08T18:40:00.000-04:00
Bo Bichette,NYM,IF,Total Bases,1.5,demon,pre_game,2026-08-08T18:40:00.000-04:00
Francisco Alvarez,NYM,C,Runs,1.5,demon,pre_game,2026-08-08T18:40:00.000-04:00
A.J. Ewing,NYM,OF,RBIs,1.5,demon,pre_game,2026-08-08T18:40:00.000-04:00
Jared Young,NYM,IF,Runs,1.5,demon,pre_game,2026-08-08T18:40:00.000-04:00
Endy Rodríguez,PIT,C,Total Bases,1.5,demon,pre_game,2026-08-08T18:40:00.000-04:00
A.J. Ewing,NYM,OF,Runs,1.5,demon,pre_game,2026-08-08T18:40:00.000-04:00
Luis Robert Jr.,NYM,OF,Total Bases,1.5,demon,pre_game,2026-08-08T18:40:00.000-04:00
Jacob Gonzalez,PIT,IF,Total Bases,1.5,demon,pre_game,2026-08-08T18:40:00.000-04:00
Brett Baty,NYM,IF,RBIs,1.5,demon,pre_game,2026-08-08T18:40:00.000-04:00
Nick Gonzales,PIT,IF,Runs,1.5,demon,pre_game,2026-08-08T18:40:00.000-04:00
Francisco Lindor,NYM,IF,Total Bases,1.5,demon,pre_game,2026-08-08T18:40:00.000-04:00
Brandon Lowe,PIT,IF,Total Bases,1.5,demon,pre_game,2026-08-08T18:40:00.000-04:00
Nick Gonzales,PIT,IF,Hits+Runs+RBIs,1.5,standard,pre_game,2026-08-08T18:40:00.000-04:00
Francisco Lindor,NYM,IF,Hits+Runs+RBIs,1.5,standard,pre_game,2026-08-08T18:40:00.000-04:00
Robert Stock,NYM,P,Walks Allowed,1.5,goblin,pre_game,2026-08-08T18:40:00.000-04:00
Bryan Reynolds,PIT,OF,Total Bases,1.5,demon,pre_game,2026-08-08T18:40:00.000-04:00
Bryan Reynolds,PIT,OF,Hits+Runs+RBIs,1.5,standard,pre_game,2026-08-08T18:40:00.000-04:00
Luis Robert Jr.,NYM,OF,Hits+Runs+RBIs,1.5,standard,pre_game,2026-08-08T18:40:00.000-04:00
Spencer Horwitz,PIT,IF,Hits+Runs+RBIs,1.5,standard,pre_game,2026-08-08T18:40:00.000-04:00
Endy Rodríguez,PIT,C,Hits+Runs+RBIs,1.5,standard,pre_game,2026-08-08T18:40:00.000-04:00
Ronny Simon,PIT,IF,Runs,1.5,demon,pre_game,2026-08-08T18:40:00.000-04:00
Jacob Gonzalez,PIT,IF,Hitter Strikeouts,1.5,demon,pre_game,2026-08-08T18:40:00.000-04:00
Jorge Polanco,NYM,DH,Hitter Strikeouts,1.5,demon,pre_game,2026-08-08T18:40:00.000-04:00
Jared Young,NYM,IF,Hitter Strikeouts,1.5,demon,pre_game,2026-08-08T18:40:00.000-04:00
Ronny Simon,PIT,IF,Hits,1.5,demon,pre_game,2026-08-08T18:40:00.000-04:00
Bryan Reynolds,PIT,OF,Singles,1.5,demon,pre_game,2026-08-08T18:40:00.000-04:00
Luis Robert Jr.,NYM,OF,Singles,1.5,demon,pre_game,2026-08-08T18:40:00.000-04:00
Nick Gonzales,PIT,IF,Hitter Strikeouts,1.5,demon,pre_game,2026-08-08T18:40:00.000-04:00
Jake Mangum,PIT,OF,Total Bases,1.5,demon,pre_game,2026-08-08T18:40:00.000-04:00
Brett Baty,NYM,IF,Hitter Strikeouts,1.5,demon,pre_game,2026-08-08T18:40:00.000-04:00
Francisco Lindor,NYM,IF,Hitter Strikeouts,1.5,demon,pre_game,2026-08-08T18:40:00.000-04:00
Bo Bichette,NYM,IF,Hitter Strikeouts,1.5,demon,pre_game,2026-08-08T18:40:00.000-04:00
Marcus Semien,NYM,IF,Hitter Strikeouts,1.5,demon,pre_game,2026-08-08T18:40:00.000-04:00
Bo Bichette,NYM,IF,Singles,1.5,demon,pre_game,2026-08-08T18:40:00.000-04:00
Nick Gonzales,PIT,IF,Singles,1.5,demon,pre_game,2026-08-08T18:40:00.000-04:00
A.J. Ewing,NYM,OF,Hitter Strikeouts,1.5,demon,pre_game,2026-08-08T18:40:00.000-04:00
Spencer Horwitz,PIT,IF,Hitter Strikeouts,1.5,demon,pre_game,2026-08-08T18:40:00.000-04:00
A.J. Ewing,NYM,OF,Singles,1.5,demon,pre_game,2026-08-08T18:40:00.000-04:00
Ronny Simon,PIT,IF,Hitter Strikeouts,1.5,demon,pre_game,2026-08-08T18:40:00.000-04:00
Endy Rodríguez,PIT,C,Hitter Strikeouts,1.5,demon,pre_game,2026-08-08T18:40:00.000-04:00
Jake Mangum,PIT,OF,Hitter Strikeouts,1.5,demon,pre_game,2026-08-08T18:40:00.000-04:00
Bryan Reynolds,PIT,OF,Hitter Strikeouts,1.5,demon,pre_game,2026-08-08T18:40:00.000-04:00
Jake Mangum,PIT,OF,Singles,1.5,demon,pre_game,2026-08-08T18:40:00.000-04:00
Ronny Simon,PIT,IF,RBIs,1.5,demon,pre_game,2026-08-08T18:40:00.000-04:00
Ronny Simon,PIT,IF,Total Bases,1.5,demon,pre_game,2026-08-08T18:40:00.000-04:00
Bubba Chandler,PIT,P,Earned Runs Allowed,1.5,goblin,pre_game,2026-08-08T18:40:00.000-04:00
Ronny Simon,PIT,IF,Hits+Runs+RBIs,1.5,demon,pre_game,2026-08-08T18:40:00.000-04:00
Esmerlyn Valdez,PIT,OF,Hitter Strikeouts,1.5,demon,pre_game,2026-08-08T18:40:00.000-04:00
Brandon Lowe,PIT,IF,Hitter Strikeouts,1.5,demon,pre_game,2026-08-08T18:40:00.000-04:00
Robert Stock,NYM,P,Earned Runs Allowed,1.5,goblin,pre_game,2026-08-08T18:40:00.000-04:00
Francisco Alvarez,NYM,C,Hitter Strikeouts,1.5,demon,pre_game,2026-08-08T18:40:00.000-04:00
Luis Robert Jr.,NYM,OF,Hitter Strikeouts,1.5,demon,pre_game,2026-08-08T18:40:00.000-04:00
Bubba Chandler,PIT,P,Walks Allowed,1.5,goblin,pre_game,2026-08-08T18:40:00.000-04:00
Jhostynxon Garcia,PIT,OF,Hits,1.5,demon,pre_game,2026-08-08T18:40:00.000-04:00
Jhostynxon Garcia,PIT,OF,Runs,1.5,demon,pre_game,2026-08-08T18:40:00.000-04:00
Carson Benge,NYM,OF,Total Bases,1.5,demon,pre_game,2026-08-08T18:40:00.000-04:00
Carson Benge,NYM,OF,Hits,1.5,demon,pre_game,2026-08-08T18:40:00.000-04:00
Carson Benge,NYM,OF,Runs,1.5,demon,pre_game,2026-08-08T18:40:00.000-04:00
Jhostynxon Garcia,PIT,OF,RBIs,1.5,demon,pre_game,2026-08-08T18:40:00.000-04:00
Jhostynxon Garcia,PIT,OF,Total Bases,1.5,demon,pre_game,2026-08-08T18:40:00.000-04:00
Jhostynxon Garcia,PIT,OF,Hits+Runs+RBIs,1.5,demon,pre_game,2026-08-08T18:40:00.000-04:00
Esmerlyn Valdez,PIT,OF,Hits+Runs+RBIs,1.5,demon,pre_game,2026-08-08T18:40:00.000-04:00
Carson Benge,NYM,OF,Hits+Runs+RBIs,1.5,standard,pre_game,2026-08-08T18:40:00.000-04:00
Jacob Gonzalez,PIT,IF,Doubles,0.5,demon,pre_game,2026-08-08T18:40:00.000-04:00
Nick Gonzales,PIT,IF,Doubles,0.5,demon,pre_game,2026-08-08T18:40:00.000-04:00
Spencer Horwitz,PIT,IF,RBIs,0.5,demon,pre_game,2026-08-08T18:40:00.000-04:00
Jorge Polanco,NYM,DH,RBIs,0.5,demon,pre_game,2026-08-08T18:40:00.000-04:00
Nick Gonzales,PIT,IF,RBIs,0.5,demon,pre_game,2026-08-08T18:40:00.000-04:00
Marcus Semien,NYM,IF,RBIs,0.5,demon,pre_game,2026-08-08T18:40:00.000-04:00
Henry Davis,PIT,C,Singles,0.5,demon,pre_game,2026-08-08T18:40:00.000-04:00
Nick Gonzales,PIT,IF,Hits,0.5,goblin,pre_game,2026-08-08T18:40:00.000-04:00
Brandon Lowe,PIT,IF,Doubles,0.5,demon,pre_game,2026-08-08T18:40:00.000-04:00
Henry Davis,PIT,C,Doubles,0.5,demon,pre_game,2026-08-08T18:40:00.000-04:00
Marcus Semien,NYM,IF,Hits+Runs+RBIs,0.5,goblin,pre_game,2026-08-08T18:40:00.000-04:00
Jared Young,NYM,IF,RBIs,0.5,demon,pre_game,2026-08-08T18:40:00.000-04:00
Jake Mangum,PIT,OF,Hits,0.5,goblin,pre_game,2026-08-08T18:40:00.000-04:00
Francisco Lindor,NYM,IF,RBIs,0.5,demon,pre_game,2026-08-08T18:40:00.000-04:00
Marcus Semien,NYM,IF,Runs,0.5,demon,pre_game,2026-08-08T18:40:00.000-04:00
Nick Gonzales,PIT,IF,Home Runs,0.5,demon,pre_game,2026-08-08T18:40:00.000-04:00
Jorge Polanco,NYM,DH,Hits+Runs+RBIs,0.5,goblin,pre_game,2026-08-08T18:40:00.000-04:00
Jared Young,NYM,IF,Hits+Runs+RBIs,0.5,goblin,pre_game,2026-08-08T18:40:00.000-04:00
Endy Rodríguez,PIT,C,Runs,0.5,demon,pre_game,2026-08-08T18:40:00.000-04:00
Henry Davis,PIT,C,Runs,0.5,demon,pre_game,2026-08-08T18:40:00.000-04:00
Bo Bichette,NYM,IF,Doubles,0.5,demon,pre_game,2026-08-08T18:40:00.000-04:00
Bo Bichette,NYM,IF,Hits,0.5,goblin,pre_game,2026-08-08T18:40:00.000-04:00
Brett Baty,NYM,IF,Doubles,0.5,demon,pre_game,2026-08-08T18:40:00.000-04:00
Jacob Gonzalez,PIT,IF,RBIs,0.5,demon,pre_game,2026-08-08T18:40:00.000-04:00
Esmerlyn Valdez,PIT,OF,Hits+Runs+RBIs,0.5,goblin,pre_game,2026-08-08T18:40:00.000-04:00
Bryan Reynolds,PIT,OF,Doubles,0.5,demon,pre_game,2026-08-08T18:40:00.000-04:00
Henry Davis,PIT,C,Hits+Runs+RBIs,0.5,goblin,pre_game,2026-08-08T18:40:00.000-04:00
Jorge Polanco,NYM,DH,Doubles,0.5,demon,pre_game,2026-08-08T18:40:00.000-04:00
Jared Young,NYM,IF,Doubles,0.5,demon,pre_game,2026-08-08T18:40:00.000-04:00
A.J. Ewing,NYM,OF,Singles,0.5,goblin,pre_game,2026-08-08T18:40:00.000-04:00
Jacob Gonzalez,PIT,IF,Home Runs,0.5,demon,pre_game,2026-08-08T18:40:00.000-04:00
Jake Mangum,PIT,OF,Runs,0.5,demon,pre_game,2026-08-08T18:40:00.000-04:00
Jared Young,NYM,IF,Singles,0.5,demon,pre_game,2026-08-08T18:40:00.000-04:00
Jorge Polanco,NYM,DH,Hits,0.5,goblin,pre_game,2026-08-08T18:40:00.000-04:00
Brett Baty,NYM,IF,Home Runs,0.5,demon,pre_game,2026-08-08T18:40:00.000-04:00
Nick Gonzales,PIT,IF,Singles,0.5,goblin,pre_game,2026-08-08T18:40:00.000-04:00
Jared Young,NYM,IF,Home Runs,0.5,demon,pre_game,2026-08-08T18:40:00.000-04:00
Francisco Alvarez,NYM,C,Singles,0.5,demon,pre_game,2026-08-08T18:40:00.000-04:00
Brandon Lowe,PIT,IF,Home Runs,0.5,demon,pre_game,2026-08-08T18:40:00.000-04:00
Marcus Semien,NYM,IF,Singles,0.5,demon,pre_game,2026-08-08T18:40:00.000-04:00
Bryan Reynolds,PIT,OF,Hits,0.5,goblin,pre_game,2026-08-08T18:40:00.000-04:00
Bryan Reynolds,PIT,OF,Hits+Runs+RBIs,0.5,goblin,pre_game,2026-08-08T18:40:00.000-04:00
Brett Baty,NYM,IF,Runs,0.5,demon,pre_game,2026-08-08T18:40:00.000-04:00
A.J. Ewing,NYM,OF,Home Runs,0.5,demon,pre_game,2026-08-08T18:40:00.000-04:00
Bo Bichette,NYM,IF,RBIs,0.5,demon,pre_game,2026-08-08T18:40:00.000-04:00
Francisco Lindor,NYM,IF,Hits+Runs+RBIs,0.5,goblin,pre_game,2026-08-08T18:40:00.000-04:00
Jacob Gonzalez,PIT,IF,Hits+Runs+RBIs,0.5,goblin,pre_game,2026-08-08T18:40:00.000-04:00
Luis Robert Jr.,NYM,OF,RBIs,0.5,demon,pre_game,2026-08-08T18:40:00.000-04:00
Luis Robert Jr.,NYM,OF,Home Runs,0.5,demon,pre_game,2026-08-08T18:40:00.000-04:00
Endy Rodríguez,PIT,C,Hits,0.5,goblin,pre_game,2026-08-08T18:40:00.000-04:00
Brett Baty,NYM,IF,Hits+Runs+RBIs,0.5,goblin,pre_game,2026-08-08T18:40:00.000-04:00
Luis Robert Jr.,NYM,OF,Doubles,0.5,demon,pre_game,2026-08-08T18:40:00.000-04:00
Francisco Lindor,NYM,IF,Hits,0.5,goblin,pre_game,2026-08-08T18:40:00.000-04:00
Jacob Gonzalez,PIT,IF,Singles,0.5,demon,pre_game,2026-08-08T18:40:00.000-04:00
Jorge Polanco,NYM,DH,Home Runs,0.5,demon,pre_game,2026-08-08T18:40:00.000-04:00
Brett Baty,NYM,IF,Singles,0.5,demon,pre_game,2026-08-08T18:40:00.000-04:00
Bo Bichette,NYM,IF,Hits+Runs+RBIs,0.5,goblin,pre_game,2026-08-08T18:40:00.000-04:00
Francisco Lindor,NYM,IF,Home Runs,0.5,demon,pre_game,2026-08-08T18:40:00.000-04:00
A.J. Ewing,NYM,OF,Hits+Runs+RBIs,0.5,goblin,pre_game,2026-08-08T18:40:00.000-04:00
Jacob Gonzalez,PIT,IF,Hits,0.5,goblin,pre_game,2026-08-08T18:40:00.000-04:00
Henry Davis,PIT,C,RBIs,0.5,demon,pre_game,2026-08-08T18:40:00.000-04:00
Jorge Polanco,NYM,DH,Runs,0.5,demon,pre_game,2026-08-08T18:40:00.000-04:00
Jake Mangum,PIT,OF,Hits+Runs+RBIs,0.5,goblin,pre_game,2026-08-08T18:40:00.000-04:00
Spencer Horwitz,PIT,IF,Doubles,0.5,demon,pre_game,2026-08-08T18:40:00.000-04:00
Bo Bichette,NYM,IF,Singles,0.5,goblin,pre_game,2026-08-08T18:40:00.000-04:00
Endy Rodríguez,PIT,C,Hits+Runs+RBIs,0.5,goblin,pre_game,2026-08-08T18:40:00.000-04:00
Spencer Horwitz,PIT,IF,Runs,0.5,demon,pre_game,2026-08-08T18:40:00.000-04:00
A.J. Ewing,NYM,OF,Doubles,0.5,demon,pre_game,2026-08-08T18:40:00.000-04:00
Spencer Horwitz,PIT,IF,Home Runs,0.5,demon,pre_game,2026-08-08T18:40:00.000-04:00
Esmerlyn Valdez,PIT,OF,Hits,0.5,goblin,pre_game,2026-08-08T18:40:00.000-04:00
Francisco Alvarez,NYM,C,Hits,0.5,goblin,pre_game,2026-08-08T18:40:00.000-04:00
Esmerlyn Valdez,PIT,OF,RBIs,0.5,demon,pre_game,2026-08-08T18:40:00.000-04:00
Marcus Semien,NYM,IF,Doubles,0.5,demon,pre_game,2026-08-08T18:40:00.000-04:00
Francisco Alvarez,NYM,C,RBIs,0.5,demon,pre_game,2026-08-08T18:40:00.000-04:00
Marcus Semien,NYM,IF,Hits,0.5,goblin,pre_game,2026-08-08T18:40:00.000-04:00
Esmerlyn Valdez,PIT,OF,Doubles,0.5,demon,pre_game,2026-08-08T18:40:00.000-04:00
Bryan Reynolds,PIT,OF,RBIs,0.5,demon,pre_game,2026-08-08T18:40:00.000-04:00
Brandon Lowe,PIT,IF,RBIs,0.5,demon,pre_game,2026-08-08T18:40:00.000-04:00
Marcus Semien,NYM,IF,Home Runs,0.5,demon,pre_game,2026-08-08T18:40:00.000-04:00
Bo Bichette,NYM,IF,Runs,0.5,demon,pre_game,2026-08-08T18:40:00.000-04:00
Luis Robert Jr.,NYM,OF,Runs,0.5,demon,pre_game,2026-08-08T18:40:00.000-04:00
Luis Robert Jr.,NYM,OF,Hits,0.5,goblin,pre_game,2026-08-08T18:40:00.000-04:00
Jake Mangum,PIT,OF,RBIs,0.5,demon,pre_game,2026-08-08T18:40:00.000-04:00
Francisco Alvarez,NYM,C,Doubles,0.5,demon,pre_game,2026-08-08T18:40:00.000-04:00
Jared Young,NYM,IF,Hits,0.5,goblin,pre_game,2026-08-08T18:40:00.000-04:00
Brandon Lowe,PIT,IF,Hits,0.5,goblin,pre_game,2026-08-08T18:40:00.000-04:00
A.J. Ewing,NYM,OF,Hits,0.5,goblin,pre_game,2026-08-08T18:40:00.000-04:00
Francisco Alvarez,NYM,C,Hits+Runs+RBIs,0.5,goblin,pre_game,2026-08-08T18:40:00.000-04:00
Endy Rodríguez,PIT,C,RBIs,0.5,demon,pre_game,2026-08-08T18:40:00.000-04:00
Esmerlyn Valdez,PIT,OF,Home Runs,0.5,demon,pre_game,2026-08-08T18:40:00.000-04:00
Brett Baty,NYM,IF,Hits,0.5,goblin,pre_game,2026-08-08T18:40:00.000-04:00
Jorge Polanco,NYM,DH,Singles,0.5,demon,pre_game,2026-08-08T18:40:00.000-04:00
Francisco Lindor,NYM,IF,Doubles,0.5,demon,pre_game,2026-08-08T18:40:00.000-04:00
Bo Bichette,NYM,IF,Home Runs,0.5,demon,pre_game,2026-08-08T18:40:00.000-04:00
Esmerlyn Valdez,PIT,OF,Singles,0.5,demon,pre_game,2026-08-08T18:40:00.000-04:00
Brandon Lowe,PIT,IF,Hits+Runs+RBIs,0.5,goblin,pre_game,2026-08-08T18:40:00.000-04:00
Jacob Gonzalez,PIT,IF,Runs,0.5,demon,pre_game,2026-08-08T18:40:00.000-04:00
Henry Davis,PIT,C,Hits,0.5,goblin,pre_game,2026-08-08T18:40:00.000-04:00
Luis Robert Jr.,NYM,OF,Hits+Runs+RBIs,0.5,goblin,pre_game,2026-08-08T18:40:00.000-04:00
Spencer Horwitz,PIT,IF,Hits,0.5,goblin,pre_game,2026-08-08T18:40:00.000-04:00
Endy Rodríguez,PIT,C,Doubles,0.5,demon,pre_game,2026-08-08T18:40:00.000-04:00
Jake Mangum,PIT,OF,Singles,0.5,goblin,pre_game,2026-08-08T18:40:00.000-04:00
Francisco Alvarez,NYM,C,Runs,0.5,demon,pre_game,2026-08-08T18:40:00.000-04:00
A.J. Ewing,NYM,OF,RBIs,0.5,demon,pre_game,2026-08-08T18:40:00.000-04:00
Jared Young,NYM,IF,Runs,0.5,demon,pre_game,2026-08-08T18:40:00.000-04:00
Bryan Reynolds,PIT,OF,Home Runs,0.5,demon,pre_game,2026-08-08T18:40:00.000-04:00
Jake Mangum,PIT,OF,Home Runs,0.5,demon,pre_game,2026-08-08T18:40:00.000-04:00
Francisco Alvarez,NYM,C,Home Runs,0.5,demon,pre_game,2026-08-08T18:40:00.000-04:00
Endy Rodríguez,PIT,C,Home Runs,0.5,demon,pre_game,2026-08-08T18:40:00.000-04:00
Nick Gonzales,PIT,IF,Hits+Runs+RBIs,0.5,goblin,pre_game,2026-08-08T18:40:00.000-04:00
Spencer Horwitz,PIT,IF,Hits+Runs+RBIs,0.5,goblin,pre_game,2026-08-08T18:40:00.000-04:00
Brandon Lowe,PIT,IF,Singles,0.5,demon,pre_game,2026-08-08T18:40:00.000-04:00
Henry Davis,PIT,C,Home Runs,0.5,demon,pre_game,2026-08-08T18:40:00.000-04:00
Brett Baty,NYM,IF,RBIs,0.5,demon,pre_game,2026-08-08T18:40:00.000-04:00
Nick Gonzales,PIT,IF,Runs,0.5,demon,pre_game,2026-08-08T18:40:00.000-04:00
Jake Mangum,PIT,OF,Doubles,0.5,demon,pre_game,2026-08-08T18:40:00.000-04:00
Endy Rodríguez,PIT,C,Singles,0.5,demon,pre_game,2026-08-08T18:40:00.000-04:00
Brett Baty,NYM,IF,Walks,0.5,demon,pre_game,2026-08-08T18:40:00.000-04:00
Bryan Reynolds,PIT,OF,Walks,0.5,demon,pre_game,2026-08-08T18:40:00.000-04:00
A.J. Ewing,NYM,OF,Walks,0.5,demon,pre_game,2026-08-08T18:40:00.000-04:00
Jacob Gonzalez,PIT,IF,Walks,0.5,demon,pre_game,2026-08-08T18:40:00.000-04:00
Spencer Horwitz,PIT,IF,Walks,0.5,demon,pre_game,2026-08-08T18:40:00.000-04:00
Luis Robert Jr.,NYM,OF,Walks,0.5,demon,pre_game,2026-08-08T18:40:00.000-04:00
Esmerlyn Valdez,PIT,OF,Walks,0.5,demon,pre_game,2026-08-08T18:40:00.000-04:00
Francisco Alvarez,NYM,C,Walks,0.5,demon,pre_game,2026-08-08T18:40:00.000-04:00
Ronny Simon,PIT,IF,Walks,0.5,demon,pre_game,2026-08-08T18:40:00.000-04:00
Bo Bichette,NYM,IF,Walks,0.5,demon,pre_game,2026-08-08T18:40:00.000-04:00
Ronny Simon,PIT,IF,Runs,0.5,demon,pre_game,2026-08-08T18:40:00.000-04:00
Francisco Lindor,NYM,IF,Stolen Bases,0.5,demon,pre_game,2026-08-08T18:40:00.000-04:00
Ronny Simon,PIT,IF,Total Bases,0.5,goblin,pre_game,2026-08-08T18:40:00.000-04:00
Marcus Semien,NYM,IF,Walks,0.5,demon,pre_game,2026-08-08T18:40:00.000-04:00
Ronny Simon,PIT,IF,Stolen Bases,0.5,demon,pre_game,2026-08-08T18:40:00.000-04:00
Endy Rodríguez,PIT,C,Walks,0.5,demon,pre_game,2026-08-08T18:40:00.000-04:00
Jorge Polanco,NYM,DH,Walks,0.5,demon,pre_game,2026-08-08T18:40:00.000-04:00
Jared Young,NYM,IF,Total Bases,0.5,goblin,pre_game,2026-08-08T18:40:00.000-04:00
Francisco Lindor,NYM,IF,Walks,0.5,demon,pre_game,2026-08-08T18:40:00.000-04:00
Jake Mangum,PIT,OF,Walks,0.5,demon,pre_game,2026-08-08T18:40:00.000-04:00
Marcus Semien,NYM,IF,Stolen Bases,0.5,demon,pre_game,2026-08-08T18:40:00.000-04:00
Bryan Reynolds,PIT,OF,Runs,0.5,demon,pre_game,2026-08-08T18:40:00.000-04:00
Esmerlyn Valdez,PIT,OF,Runs,0.5,demon,pre_game,2026-08-08T18:40:00.000-04:00
Spencer Horwitz,PIT,IF,Total Bases,0.5,goblin,pre_game,2026-08-08T18:40:00.000-04:00
Jared Young,NYM,IF,Walks,0.5,demon,pre_game,2026-08-08T18:40:00.000-04:00
Jorge Polanco,NYM,DH,Total Bases,0.5,goblin,pre_game,2026-08-08T18:40:00.000-04:00
Marcus Semien,NYM,IF,Total Bases,0.5,goblin,pre_game,2026-08-08T18:40:00.000-04:00
Jacob Gonzalez,PIT,IF,Total Bases,0.5,goblin,pre_game,2026-08-08T18:40:00.000-04:00
Brandon Lowe,PIT,IF,Walks,0.5,demon,pre_game,2026-08-08T18:40:00.000-04:00
Francisco Alvarez,NYM,C,Total Bases,0.5,goblin,pre_game,2026-08-08T18:40:00.000-04:00
Esmerlyn Valdez,PIT,OF,Total Bases,0.5,goblin,pre_game,2026-08-08T18:40:00.000-04:00
Jake Mangum,PIT,OF,Stolen Bases,0.5,demon,pre_game,2026-08-08T18:40:00.000-04:00
Brett Baty,NYM,IF,Total Bases,0.5,standard,pre_game,2026-08-08T18:40:00.000-04:00
Ronny Simon,PIT,IF,RBIs,0.5,demon,pre_game,2026-08-08T18:40:00.000-04:00
Jared Young,NYM,IF,Stolen Bases,0.5,demon,pre_game,2026-08-08T18:40:00.000-04:00
Brandon Lowe,PIT,IF,Runs,0.5,standard,pre_game,2026-08-08T18:40:00.000-04:00
Luis Robert Jr.,NYM,OF,Stolen Bases,0.5,demon,pre_game,2026-08-08T18:40:00.000-04:00
Ronny Simon,PIT,IF,Hits,0.5,goblin,pre_game,2026-08-08T18:40:00.000-04:00
Bryan Reynolds,PIT,OF,Stolen Bases,0.5,demon,pre_game,2026-08-08T18:40:00.000-04:00
A.J. Ewing,NYM,OF,Stolen Bases,0.5,demon,pre_game,2026-08-08T18:40:00.000-04:00
Ronny Simon,PIT,IF,Home Runs,0.5,demon,pre_game,2026-08-08T18:40:00.000-04:00
Ronny Simon,PIT,IF,Triples,0.5,demon,pre_game,2026-08-08T18:40:00.000-04:00
Bubba Chandler,PIT,P,Walks Allowed,0.5,goblin,pre_game,2026-08-08T18:40:00.000-04:00
Ronny Simon,PIT,IF,Doubles,0.5,demon,pre_game,2026-08-08T18:40:00.000-04:00
Jake Mangum,PIT,OF,Total Bases,0.5,goblin,pre_game,2026-08-08T18:40:00.000-04:00
Brandon Lowe,PIT,IF,Total Bases,0.5,goblin,pre_game,2026-08-08T18:40:00.000-04:00
Francisco Lindor,NYM,IF,Runs,0.5,demon,pre_game,2026-08-08T18:40:00.000-04:00
Nick Gonzales,PIT,IF,Total Bases,0.5,goblin,pre_game,2026-08-08T18:40:00.000-04:00
Luis Robert Jr.,NYM,OF,Total Bases,0.5,goblin,pre_game,2026-08-08T18:40:00.000-04:00
Bryan Reynolds,PIT,OF,Total Bases,0.5,goblin,pre_game,2026-08-08T18:40:00.000-04:00
Luis Robert Jr.,NYM,OF,Singles,0.5,standard,pre_game,2026-08-08T18:40:00.000-04:00
A.J. Ewing,NYM,OF,Total Bases,0.5,goblin,pre_game,2026-08-08T18:40:00.000-04:00
Esmerlyn Valdez,PIT,OF,Stolen Bases,0.5,demon,pre_game,2026-08-08T18:40:00.000-04:00
Brett Baty,NYM,IF,Stolen Bases,0.5,demon,pre_game,2026-08-08T18:40:00.000-04:00
Ronny Simon,PIT,IF,Hits+Runs+RBIs,0.5,goblin,pre_game,2026-08-08T18:40:00.000-04:00
Endy Rodríguez,PIT,C,Total Bases,0.5,goblin,pre_game,2026-08-08T18:40:00.000-04:00
Endy Rodríguez,PIT,C,Stolen Bases,0.5,demon,pre_game,2026-08-08T18:40:00.000-04:00
Francisco Lindor,NYM,IF,Total Bases,0.5,goblin,pre_game,2026-08-08T18:40:00.000-04:00
Esmerlyn Valdez,PIT,OF,Hitter Strikeouts,0.5,goblin,pre_game,2026-08-08T18:40:00.000-04:00
Ronny Simon,PIT,IF,Singles,0.5,demon,pre_game,2026-08-08T18:40:00.000-04:00
Nick Gonzales,PIT,IF,Walks,0.5,demon,pre_game,2026-08-08T18:40:00.000-04:00
Francisco Lindor,NYM,IF,Singles,0.5,demon,pre_game,2026-08-08T18:40:00.000-04:00
Nick Gonzales,PIT,IF,Stolen Bases,0.5,demon,pre_game,2026-08-08T18:40:00.000-04:00
Bo Bichette,NYM,IF,Total Bases,0.5,goblin,pre_game,2026-08-08T18:40:00.000-04:00
Robert Stock,NYM,P,Earned Runs Allowed,0.5,goblin,pre_game,2026-08-08T18:40:00.000-04:00
Bubba Chandler,PIT,P,Earned Runs Allowed,0.5,goblin,pre_game,2026-08-08T18:40:00.000-04:00
Luis Robert Jr.,NYM,OF,Hitter Strikeouts,0.5,goblin,pre_game,2026-08-08T18:40:00.000-04:00
Spencer Horwitz,PIT,IF,Singles,0.5,demon,pre_game,2026-08-08T18:40:00.000-04:00
Francisco Alvarez,NYM,C,Hitter Strikeouts,0.5,goblin,pre_game,2026-08-08T18:40:00.000-04:00
Bo Bichette,NYM,IF,Stolen Bases,0.5,demon,pre_game,2026-08-08T18:40:00.000-04:00
Jacob Gonzalez,PIT,IF,Stolen Bases,0.5,demon,pre_game,2026-08-08T18:40:00.000-04:00
Brandon Lowe,PIT,IF,Hitter Strikeouts,0.5,goblin,pre_game,2026-08-08T18:40:00.000-04:00
Jorge Polanco,NYM,DH,Stolen Bases,0.5,demon,pre_game,2026-08-08T18:40:00.000-04:00
Brandon Lowe,PIT,IF,Stolen Bases,0.5,demon,pre_game,2026-08-08T18:40:00.000-04:00
Bryan Reynolds,PIT,OF,Hitter Strikeouts,0.5,goblin,pre_game,2026-08-08T18:40:00.000-04:00
Robert Stock + Bubba Chandler,NYM/PIT,P,1st Inning Runs Allowed,0.5,standard,pre_game,2026-08-08T18:40:00.000-04:00
Robert Stock + Bubba Chandler,NYM/PIT,P,1st Inning Walks Allowed,0.5,goblin,pre_game,2026-08-08T18:40:00.000-04:00
Jacob Gonzalez,PIT,IF,Hitter Strikeouts,0.5,goblin,pre_game,2026-08-08T18:40:00.000-04:00
Nick Gonzales,PIT,IF,Hitter Strikeouts,0.5,goblin,pre_game,2026-08-08T18:40:00.000-04:00
Ronny Simon,PIT,IF,Hitter Strikeouts,0.5,goblin,pre_game,2026-08-08T18:40:00.000-04:00
Jake Mangum,PIT,OF,Hitter Strikeouts,0.5,goblin,pre_game,2026-08-08T18:40:00.000-04:00
Endy Rodríguez,PIT,C,Hitter Strikeouts,0.5,goblin,pre_game,2026-08-08T18:40:00.000-04:00
Marcus Semien,NYM,IF,Hitter Strikeouts,0.5,goblin,pre_game,2026-08-08T18:40:00.000-04:00
Bo Bichette,NYM,IF,Hitter Strikeouts,0.5,goblin,pre_game,2026-08-08T18:40:00.000-04:00
Brett Baty,NYM,IF,Hitter Strikeouts,0.5,goblin,pre_game,2026-08-08T18:40:00.000-04:00
Francisco Lindor,NYM,IF,Hitter Strikeouts,0.5,goblin,pre_game,2026-08-08T18:40:00.000-04:00
Jared Young,NYM,IF,Hitter Strikeouts,0.5,goblin,pre_game,2026-08-08T18:40:00.000-04:00
A.J. Ewing,NYM,OF,Runs,0.5,demon,pre_game,2026-08-08T18:40:00.000-04:00
Jorge Polanco,NYM,DH,Hitter Strikeouts,0.5,goblin,pre_game,2026-08-08T18:40:00.000-04:00
A.J. Ewing,NYM,OF,Hitter Strikeouts,0.5,goblin,pre_game,2026-08-08T18:40:00.000-04:00
Henry Davis,PIT,C,Stolen Bases,0.5,demon,pre_game,2026-08-08T18:40:00.000-04:00
Carson Benge,NYM,OF,Home Runs,0.5,demon,pre_game,2026-08-08T18:40:00.000-04:00
Jhostynxon Garcia,PIT,OF,Doubles,0.5,demon,pre_game,2026-08-08T18:40:00.000-04:00
Carson Benge,NYM,OF,Hitter Strikeouts,0.5,goblin,pre_game,2026-08-08T18:40:00.000-04:00
Carson Benge,NYM,OF,Runs,0.5,demon,pre_game,2026-08-08T18:40:00.000-04:00
Carson Benge,NYM,OF,Hits,0.5,goblin,pre_game,2026-08-08T18:40:00.000-04:00
Jhostynxon Garcia,PIT,OF,Hitter Strikeouts,0.5,goblin,pre_game,2026-08-08T18:40:00.000-04:00
Carson Benge,NYM,OF,Doubles,0.5,demon,pre_game,2026-08-08T18:40:00.000-04:00
Jhostynxon Garcia,PIT,OF,Home Runs,0.5,demon,pre_game,2026-08-08T18:40:00.000-04:00
Jhostynxon Garcia,PIT,OF,RBIs,0.5,demon,pre_game,2026-08-08T18:40:00.000-04:00
Jhostynxon Garcia,PIT,OF,Runs,0.5,demon,pre_game,2026-08-08T18:40:00.000-04:00
Carson Benge,NYM,OF,Total Bases,0.5,goblin,pre_game,2026-08-08T18:40:00.000-04:00
Jhostynxon Garcia,PIT,OF,Singles,0.5,demon,pre_game,2026-08-08T18:40:00.000-04:00
Carson Benge,NYM,OF,Hits+Runs+RBIs,0.5,goblin,pre_game,2026-08-08T18:40:00.000-04:00
Jhostynxon Garcia,PIT,OF,Hits,0.5,standard,pre_game,2026-08-08T18:40:00.000-04:00
Jhostynxon Garcia,PIT,OF,Hits+Runs+RBIs,0.5,goblin,pre_game,2026-08-08T18:40:00.000-04:00
Carson Benge,NYM,OF,RBIs,0.5,demon,pre_game,2026-08-08T18:40:00.000-04:00
Carson Benge,NYM,OF,Singles,0.5,demon,pre_game,2026-08-08T18:40:00.000-04:00
Jhostynxon Garcia,PIT,OF,Total Bases,0.5,standard,pre_game,2026-08-08T18:40:00.000-04:00
Chase Burns,CIN,P,Pitcher Strikeouts,6.0,standard,pre_game,2026-08-08T18:45:00.000-04:00
Andrew Alvarez,WSH,P,Pitcher Strikeouts,5.0,standard,pre_game,2026-08-08T18:45:00.000-04:00
Chase Burns,CIN,P,Pitches Thrown,101.5,demon,pre_game,2026-08-08T18:45:00.000-04:00
Chase Burns,CIN,P,Pitches Thrown,93.5,standard,pre_game,2026-08-08T18:45:00.000-04:00
Chase Burns,CIN,P,Pitches Thrown,88.5,goblin,pre_game,2026-08-08T18:45:00.000-04:00
Chase Burns,CIN,P,Pitcher Fantasy Score,41.5,demon,pre_game,2026-08-08T18:45:00.000-04:00
Chase Burns,CIN,P,Pitcher Fantasy Score,34.5,standard,pre_game,2026-08-08T18:45:00.000-04:00
Andrew Alvarez,WSH,P,Pitcher Fantasy Score,29.5,demon,pre_game,2026-08-08T18:45:00.000-04:00
Chase Burns,CIN,P,Pitcher Fantasy Score,24.5,goblin,pre_game,2026-08-08T18:45:00.000-04:00
Chase Burns,CIN,P,Batters Faced,23.5,goblin,pre_game,2026-08-08T18:45:00.000-04:00
Andrew Alvarez,WSH,P,Pitcher Fantasy Score,22.5,standard,pre_game,2026-08-08T18:45:00.000-04:00
Andrew Alvarez,WSH,P,Batters Faced,21.5,standard,pre_game,2026-08-08T18:45:00.000-04:00
Elly De La Cruz,CIN,IF,Pitches Seen,19.5,goblin,pre_game,2026-08-08T18:45:00.000-04:00
Sal Stewart,CIN,IF,Pitches Seen,18.5,standard,pre_game,2026-08-08T18:45:00.000-04:00
Dane Myers,CIN,OF,Pitches Seen,18.5,standard,pre_game,2026-08-08T18:45:00.000-04:00
Eugenio Suárez,CIN,DH,Pitches Seen,17.5,standard,pre_game,2026-08-08T18:45:00.000-04:00
Abimelec Ortiz,WSH,IF,Pitches Seen,16.5,goblin,pre_game,2026-08-08T18:45:00.000-04:00
CJ Abrams,WSH,IF,Pitches Seen,16.5,standard,pre_game,2026-08-08T18:45:00.000-04:00
Dylan Crews,WSH,OF,Pitches Seen,16.5,standard,pre_game,2026-08-08T18:45:00.000-04:00
Daylen Lile,WSH,OF,Pitches Seen,15.5,standard,pre_game,2026-08-08T18:45:00.000-04:00
Andrew Alvarez,WSH,P,Pitcher Fantasy Score,15.5,goblin,pre_game,2026-08-08T18:45:00.000-04:00
Elly De La Cruz,CIN,IF,Hitter Fantasy Score,12.5,demon,pre_game,2026-08-08T18:45:00.000-04:00
Dane Myers,CIN,OF,Hitter Fantasy Score,10.5,demon,pre_game,2026-08-08T18:45:00.000-04:00
CJ Abrams,WSH,IF,Hitter Fantasy Score,10.5,demon,pre_game,2026-08-08T18:45:00.000-04:00
Noelvi Marte,CIN,OF,Hitter Fantasy Score,9.5,demon,pre_game,2026-08-08T18:45:00.000-04:00
Sal Stewart,CIN,IF,Hitter Fantasy Score,9.5,demon,pre_game,2026-08-08T18:45:00.000-04:00
Abimelec Ortiz,WSH,IF,Hitter Fantasy Score,8.5,demon,pre_game,2026-08-08T18:45:00.000-04:00
Dylan Crews,WSH,OF,Hitter Fantasy Score,8.5,demon,pre_game,2026-08-08T18:45:00.000-04:00
Eugenio Suárez,CIN,DH,Hitter Fantasy Score,8.5,demon,pre_game,2026-08-08T18:45:00.000-04:00
Daylen Lile,WSH,OF,Hitter Fantasy Score,8.5,demon,pre_game,2026-08-08T18:45:00.000-04:00
Nasim Nuñez,WSH,IF,Hitter Fantasy Score,8.5,demon,pre_game,2026-08-08T18:45:00.000-04:00
Elly De La Cruz,CIN,IF,Hitter Fantasy Score,8.0,standard,pre_game,2026-08-08T18:45:00.000-04:00
JJ Bleday,CIN,OF,Hitter Fantasy Score,7.5,demon,pre_game,2026-08-08T18:45:00.000-04:00
José Tena,WSH,DH,Hitter Fantasy Score,7.5,demon,pre_game,2026-08-08T18:45:00.000-04:00
Ke'Bryan Hayes,CIN,IF,Hitter Fantasy Score,7.5,demon,pre_game,2026-08-08T18:45:00.000-04:00
Jose Trevino,CIN,C,Hitter Fantasy Score,7.5,demon,pre_game,2026-08-08T18:45:00.000-04:00
Jacob Young,WSH,OF,Hitter Fantasy Score,7.5,demon,pre_game,2026-08-08T18:45:00.000-04:00
Keibert Ruiz,WSH,C,Hitter Fantasy Score,7.5,demon,pre_game,2026-08-08T18:45:00.000-04:00
Matt McLain,CIN,IF,Hitter Fantasy Score,6.5,demon,pre_game,2026-08-08T18:45:00.000-04:00
Noelvi Marte,CIN,OF,Hitter Fantasy Score,5.5,standard,pre_game,2026-08-08T18:45:00.000-04:00
Dane Myers,CIN,OF,Hitter Fantasy Score,5.5,standard,pre_game,2026-08-08T18:45:00.000-04:00
CJ Abrams,WSH,IF,Hitter Fantasy Score,5.5,standard,pre_game,2026-08-08T18:45:00.000-04:00
Sal Stewart,CIN,IF,Hitter Fantasy Score,5.5,standard,pre_game,2026-08-08T18:45:00.000-04:00
Jorbit Vivas,WSH,IF,Hitter Fantasy Score,5.5,demon,pre_game,2026-08-08T18:45:00.000-04:00
Abimelec Ortiz,WSH,IF,Hitter Fantasy Score,5.0,standard,pre_game,2026-08-08T18:45:00.000-04:00
Dylan Crews,WSH,OF,Hitter Fantasy Score,5.0,standard,pre_game,2026-08-08T18:45:00.000-04:00
Daylen Lile,WSH,OF,Hitter Fantasy Score,5.0,standard,pre_game,2026-08-08T18:45:00.000-04:00
JJ Bleday,CIN,OF,Hitter Fantasy Score,4.5,standard,pre_game,2026-08-08T18:45:00.000-04:00
Eugenio Suárez,CIN,DH,Hitter Fantasy Score,4.5,standard,pre_game,2026-08-08T18:45:00.000-04:00
Abimelec Ortiz,WSH,IF,Plate Appearances,4.5,demon,pre_game,2026-08-08T18:45:00.000-04:00
CJ Abrams,WSH,IF,Plate Appearances,4.5,demon,pre_game,2026-08-08T18:45:00.000-04:00
Dylan Crews,WSH,OF,Plate Appearances,4.5,demon,pre_game,2026-08-08T18:45:00.000-04:00
Sal Stewart,CIN,IF,Plate Appearances,4.5,goblin,pre_game,2026-08-08T18:45:00.000-04:00
Eugenio Suárez,CIN,DH,Plate Appearances,4.5,demon,pre_game,2026-08-08T18:45:00.000-04:00
Elly De La Cruz,CIN,IF,Plate Appearances,4.5,goblin,pre_game,2026-08-08T18:45:00.000-04:00
Daylen Lile,WSH,OF,Plate Appearances,4.5,demon,pre_game,2026-08-08T18:45:00.000-04:00
Dane Myers,CIN,OF,Plate Appearances,4.5,standard,pre_game,2026-08-08T18:45:00.000-04:00
Jose Trevino,CIN,C,Hitter Fantasy Score,4.0,standard,pre_game,2026-08-08T18:45:00.000-04:00
Nasim Nuñez,WSH,IF,Hitter Fantasy Score,4.0,standard,pre_game,2026-08-08T18:45:00.000-04:00
José Tena,WSH,DH,Hitter Fantasy Score,3.5,standard,pre_game,2026-08-08T18:45:00.000-04:00
Dane Myers,CIN,OF,Hitter Fantasy Score,3.5,goblin,pre_game,2026-08-08T18:45:00.000-04:00
Ke'Bryan Hayes,CIN,IF,Hitter Fantasy Score,3.5,standard,pre_game,2026-08-08T18:45:00.000-04:00
Elly De La Cruz,CIN,IF,Hitter Fantasy Score,3.5,goblin,pre_game,2026-08-08T18:45:00.000-04:00
Matt McLain,CIN,IF,Hitter Fantasy Score,3.5,standard,pre_game,2026-08-08T18:45:00.000-04:00
Jacob Young,WSH,OF,Hitter Fantasy Score,3.5,standard,pre_game,2026-08-08T18:45:00.000-04:00
Keibert Ruiz,WSH,C,Hitter Fantasy Score,3.5,standard,pre_game,2026-08-08T18:45:00.000-04:00
Noelvi Marte,CIN,OF,Hitter Fantasy Score,2.5,goblin,pre_game,2026-08-08T18:45:00.000-04:00
Abimelec Ortiz,WSH,IF,Hitter Fantasy Score,2.5,goblin,pre_game,2026-08-08T18:45:00.000-04:00
Dylan Crews,WSH,OF,Hitter Fantasy Score,2.5,goblin,pre_game,2026-08-08T18:45:00.000-04:00
CJ Abrams,WSH,IF,Hitter Fantasy Score,2.5,goblin,pre_game,2026-08-08T18:45:00.000-04:00
Sal Stewart,CIN,IF,Hitter Fantasy Score,2.5,goblin,pre_game,2026-08-08T18:45:00.000-04:00
Eugenio Suárez,CIN,DH,Hitter Fantasy Score,2.5,goblin,pre_game,2026-08-08T18:45:00.000-04:00
Daylen Lile,WSH,OF,Hitter Fantasy Score,2.5,goblin,pre_game,2026-08-08T18:45:00.000-04:00
Jorbit Vivas,WSH,IF,Hitter Fantasy Score,2.5,standard,pre_game,2026-08-08T18:45:00.000-04:00
JJ Bleday,CIN,OF,Hitter Fantasy Score,1.5,goblin,pre_game,2026-08-08T18:45:00.000-04:00
José Tena,WSH,DH,Hitter Fantasy Score,1.5,goblin,pre_game,2026-08-08T18:45:00.000-04:00
Ke'Bryan Hayes,CIN,IF,Hitter Fantasy Score,1.5,goblin,pre_game,2026-08-08T18:45:00.000-04:00
Matt McLain,CIN,IF,Hitter Fantasy Score,1.5,goblin,pre_game,2026-08-08T18:45:00.000-04:00
Jose Trevino,CIN,C,Hitter Fantasy Score,1.5,goblin,pre_game,2026-08-08T18:45:00.000-04:00
Jacob Young,WSH,OF,Hitter Fantasy Score,1.5,goblin,pre_game,2026-08-08T18:45:00.000-04:00
Nasim Nuñez,WSH,IF,Hitter Fantasy Score,1.5,goblin,pre_game,2026-08-08T18:45:00.000-04:00
Jorbit Vivas,WSH,IF,Hitter Fantasy Score,1.5,goblin,pre_game,2026-08-08T18:45:00.000-04:00
Keibert Ruiz,WSH,C,Hitter Fantasy Score,1.5,goblin,pre_game,2026-08-08T18:45:00.000-04:00
Chase Burns,CIN,P,Pitching Outs,20.5,demon,pre_game,2026-08-08T18:45:00.000-04:00
Chase Burns,CIN,P,Pitching Outs,17.5,goblin,pre_game,2026-08-08T18:45:00.000-04:00
Andrew Alvarez,WSH,P,Pitching Outs,17.5,demon,pre_game,2026-08-08T18:45:00.000-04:00
Andrew Alvarez,WSH,P,Pitching Outs,14.5,demon,pre_game,2026-08-08T18:45:00.000-04:00
Chase Burns,CIN,P,Pitching Outs,14.5,goblin,pre_game,2026-08-08T18:45:00.000-04:00
Chase Burns + Andrew Alvarez,CIN/WSH,P,Pitcher Strikeouts (Combo),11.5,demon,pre_game,2026-08-08T18:45:00.000-04:00
Andrew Alvarez,WSH,P,Pitching Outs,11.5,goblin,pre_game,2026-08-08T18:45:00.000-04:00
Chase Burns,CIN,P,Pitcher Strikeouts,9.5,demon,pre_game,2026-08-08T18:45:00.000-04:00
Chase Burns,CIN,P,Pitcher Strikeouts,8.5,demon,pre_game,2026-08-08T18:45:00.000-04:00
Andrew Alvarez,WSH,P,Pitcher Strikeouts,8.5,demon,pre_game,2026-08-08T18:45:00.000-04:00
Chase Burns,CIN,P,Hits Allowed,8.5,demon,pre_game,2026-08-08T18:45:00.000-04:00
Andrew Alvarez,WSH,P,Hits Allowed,8.5,demon,pre_game,2026-08-08T18:45:00.000-04:00
Andrew Alvarez,WSH,P,Pitcher Strikeouts,7.5,demon,pre_game,2026-08-08T18:45:00.000-04:00
Chase Burns,CIN,P,Pitcher Strikeouts,7.5,demon,pre_game,2026-08-08T18:45:00.000-04:00
Andrew Alvarez,WSH,P,Pitcher Strikeouts,6.5,demon,pre_game,2026-08-08T18:45:00.000-04:00
Chase Burns,CIN,P,Pitcher Strikeouts,6.5,demon,pre_game,2026-08-08T18:45:00.000-04:00
Eugenio Suárez,CIN,DH,Hits+Runs+RBIs,6.5,demon,pre_game,2026-08-08T18:45:00.000-04:00
Andrew Alvarez,WSH,P,Hits Allowed,6.5,demon,pre_game,2026-08-08T18:45:00.000-04:00
Chase Burns,CIN,P,Hits Allowed,6.5,demon,pre_game,2026-08-08T18:45:00.000-04:00
Elly De La Cruz,CIN,IF,Hits+Runs+RBIs,6.5,demon,pre_game,2026-08-08T18:45:00.000-04:00
Sal Stewart,CIN,IF,Hits+Runs+RBIs,6.5,demon,pre_game,2026-08-08T18:45:00.000-04:00
Andrew Alvarez,WSH,P,Earned Runs Allowed,6.5,demon,pre_game,2026-08-08T18:45:00.000-04:00
JJ Bleday,CIN,OF,Hits+Runs+RBIs,6.5,demon,pre_game,2026-08-08T18:45:00.000-04:00
CJ Abrams,WSH,IF,Hits+Runs+RBIs,6.5,demon,pre_game,2026-08-08T18:45:00.000-04:00
Chase Burns,CIN,P,Earned Runs Allowed,6.5,demon,pre_game,2026-08-08T18:45:00.000-04:00
Andrew Alvarez,WSH,P,Pitcher Strikeouts,5.5,demon,pre_game,2026-08-08T18:45:00.000-04:00
Abimelec Ortiz,WSH,IF,Total Bases,5.5,demon,pre_game,2026-08-08T18:45:00.000-04:00
Daylen Lile,WSH,OF,Total Bases,5.5,demon,pre_game,2026-08-08T18:45:00.000-04:00
JJ Bleday,CIN,OF,Total Bases,5.5,demon,pre_game,2026-08-08T18:45:00.000-04:00
Chase Burns,CIN,P,Pitcher Strikeouts,5.5,goblin,pre_game,2026-08-08T18:45:00.000-04:00
Sal Stewart,CIN,IF,Total Bases,5.5,demon,pre_game,2026-08-08T18:45:00.000-04:00
Elly De La Cruz,CIN,IF,Total Bases,5.5,demon,pre_game,2026-08-08T18:45:00.000-04:00
Eugenio Suárez,CIN,DH,Total Bases,5.5,demon,pre_game,2026-08-08T18:45:00.000-04:00
Keibert Ruiz,WSH,C,Hits+Runs+RBIs,5.5,demon,pre_game,2026-08-08T18:45:00.000-04:00
Abimelec Ortiz,WSH,IF,Hits+Runs+RBIs,5.5,demon,pre_game,2026-08-08T18:45:00.000-04:00
CJ Abrams,WSH,IF,Total Bases,5.5,demon,pre_game,2026-08-08T18:45:00.000-04:00
Dane Myers,CIN,OF,Hits+Runs+RBIs,5.5,demon,pre_game,2026-08-08T18:45:00.000-04:00
Noelvi Marte,CIN,OF,Hits+Runs+RBIs,5.5,demon,pre_game,2026-08-08T18:45:00.000-04:00
Daylen Lile,WSH,OF,Hits+Runs+RBIs,5.5,demon,pre_game,2026-08-08T18:45:00.000-04:00
Chase Burns,CIN,P,Hits Allowed,5.5,demon,pre_game,2026-08-08T18:45:00.000-04:00
Ke'Bryan Hayes,CIN,IF,Hits+Runs+RBIs,5.5,demon,pre_game,2026-08-08T18:45:00.000-04:00
Matt McLain,CIN,IF,Hits+Runs+RBIs,5.5,demon,pre_game,2026-08-08T18:45:00.000-04:00
Tyler Stephenson,CIN,C,Hits+Runs+RBIs,5.5,demon,pre_game,2026-08-08T18:45:00.000-04:00
Dylan Crews,WSH,OF,Hits+Runs+RBIs,5.5,demon,pre_game,2026-08-08T18:45:00.000-04:00
Andrew Alvarez,WSH,P,Hits Allowed,5.5,demon,pre_game,2026-08-08T18:45:00.000-04:00
Noelvi Marte,CIN,OF,Total Bases,5.5,demon,pre_game,2026-08-08T18:45:00.000-04:00
Chase Burns,CIN,P,Pitcher Strikeouts,4.5,goblin,pre_game,2026-08-08T18:45:00.000-04:00
Andrew Alvarez,WSH,P,Pitcher Strikeouts,4.5,goblin,pre_game,2026-08-08T18:45:00.000-04:00
Dane Myers,CIN,OF,Total Bases,4.5,demon,pre_game,2026-08-08T18:45:00.000-04:00
Tyler Stephenson,CIN,C,Total Bases,4.5,demon,pre_game,2026-08-08T18:45:00.000-04:00
José Tena,WSH,DH,Total Bases,4.5,demon,pre_game,2026-08-08T18:45:00.000-04:00
Matt McLain,CIN,IF,Total Bases,4.5,demon,pre_game,2026-08-08T18:45:00.000-04:00
Ke'Bryan Hayes,CIN,IF,Total Bases,4.5,demon,pre_game,2026-08-08T18:45:00.000-04:00
Andrew Alvarez,WSH,P,Hits Allowed,4.5,standard,pre_game,2026-08-08T18:45:00.000-04:00
Chase Burns,CIN,P,Hits Allowed,4.5,standard,pre_game,2026-08-08T18:45:00.000-04:00
Chase Burns,CIN,P,Walks Allowed,4.5,demon,pre_game,2026-08-08T18:45:00.000-04:00
CJ Abrams,WSH,IF,Hits+Runs+RBIs,4.5,demon,pre_game,2026-08-08T18:45:00.000-04:00
Jacob Young,WSH,OF,Hits+Runs+RBIs,4.5,demon,pre_game,2026-08-08T18:45:00.000-04:00
Nasim Nuñez,WSH,IF,Hits+Runs+RBIs,4.5,demon,pre_game,2026-08-08T18:45:00.000-04:00
Daylen Lile,WSH,OF,Hits+Runs+RBIs,4.5,demon,pre_game,2026-08-08T18:45:00.000-04:00
José Tena,WSH,DH,Hits+Runs+RBIs,4.5,demon,pre_game,2026-08-08T18:45:00.000-04:00
Jorbit Vivas,WSH,IF,Hits+Runs+RBIs,4.5,demon,pre_game,2026-08-08T18:45:00.000-04:00
Dylan Crews,WSH,OF,Total Bases,4.5,demon,pre_game,2026-08-08T18:45:00.000-04:00
Noelvi Marte,CIN,OF,Hits+Runs+RBIs,4.5,demon,pre_game,2026-08-08T18:45:00.000-04:00
Dane Myers,CIN,OF,Hits+Runs+RBIs,4.5,demon,pre_game,2026-08-08T18:45:00.000-04:00
JJ Bleday,CIN,OF,Hits+Runs+RBIs,4.5,demon,pre_game,2026-08-08T18:45:00.000-04:00
Eugenio Suárez,CIN,DH,Hits+Runs+RBIs,4.5,demon,pre_game,2026-08-08T18:45:00.000-04:00
Tyler Stephenson,CIN,C,Hits+Runs+RBIs,4.5,demon,pre_game,2026-08-08T18:45:00.000-04:00
Sal Stewart,CIN,IF,Hits+Runs+RBIs,4.5,demon,pre_game,2026-08-08T18:45:00.000-04:00
Elly De La Cruz,CIN,IF,Hits+Runs+RBIs,4.5,demon,pre_game,2026-08-08T18:45:00.000-04:00
Keibert Ruiz,WSH,C,Total Bases,4.5,demon,pre_game,2026-08-08T18:45:00.000-04:00
Chase Burns,CIN,P,Pitcher Strikeouts,3.5,goblin,pre_game,2026-08-08T18:45:00.000-04:00
Andrew Alvarez,WSH,P,Pitcher Strikeouts,3.5,goblin,pre_game,2026-08-08T18:45:00.000-04:00
Dane Myers,CIN,OF,Total Bases,3.5,demon,pre_game,2026-08-08T18:45:00.000-04:00
Jorbit Vivas,WSH,IF,Total Bases,3.5,demon,pre_game,2026-08-08T18:45:00.000-04:00
Abimelec Ortiz,WSH,IF,Total Bases,3.5,demon,pre_game,2026-08-08T18:45:00.000-04:00
Eugenio Suárez,CIN,DH,Total Bases,3.5,demon,pre_game,2026-08-08T18:45:00.000-04:00
Daylen Lile,WSH,OF,Total Bases,3.5,demon,pre_game,2026-08-08T18:45:00.000-04:00
Keibert Ruiz,WSH,C,Total Bases,3.5,demon,pre_game,2026-08-08T18:45:00.000-04:00
CJ Abrams,WSH,IF,Total Bases,3.5,demon,pre_game,2026-08-08T18:45:00.000-04:00
Sal Stewart,CIN,IF,Total Bases,3.5,demon,pre_game,2026-08-08T18:45:00.000-04:00
Tyler Stephenson,CIN,C,Total Bases,3.5,demon,pre_game,2026-08-08T18:45:00.000-04:00
Dylan Crews,WSH,OF,Total Bases,3.5,demon,pre_game,2026-08-08T18:45:00.000-04:00
Jacob Young,WSH,OF,Total Bases,3.5,demon,pre_game,2026-08-08T18:45:00.000-04:00
Matt McLain,CIN,IF,Total Bases,3.5,demon,pre_game,2026-08-08T18:45:00.000-04:00
Noelvi Marte,CIN,OF,Total Bases,3.5,demon,pre_game,2026-08-08T18:45:00.000-04:00
José Tena,WSH,DH,Total Bases,3.5,demon,pre_game,2026-08-08T18:45:00.000-04:00
Elly De La Cruz,CIN,IF,Total Bases,3.5,demon,pre_game,2026-08-08T18:45:00.000-04:00
JJ Bleday,CIN,OF,Total Bases,3.5,demon,pre_game,2026-08-08T18:45:00.000-04:00
Ke'Bryan Hayes,CIN,IF,Total Bases,3.5,demon,pre_game,2026-08-08T18:45:00.000-04:00
Nasim Nuñez,WSH,IF,Total Bases,3.5,demon,pre_game,2026-08-08T18:45:00.000-04:00
Brady House,WSH,IF,Total Bases,3.5,demon,pre_game,2026-08-08T18:45:00.000-04:00
Jose Trevino,CIN,C,Total Bases,3.5,demon,pre_game,2026-08-08T18:45:00.000-04:00
Chase Burns,CIN,P,Earned Runs Allowed,3.5,demon,pre_game,2026-08-08T18:45:00.000-04:00
Andrew Alvarez,WSH,P,Earned Runs Allowed,3.5,demon,pre_game,2026-08-08T18:45:00.000-04:00
José Tena,WSH,DH,Hits+Runs+RBIs,3.5,demon,pre_game,2026-08-08T18:45:00.000-04:00
JJ Bleday,CIN,OF,Hits+Runs+RBIs,3.5,demon,pre_game,2026-08-08T18:45:00.000-04:00
Dylan Crews,WSH,OF,Hits+Runs+RBIs,3.5,demon,pre_game,2026-08-08T18:45:00.000-04:00
Ke'Bryan Hayes,CIN,IF,Hits+Runs+RBIs,3.5,demon,pre_game,2026-08-08T18:45:00.000-04:00
Andrew Alvarez,WSH,P,Hits Allowed,3.5,goblin,pre_game,2026-08-08T18:45:00.000-04:00
Jacob Young,WSH,OF,Hits+Runs+RBIs,3.5,demon,pre_game,2026-08-08T18:45:00.000-04:00
Nasim Nuñez,WSH,IF,Hits+Runs+RBIs,3.5,demon,pre_game,2026-08-08T18:45:00.000-04:00
Brady House,WSH,IF,Hits+Runs+RBIs,3.5,demon,pre_game,2026-08-08T18:45:00.000-04:00
Noelvi Marte,CIN,OF,Hits+Runs+RBIs,3.5,demon,pre_game,2026-08-08T18:45:00.000-04:00
Keibert Ruiz,WSH,C,Hits+Runs+RBIs,3.5,demon,pre_game,2026-08-08T18:45:00.000-04:00
Matt McLain,CIN,IF,Hits+Runs+RBIs,3.5,demon,pre_game,2026-08-08T18:45:00.000-04:00
Elly De La Cruz,CIN,IF,Hits+Runs+RBIs,3.5,demon,pre_game,2026-08-08T18:45:00.000-04:00
CJ Abrams,WSH,IF,Hits+Runs+RBIs,3.5,demon,pre_game,2026-08-08T18:45:00.000-04:00
Eugenio Suárez,CIN,DH,Hits+Runs+RBIs,3.5,demon,pre_game,2026-08-08T18:45:00.000-04:00
Abimelec Ortiz,WSH,IF,Hits+Runs+RBIs,3.5,demon,pre_game,2026-08-08T18:45:00.000-04:00
Chase Burns,CIN,P,Hits Allowed,3.5,goblin,pre_game,2026-08-08T18:45:00.000-04:00
Daylen Lile,WSH,OF,Hits+Runs+RBIs,3.5,demon,pre_game,2026-08-08T18:45:00.000-04:00
Dane Myers,CIN,OF,Hits+Runs+RBIs,3.5,demon,pre_game,2026-08-08T18:45:00.000-04:00
Sal Stewart,CIN,IF,Hits+Runs+RBIs,3.5,demon,pre_game,2026-08-08T18:45:00.000-04:00
Jose Trevino,CIN,C,Hits+Runs+RBIs,3.5,demon,pre_game,2026-08-08T18:45:00.000-04:00
Jorbit Vivas,WSH,IF,Hits+Runs+RBIs,3.5,demon,pre_game,2026-08-08T18:45:00.000-04:00
Tyler Stephenson,CIN,C,Hits+Runs+RBIs,3.5,demon,pre_game,2026-08-08T18:45:00.000-04:00
Andrew Alvarez,WSH,P,Walks Allowed,3.5,demon,pre_game,2026-08-08T18:45:00.000-04:00
Abimelec Ortiz,WSH,IF,Total Bases,2.5,demon,pre_game,2026-08-08T18:45:00.000-04:00
Eugenio Suárez,CIN,DH,Total Bases,2.5,demon,pre_game,2026-08-08T18:45:00.000-04:00
Dane Myers,CIN,OF,Total Bases,2.5,demon,pre_game,2026-08-08T18:45:00.000-04:00
Jorbit Vivas,WSH,IF,Total Bases,2.5,demon,pre_game,2026-08-08T18:45:00.000-04:00
CJ Abrams,WSH,IF,Total Bases,2.5,demon,pre_game,2026-08-08T18:45:00.000-04:00
Keibert Ruiz,WSH,C,Total Bases,2.5,demon,pre_game,2026-08-08T18:45:00.000-04:00
Jacob Young,WSH,OF,Total Bases,2.5,demon,pre_game,2026-08-08T18:45:00.000-04:00
Sal Stewart,CIN,IF,Total Bases,2.5,demon,pre_game,2026-08-08T18:45:00.000-04:00
Matt McLain,CIN,IF,Total Bases,2.5,demon,pre_game,2026-08-08T18:45:00.000-04:00
Tyler Stephenson,CIN,C,Total Bases,2.5,demon,pre_game,2026-08-08T18:45:00.000-04:00
Dylan Crews,WSH,OF,Total Bases,2.5,demon,pre_game,2026-08-08T18:45:00.000-04:00
Daylen Lile,WSH,OF,Total Bases,2.5,demon,pre_game,2026-08-08T18:45:00.000-04:00
José Tena,WSH,DH,Total Bases,2.5,demon,pre_game,2026-08-08T18:45:00.000-04:00
Elly De La Cruz,CIN,IF,Total Bases,2.5,demon,pre_game,2026-08-08T18:45:00.000-04:00
Noelvi Marte,CIN,OF,Total Bases,2.5,demon,pre_game,2026-08-08T18:45:00.000-04:00
JJ Bleday,CIN,OF,Total Bases,2.5,demon,pre_game,2026-08-08T18:45:00.000-04:00
Nasim Nuñez,WSH,IF,Total Bases,2.5,demon,pre_game,2026-08-08T18:45:00.000-04:00
Ke'Bryan Hayes,CIN,IF,Total Bases,2.5,demon,pre_game,2026-08-08T18:45:00.000-04:00
Andrew Alvarez,WSH,P,Walks Allowed,2.5,demon,pre_game,2026-08-08T18:45:00.000-04:00
Elly De La Cruz,CIN,IF,Hits,2.5,demon,pre_game,2026-08-08T18:45:00.000-04:00
Noelvi Marte,CIN,OF,Hits,2.5,demon,pre_game,2026-08-08T18:45:00.000-04:00
Jose Trevino,CIN,C,Hits,2.5,demon,pre_game,2026-08-08T18:45:00.000-04:00
Chase Burns,CIN,P,Earned Runs Allowed,2.5,demon,pre_game,2026-08-08T18:45:00.000-04:00
Eugenio Suárez,CIN,DH,Hits,2.5,demon,pre_game,2026-08-08T18:45:00.000-04:00
CJ Abrams,WSH,IF,Hits,2.5,demon,pre_game,2026-08-08T18:45:00.000-04:00
Ke'Bryan Hayes,CIN,IF,Hits,2.5,demon,pre_game,2026-08-08T18:45:00.000-04:00
Daylen Lile,WSH,OF,Hits,2.5,demon,pre_game,2026-08-08T18:45:00.000-04:00
JJ Bleday,CIN,OF,RBIs,2.5,demon,pre_game,2026-08-08T18:45:00.000-04:00
Eugenio Suárez,CIN,DH,RBIs,2.5,demon,pre_game,2026-08-08T18:45:00.000-04:00
JJ Bleday,CIN,OF,Hits,2.5,demon,pre_game,2026-08-08T18:45:00.000-04:00
Dane Myers,CIN,OF,Hits,2.5,demon,pre_game,2026-08-08T18:45:00.000-04:00
Sal Stewart,CIN,IF,Hitter Strikeouts,2.5,demon,pre_game,2026-08-08T18:45:00.000-04:00
CJ Abrams,WSH,IF,RBIs,2.5,demon,pre_game,2026-08-08T18:45:00.000-04:00
Sal Stewart,CIN,IF,Hits,2.5,demon,pre_game,2026-08-08T18:45:00.000-04:00
Chase Burns,CIN,P,Walks Allowed,2.5,demon,pre_game,2026-08-08T18:45:00.000-04:00
Dylan Crews,WSH,OF,Hitter Strikeouts,2.5,demon,pre_game,2026-08-08T18:45:00.000-04:00
Dane Myers,CIN,OF,Hitter Strikeouts,2.5,demon,pre_game,2026-08-08T18:45:00.000-04:00
Matt McLain,CIN,IF,Hitter Strikeouts,2.5,demon,pre_game,2026-08-08T18:45:00.000-04:00
Brady House,WSH,IF,Hitter Strikeouts,2.5,demon,pre_game,2026-08-08T18:45:00.000-04:00
CJ Abrams,WSH,IF,Hitter Strikeouts,2.5,demon,pre_game,2026-08-08T18:45:00.000-04:00
Eugenio Suárez,CIN,DH,Hitter Strikeouts,2.5,demon,pre_game,2026-08-08T18:45:00.000-04:00
Elly De La Cruz,CIN,IF,Hitter Strikeouts,2.5,demon,pre_game,2026-08-08T18:45:00.000-04:00
Noelvi Marte,CIN,OF,Hitter Strikeouts,2.5,demon,pre_game,2026-08-08T18:45:00.000-04:00
José Tena,WSH,DH,Hitter Strikeouts,2.5,demon,pre_game,2026-08-08T18:45:00.000-04:00
Daylen Lile,WSH,OF,Hitter Strikeouts,2.5,demon,pre_game,2026-08-08T18:45:00.000-04:00
Elly De La Cruz,CIN,IF,RBIs,2.5,demon,pre_game,2026-08-08T18:45:00.000-04:00
Dane Myers,CIN,OF,RBIs,2.5,demon,pre_game,2026-08-08T18:45:00.000-04:00
JJ Bleday,CIN,OF,Hitter Strikeouts,2.5,demon,pre_game,2026-08-08T18:45:00.000-04:00
Sal Stewart,CIN,IF,RBIs,2.5,demon,pre_game,2026-08-08T18:45:00.000-04:00
Abimelec Ortiz,WSH,IF,Hitter Strikeouts,2.5,demon,pre_game,2026-08-08T18:45:00.000-04:00
Keibert Ruiz,WSH,C,Hits,2.5,demon,pre_game,2026-08-08T18:45:00.000-04:00
Daylen Lile,WSH,OF,RBIs,2.5,demon,pre_game,2026-08-08T18:45:00.000-04:00
Andrew Alvarez,WSH,P,Pitcher Strikeouts,2.5,goblin,pre_game,2026-08-08T18:45:00.000-04:00
Dylan Crews,WSH,OF,Hits,2.5,demon,pre_game,2026-08-08T18:45:00.000-04:00
José Tena,WSH,DH,Hits+Runs+RBIs,2.5,demon,pre_game,2026-08-08T18:45:00.000-04:00
Daylen Lile,WSH,OF,Hits+Runs+RBIs,2.5,demon,pre_game,2026-08-08T18:45:00.000-04:00
Nasim Nuñez,WSH,IF,Hits+Runs+RBIs,2.5,demon,pre_game,2026-08-08T18:45:00.000-04:00
Abimelec Ortiz,WSH,IF,Hits+Runs+RBIs,2.5,demon,pre_game,2026-08-08T18:45:00.000-04:00
Jorbit Vivas,WSH,IF,Hits+Runs+RBIs,2.5,demon,pre_game,2026-08-08T18:45:00.000-04:00
CJ Abrams,WSH,IF,Hits+Runs+RBIs,2.5,demon,pre_game,2026-08-08T18:45:00.000-04:00
Dylan Crews,WSH,OF,Hits+Runs+RBIs,2.5,demon,pre_game,2026-08-08T18:45:00.000-04:00
Jacob Young,WSH,OF,Hits+Runs+RBIs,2.5,demon,pre_game,2026-08-08T18:45:00.000-04:00
Keibert Ruiz,WSH,C,Hits+Runs+RBIs,2.5,demon,pre_game,2026-08-08T18:45:00.000-04:00
Abimelec Ortiz,WSH,IF,Hits,2.5,demon,pre_game,2026-08-08T18:45:00.000-04:00
Noelvi Marte,CIN,OF,Hits+Runs+RBIs,2.5,demon,pre_game,2026-08-08T18:45:00.000-04:00
Dane Myers,CIN,OF,Hits+Runs+RBIs,2.5,demon,pre_game,2026-08-08T18:45:00.000-04:00
Eugenio Suárez,CIN,DH,Hits+Runs+RBIs,2.5,demon,pre_game,2026-08-08T18:45:00.000-04:00
JJ Bleday,CIN,OF,Hits+Runs+RBIs,2.5,demon,pre_game,2026-08-08T18:45:00.000-04:00
Chase Burns,CIN,P,Hits Allowed,2.5,goblin,pre_game,2026-08-08T18:45:00.000-04:00
Noelvi Marte,CIN,OF,RBIs,2.5,demon,pre_game,2026-08-08T18:45:00.000-04:00
Dylan Crews,WSH,OF,RBIs,2.5,demon,pre_game,2026-08-08T18:45:00.000-04:00
Andrew Alvarez,WSH,P,Earned Runs Allowed,2.5,demon,pre_game,2026-08-08T18:45:00.000-04:00
Tyler Stephenson,CIN,C,RBIs,2.5,demon,pre_game,2026-08-08T18:45:00.000-04:00
Tyler Stephenson,CIN,C,Hits,2.5,demon,pre_game,2026-08-08T18:45:00.000-04:00
Matt McLain,CIN,IF,Hits+Runs+RBIs,2.5,demon,pre_game,2026-08-08T18:45:00.000-04:00
Ke'Bryan Hayes,CIN,IF,Hits+Runs+RBIs,2.5,demon,pre_game,2026-08-08T18:45:00.000-04:00
Tyler Stephenson,CIN,C,Hits+Runs+RBIs,2.5,demon,pre_game,2026-08-08T18:45:00.000-04:00
Elly De La Cruz,CIN,IF,Hits+Runs+RBIs,2.5,demon,pre_game,2026-08-08T18:45:00.000-04:00
Sal Stewart,CIN,IF,Hits+Runs+RBIs,2.5,demon,pre_game,2026-08-08T18:45:00.000-04:00
Andrew Alvarez,WSH,P,Hits Allowed,2.5,goblin,pre_game,2026-08-08T18:45:00.000-04:00
Sal Stewart,CIN,IF,Hits+Runs+RBIs,1.5,goblin,pre_game,2026-08-08T18:45:00.000-04:00
Keibert Ruiz,WSH,C,Hits+Runs+RBIs,1.5,demon,pre_game,2026-08-08T18:45:00.000-04:00
Nasim Nuñez,WSH,IF,Hits+Runs+RBIs,1.5,demon,pre_game,2026-08-08T18:45:00.000-04:00
Jorbit Vivas,WSH,IF,RBIs,1.5,demon,pre_game,2026-08-08T18:45:00.000-04:00
Jorbit Vivas,WSH,IF,Hits+Runs+RBIs,1.5,demon,pre_game,2026-08-08T18:45:00.000-04:00
Sal Stewart,CIN,IF,Runs,1.5,demon,pre_game,2026-08-08T18:45:00.000-04:00
Keibert Ruiz,WSH,C,RBIs,1.5,demon,pre_game,2026-08-08T18:45:00.000-04:00
Elly De La Cruz,CIN,IF,Hits+Runs+RBIs,1.5,goblin,pre_game,2026-08-08T18:45:00.000-04:00
Ke'Bryan Hayes,CIN,IF,Hits+Runs+RBIs,1.5,demon,pre_game,2026-08-08T18:45:00.000-04:00
José Tena,WSH,DH,RBIs,1.5,demon,pre_game,2026-08-08T18:45:00.000-04:00
Nasim Nuñez,WSH,IF,RBIs,1.5,demon,pre_game,2026-08-08T18:45:00.000-04:00
Matt McLain,CIN,IF,Runs,1.5,demon,pre_game,2026-08-08T18:45:00.000-04:00
Matt McLain,CIN,IF,Hits+Runs+RBIs,1.5,demon,pre_game,2026-08-08T18:45:00.000-04:00
José Tena,WSH,DH,Hits+Runs+RBIs,1.5,demon,pre_game,2026-08-08T18:45:00.000-04:00
Dane Myers,CIN,OF,Total Bases,1.5,demon,pre_game,2026-08-08T18:45:00.000-04:00
Jacob Young,WSH,OF,Total Bases,1.5,demon,pre_game,2026-08-08T18:45:00.000-04:00
Keibert Ruiz,WSH,C,Runs,1.5,demon,pre_game,2026-08-08T18:45:00.000-04:00
Eugenio Suárez,CIN,DH,Hits,1.5,demon,pre_game,2026-08-08T18:45:00.000-04:00
Jacob Young,WSH,OF,RBIs,1.5,demon,pre_game,2026-08-08T18:45:00.000-04:00
Dane Myers,CIN,OF,Hits,1.5,demon,pre_game,2026-08-08T18:45:00.000-04:00
Eugenio Suárez,CIN,DH,Total Bases,1.5,demon,pre_game,2026-08-08T18:45:00.000-04:00
Abimelec Ortiz,WSH,IF,Runs,1.5,demon,pre_game,2026-08-08T18:45:00.000-04:00
Abimelec Ortiz,WSH,IF,RBIs,1.5,demon,pre_game,2026-08-08T18:45:00.000-04:00
Eugenio Suárez,CIN,DH,Runs,1.5,demon,pre_game,2026-08-08T18:45:00.000-04:00
Ke'Bryan Hayes,CIN,IF,RBIs,1.5,demon,pre_game,2026-08-08T18:45:00.000-04:00
CJ Abrams,WSH,IF,Runs,1.5,demon,pre_game,2026-08-08T18:45:00.000-04:00
Matt McLain,CIN,IF,Hits,1.5,demon,pre_game,2026-08-08T18:45:00.000-04:00
Jacob Young,WSH,OF,Hits+Runs+RBIs,1.5,demon,pre_game,2026-08-08T18:45:00.000-04:00
CJ Abrams,WSH,IF,Hits,1.5,demon,pre_game,2026-08-08T18:45:00.000-04:00
Jorbit Vivas,WSH,IF,Total Bases,1.5,demon,pre_game,2026-08-08T18:45:00.000-04:00
Daylen Lile,WSH,OF,Runs,1.5,demon,pre_game,2026-08-08T18:45:00.000-04:00
Dane Myers,CIN,OF,Runs,1.5,demon,pre_game,2026-08-08T18:45:00.000-04:00
Ke'Bryan Hayes,CIN,IF,Runs,1.5,demon,pre_game,2026-08-08T18:45:00.000-04:00
Sal Stewart,CIN,IF,Hits,1.5,demon,pre_game,2026-08-08T18:45:00.000-04:00
Noelvi Marte,CIN,OF,Runs,1.5,demon,pre_game,2026-08-08T18:45:00.000-04:00
Abimelec Ortiz,WSH,IF,Total Bases,1.5,demon,pre_game,2026-08-08T18:45:00.000-04:00
José Tena,WSH,DH,Hits,1.5,demon,pre_game,2026-08-08T18:45:00.000-04:00
Abimelec Ortiz,WSH,IF,Hits,1.5,demon,pre_game,2026-08-08T18:45:00.000-04:00
Daylen Lile,WSH,OF,Total Bases,1.5,demon,pre_game,2026-08-08T18:45:00.000-04:00
Keibert Ruiz,WSH,C,Total Bases,1.5,demon,pre_game,2026-08-08T18:45:00.000-04:00
Matt McLain,CIN,IF,Total Bases,1.5,demon,pre_game,2026-08-08T18:45:00.000-04:00
Abimelec Ortiz,WSH,IF,Hits+Runs+RBIs,1.5,demon,pre_game,2026-08-08T18:45:00.000-04:00
Jacob Young,WSH,OF,Hits,1.5,demon,pre_game,2026-08-08T18:45:00.000-04:00
Elly De La Cruz,CIN,IF,Hits,1.5,demon,pre_game,2026-08-08T18:45:00.000-04:00
Dylan Crews,WSH,OF,Hits,1.5,demon,pre_game,2026-08-08T18:45:00.000-04:00
Tyler Stephenson,CIN,C,Total Bases,1.5,demon,pre_game,2026-08-08T18:45:00.000-04:00
JJ Bleday,CIN,OF,Hits,1.5,demon,pre_game,2026-08-08T18:45:00.000-04:00
Elly De La Cruz,CIN,IF,Runs,1.5,demon,pre_game,2026-08-08T18:45:00.000-04:00
Noelvi Marte,CIN,OF,Hits,1.5,demon,pre_game,2026-08-08T18:45:00.000-04:00
Dylan Crews,WSH,OF,Total Bases,1.5,demon,pre_game,2026-08-08T18:45:00.000-04:00
Nasim Nuñez,WSH,IF,Runs,1.5,demon,pre_game,2026-08-08T18:45:00.000-04:00
José Tena,WSH,DH,Runs,1.5,demon,pre_game,2026-08-08T18:45:00.000-04:00
Dylan Crews,WSH,OF,Runs,1.5,demon,pre_game,2026-08-08T18:45:00.000-04:00
JJ Bleday,CIN,OF,Runs,1.5,demon,pre_game,2026-08-08T18:45:00.000-04:00
José Tena,WSH,DH,Total Bases,1.5,demon,pre_game,2026-08-08T18:45:00.000-04:00
Keibert Ruiz,WSH,C,Hits,1.5,demon,pre_game,2026-08-08T18:45:00.000-04:00
Tyler Stephenson,CIN,C,Runs,1.5,demon,pre_game,2026-08-08T18:45:00.000-04:00
Noelvi Marte,CIN,OF,Total Bases,1.5,demon,pre_game,2026-08-08T18:45:00.000-04:00
JJ Bleday,CIN,OF,Total Bases,1.5,demon,pre_game,2026-08-08T18:45:00.000-04:00
Nasim Nuñez,WSH,IF,Hits,1.5,demon,pre_game,2026-08-08T18:45:00.000-04:00
Tyler Stephenson,CIN,C,Hits,1.5,demon,pre_game,2026-08-08T18:45:00.000-04:00
Ke'Bryan Hayes,CIN,IF,Hits,1.5,demon,pre_game,2026-08-08T18:45:00.000-04:00
Jorbit Vivas,WSH,IF,Hits,1.5,demon,pre_game,2026-08-08T18:45:00.000-04:00
Daylen Lile,WSH,OF,Hits,1.5,demon,pre_game,2026-08-08T18:45:00.000-04:00
Ke'Bryan Hayes,CIN,IF,Total Bases,1.5,demon,pre_game,2026-08-08T18:45:00.000-04:00
Nasim Nuñez,WSH,IF,Total Bases,1.5,demon,pre_game,2026-08-08T18:45:00.000-04:00
Matt McLain,CIN,IF,RBIs,1.5,demon,pre_game,2026-08-08T18:45:00.000-04:00
Brady House,WSH,IF,Hits+Runs+RBIs,1.5,demon,pre_game,2026-08-08T18:45:00.000-04:00
Noelvi Marte,CIN,OF,Hits+Runs+RBIs,1.5,standard,pre_game,2026-08-08T18:45:00.000-04:00
Eugenio Suárez,CIN,DH,Hits+Runs+RBIs,1.5,standard,pre_game,2026-08-08T18:45:00.000-04:00
Dane Myers,CIN,OF,Hits+Runs+RBIs,1.5,standard,pre_game,2026-08-08T18:45:00.000-04:00
JJ Bleday,CIN,OF,Hits+Runs+RBIs,1.5,standard,pre_game,2026-08-08T18:45:00.000-04:00
Daylen Lile,WSH,OF,Hits+Runs+RBIs,1.5,standard,pre_game,2026-08-08T18:45:00.000-04:00
Chase Burns,CIN,P,Walks Allowed,1.5,goblin,pre_game,2026-08-08T18:45:00.000-04:00
CJ Abrams,WSH,IF,Hits+Runs+RBIs,1.5,standard,pre_game,2026-08-08T18:45:00.000-04:00
Sal Stewart,CIN,IF,Total Bases,1.5,demon,pre_game,2026-08-08T18:45:00.000-04:00
CJ Abrams,WSH,IF,Total Bases,1.5,demon,pre_game,2026-08-08T18:45:00.000-04:00
Jose Trevino,CIN,C,Hits,1.5,demon,pre_game,2026-08-08T18:45:00.000-04:00
Brady House,WSH,IF,Runs,1.5,demon,pre_game,2026-08-08T18:45:00.000-04:00
Brady House,WSH,IF,RBIs,1.5,demon,pre_game,2026-08-08T18:45:00.000-04:00
Jose Trevino,CIN,C,RBIs,1.5,demon,pre_game,2026-08-08T18:45:00.000-04:00
Elly De La Cruz,CIN,IF,Total Bases,1.5,demon,pre_game,2026-08-08T18:45:00.000-04:00
Nasim Nuñez,WSH,IF,Hitter Strikeouts,1.5,demon,pre_game,2026-08-08T18:45:00.000-04:00
Sal Stewart,CIN,IF,Singles,1.5,demon,pre_game,2026-08-08T18:45:00.000-04:00
Sal Stewart,CIN,IF,Hitter Strikeouts,1.5,demon,pre_game,2026-08-08T18:45:00.000-04:00
Jose Trevino,CIN,C,Singles,1.5,demon,pre_game,2026-08-08T18:45:00.000-04:00
Ke'Bryan Hayes,CIN,IF,Hitter Strikeouts,1.5,demon,pre_game,2026-08-08T18:45:00.000-04:00
Noelvi Marte,CIN,OF,Singles,1.5,demon,pre_game,2026-08-08T18:45:00.000-04:00
Brady House,WSH,IF,Hits,1.5,demon,pre_game,2026-08-08T18:45:00.000-04:00
Dylan Crews,WSH,OF,Hitter Strikeouts,1.5,demon,pre_game,2026-08-08T18:45:00.000-04:00
Dane Myers,CIN,OF,Hitter Strikeouts,1.5,demon,pre_game,2026-08-08T18:45:00.000-04:00
Matt McLain,CIN,IF,Hitter Strikeouts,1.5,demon,pre_game,2026-08-08T18:45:00.000-04:00
Elly De La Cruz,CIN,IF,Singles,1.5,demon,pre_game,2026-08-08T18:45:00.000-04:00
Jose Trevino,CIN,C,Runs,1.5,demon,pre_game,2026-08-08T18:45:00.000-04:00
Keibert Ruiz,WSH,C,Hitter Strikeouts,1.5,demon,pre_game,2026-08-08T18:45:00.000-04:00
Dane Myers,CIN,OF,Singles,1.5,demon,pre_game,2026-08-08T18:45:00.000-04:00
Jose Trevino,CIN,C,Hitter Strikeouts,1.5,demon,pre_game,2026-08-08T18:45:00.000-04:00
CJ Abrams,WSH,IF,Stolen Bases,1.5,demon,pre_game,2026-08-08T18:45:00.000-04:00
Noelvi Marte,CIN,OF,Hitter Strikeouts,1.5,demon,pre_game,2026-08-08T18:45:00.000-04:00
Jacob Young,WSH,OF,Hitter Strikeouts,1.5,demon,pre_game,2026-08-08T18:45:00.000-04:00
José Tena,WSH,DH,Hitter Strikeouts,1.5,demon,pre_game,2026-08-08T18:45:00.000-04:00
Daylen Lile,WSH,OF,Hitter Strikeouts,1.5,demon,pre_game,2026-08-08T18:45:00.000-04:00
JJ Bleday,CIN,OF,Hitter Strikeouts,1.5,demon,pre_game,2026-08-08T18:45:00.000-04:00
Nasim Nuñez,WSH,IF,Stolen Bases,1.5,demon,pre_game,2026-08-08T18:45:00.000-04:00
Elly De La Cruz,CIN,IF,Stolen Bases,1.5,demon,pre_game,2026-08-08T18:45:00.000-04:00
Jose Trevino,CIN,C,Hits+Runs+RBIs,1.5,demon,pre_game,2026-08-08T18:45:00.000-04:00
Dylan Crews,WSH,OF,Hits+Runs+RBIs,1.5,demon,pre_game,2026-08-08T18:45:00.000-04:00
CJ Abrams,WSH,IF,Hitter Strikeouts,1.5,demon,pre_game,2026-08-08T18:45:00.000-04:00
Tyler Stephenson,CIN,C,Hitter Strikeouts,1.5,demon,pre_game,2026-08-08T18:45:00.000-04:00
Eugenio Suárez,CIN,DH,Hitter Strikeouts,1.5,demon,pre_game,2026-08-08T18:45:00.000-04:00
Tyler Stephenson,CIN,C,Hits+Runs+RBIs,1.5,standard,pre_game,2026-08-08T18:45:00.000-04:00
Elly De La Cruz,CIN,IF,Hitter Strikeouts,1.5,demon,pre_game,2026-08-08T18:45:00.000-04:00
Jorbit Vivas,WSH,IF,Hitter Strikeouts,1.5,demon,pre_game,2026-08-08T18:45:00.000-04:00
Abimelec Ortiz,WSH,IF,Hitter Strikeouts,1.5,demon,pre_game,2026-08-08T18:45:00.000-04:00
Andrew Alvarez,WSH,P,Earned Runs Allowed,1.5,goblin,pre_game,2026-08-08T18:45:00.000-04:00
Chase Burns,CIN,P,Earned Runs Allowed,1.5,goblin,pre_game,2026-08-08T18:45:00.000-04:00
Andrew Alvarez,WSH,P,Walks Allowed,1.5,goblin,pre_game,2026-08-08T18:45:00.000-04:00
Abimelec Ortiz,WSH,IF,Singles,0.5,demon,pre_game,2026-08-08T18:45:00.000-04:00
Eugenio Suárez,CIN,DH,Singles,0.5,demon,pre_game,2026-08-08T18:45:00.000-04:00
Jacob Young,WSH,OF,Singles,0.5,demon,pre_game,2026-08-08T18:45:00.000-04:00
Tyler Stephenson,CIN,C,Singles,0.5,demon,pre_game,2026-08-08T18:45:00.000-04:00
CJ Abrams,WSH,IF,Singles,0.5,demon,pre_game,2026-08-08T18:45:00.000-04:00
Jacob Young,WSH,OF,Home Runs,0.5,demon,pre_game,2026-08-08T18:45:00.000-04:00
JJ Bleday,CIN,OF,Singles,0.5,demon,pre_game,2026-08-08T18:45:00.000-04:00
Daylen Lile,WSH,OF,Home Runs,0.5,demon,pre_game,2026-08-08T18:45:00.000-04:00
Ke'Bryan Hayes,CIN,IF,Singles,0.5,demon,pre_game,2026-08-08T18:45:00.000-04:00
Noelvi Marte,CIN,OF,Home Runs,0.5,demon,pre_game,2026-08-08T18:45:00.000-04:00
Keibert Ruiz,WSH,C,Home Runs,0.5,demon,pre_game,2026-08-08T18:45:00.000-04:00
Ke'Bryan Hayes,CIN,IF,Home Runs,0.5,demon,pre_game,2026-08-08T18:45:00.000-04:00
Abimelec Ortiz,WSH,IF,Doubles,0.5,demon,pre_game,2026-08-08T18:45:00.000-04:00
Nasim Nuñez,WSH,IF,Doubles,0.5,demon,pre_game,2026-08-08T18:45:00.000-04:00
Tyler Stephenson,CIN,C,Home Runs,0.5,demon,pre_game,2026-08-08T18:45:00.000-04:00
Abimelec Ortiz,WSH,IF,Home Runs,0.5,demon,pre_game,2026-08-08T18:45:00.000-04:00
Nasim Nuñez,WSH,IF,Hits+Runs+RBIs,0.5,goblin,pre_game,2026-08-08T18:45:00.000-04:00
Matt McLain,CIN,IF,Home Runs,0.5,demon,pre_game,2026-08-08T18:45:00.000-04:00
Jacob Young,WSH,OF,Doubles,0.5,demon,pre_game,2026-08-08T18:45:00.000-04:00
Elly De La Cruz,CIN,IF,Home Runs,0.5,demon,pre_game,2026-08-08T18:45:00.000-04:00
Jorbit Vivas,WSH,IF,Home Runs,0.5,demon,pre_game,2026-08-08T18:45:00.000-04:00
Nasim Nuñez,WSH,IF,Home Runs,0.5,demon,pre_game,2026-08-08T18:45:00.000-04:00
Nasim Nuñez,WSH,IF,Singles,0.5,demon,pre_game,2026-08-08T18:45:00.000-04:00
José Tena,WSH,DH,Hits+Runs+RBIs,0.5,goblin,pre_game,2026-08-08T18:45:00.000-04:00
José Tena,WSH,DH,Singles,0.5,demon,pre_game,2026-08-08T18:45:00.000-04:00
Tyler Stephenson,CIN,C,Doubles,0.5,demon,pre_game,2026-08-08T18:45:00.000-04:00
Dylan Crews,WSH,OF,Home Runs,0.5,demon,pre_game,2026-08-08T18:45:00.000-04:00
Daylen Lile,WSH,OF,Doubles,0.5,demon,pre_game,2026-08-08T18:45:00.000-04:00
Dane Myers,CIN,OF,RBIs,0.5,demon,pre_game,2026-08-08T18:45:00.000-04:00
Noelvi Marte,CIN,OF,Hits+Runs+RBIs,0.5,goblin,pre_game,2026-08-08T18:45:00.000-04:00
Eugenio Suárez,CIN,DH,Home Runs,0.5,demon,pre_game,2026-08-08T18:45:00.000-04:00
Dane Myers,CIN,OF,Home Runs,0.5,demon,pre_game,2026-08-08T18:45:00.000-04:00
Ke'Bryan Hayes,CIN,IF,Doubles,0.5,demon,pre_game,2026-08-08T18:45:00.000-04:00
Jacob Young,WSH,OF,Hits+Runs+RBIs,0.5,goblin,pre_game,2026-08-08T18:45:00.000-04:00
José Tena,WSH,DH,Doubles,0.5,demon,pre_game,2026-08-08T18:45:00.000-04:00
Noelvi Marte,CIN,OF,Doubles,0.5,demon,pre_game,2026-08-08T18:45:00.000-04:00
Abimelec Ortiz,WSH,IF,Runs,0.5,demon,pre_game,2026-08-08T18:45:00.000-04:00
Abimelec Ortiz,WSH,IF,Hits+Runs+RBIs,0.5,goblin,pre_game,2026-08-08T18:45:00.000-04:00
Sal Stewart,CIN,IF,Hits+Runs+RBIs,0.5,goblin,pre_game,2026-08-08T18:45:00.000-04:00
Keibert Ruiz,WSH,C,Runs,0.5,demon,pre_game,2026-08-08T18:45:00.000-04:00
Jorbit Vivas,WSH,IF,Hits+Runs+RBIs,0.5,goblin,pre_game,2026-08-08T18:45:00.000-04:00
Sal Stewart,CIN,IF,Home Runs,0.5,demon,pre_game,2026-08-08T18:45:00.000-04:00
Keibert Ruiz,WSH,C,RBIs,0.5,demon,pre_game,2026-08-08T18:45:00.000-04:00
Dylan Crews,WSH,OF,Hits+Runs+RBIs,0.5,goblin,pre_game,2026-08-08T18:45:00.000-04:00
Dylan Crews,WSH,OF,Doubles,0.5,demon,pre_game,2026-08-08T18:45:00.000-04:00
Elly De La Cruz,CIN,IF,Hits+Runs+RBIs,0.5,goblin,pre_game,2026-08-08T18:45:00.000-04:00
Sal Stewart,CIN,IF,Doubles,0.5,demon,pre_game,2026-08-08T18:45:00.000-04:00
CJ Abrams,WSH,IF,RBIs,0.5,demon,pre_game,2026-08-08T18:45:00.000-04:00
CJ Abrams,WSH,IF,Doubles,0.5,demon,pre_game,2026-08-08T18:45:00.000-04:00
Ke'Bryan Hayes,CIN,IF,Hits+Runs+RBIs,0.5,goblin,pre_game,2026-08-08T18:45:00.000-04:00
José Tena,WSH,DH,RBIs,0.5,demon,pre_game,2026-08-08T18:45:00.000-04:00
CJ Abrams,WSH,IF,Home Runs,0.5,demon,pre_game,2026-08-08T18:45:00.000-04:00
JJ Bleday,CIN,OF,Home Runs,0.5,demon,pre_game,2026-08-08T18:45:00.000-04:00
Jorbit Vivas,WSH,IF,Singles,0.5,demon,pre_game,2026-08-08T18:45:00.000-04:00
Dane Myers,CIN,OF,Doubles,0.5,demon,pre_game,2026-08-08T18:45:00.000-04:00
Ke'Bryan Hayes,CIN,IF,RBIs,0.5,demon,pre_game,2026-08-08T18:45:00.000-04:00
Tyler Stephenson,CIN,C,Hits+Runs+RBIs,0.5,goblin,pre_game,2026-08-08T18:45:00.000-04:00
Keibert Ruiz,WSH,C,Hits+Runs+RBIs,0.5,goblin,pre_game,2026-08-08T18:45:00.000-04:00
Nasim Nuñez,WSH,IF,RBIs,0.5,demon,pre_game,2026-08-08T18:45:00.000-04:00
JJ Bleday,CIN,OF,Hits+Runs+RBIs,0.5,goblin,pre_game,2026-08-08T18:45:00.000-04:00
Matt McLain,CIN,IF,Runs,0.5,demon,pre_game,2026-08-08T18:45:00.000-04:00
Daylen Lile,WSH,OF,Hits+Runs+RBIs,0.5,goblin,pre_game,2026-08-08T18:45:00.000-04:00
Eugenio Suárez,CIN,DH,RBIs,0.5,demon,pre_game,2026-08-08T18:45:00.000-04:00
Noelvi Marte,CIN,OF,Runs,0.5,demon,pre_game,2026-08-08T18:45:00.000-04:00
Dane Myers,CIN,OF,Hits+Runs+RBIs,0.5,goblin,pre_game,2026-08-08T18:45:00.000-04:00
Sal Stewart,CIN,IF,Hits,0.5,goblin,pre_game,2026-08-08T18:45:00.000-04:00
Elly De La Cruz,CIN,IF,RBIs,0.5,demon,pre_game,2026-08-08T18:45:00.000-04:00
Dylan Crews,WSH,OF,Singles,0.5,demon,pre_game,2026-08-08T18:45:00.000-04:00
Jorbit Vivas,WSH,IF,RBIs,0.5,demon,pre_game,2026-08-08T18:45:00.000-04:00
Noelvi Marte,CIN,OF,RBIs,0.5,demon,pre_game,2026-08-08T18:45:00.000-04:00
Daylen Lile,WSH,OF,RBIs,0.5,demon,pre_game,2026-08-08T18:45:00.000-04:00
Abimelec Ortiz,WSH,IF,Hits,0.5,goblin,pre_game,2026-08-08T18:45:00.000-04:00
Jorbit Vivas,WSH,IF,Runs,0.5,demon,pre_game,2026-08-08T18:45:00.000-04:00
Dylan Crews,WSH,OF,Hits,0.5,goblin,pre_game,2026-08-08T18:45:00.000-04:00
CJ Abrams,WSH,IF,Hits+Runs+RBIs,0.5,goblin,pre_game,2026-08-08T18:45:00.000-04:00
Abimelec Ortiz,WSH,IF,RBIs,0.5,demon,pre_game,2026-08-08T18:45:00.000-04:00
Jacob Young,WSH,OF,RBIs,0.5,demon,pre_game,2026-08-08T18:45:00.000-04:00
Elly De La Cruz,CIN,IF,Doubles,0.5,demon,pre_game,2026-08-08T18:45:00.000-04:00
Matt McLain,CIN,IF,Hits,0.5,goblin,pre_game,2026-08-08T18:45:00.000-04:00
Sal Stewart,CIN,IF,RBIs,0.5,demon,pre_game,2026-08-08T18:45:00.000-04:00
Eugenio Suárez,CIN,DH,Doubles,0.5,demon,pre_game,2026-08-08T18:45:00.000-04:00
Daylen Lile,WSH,OF,Runs,0.5,demon,pre_game,2026-08-08T18:45:00.000-04:00
Ke'Bryan Hayes,CIN,IF,Runs,0.5,demon,pre_game,2026-08-08T18:45:00.000-04:00
Keibert Ruiz,WSH,C,Doubles,0.5,demon,pre_game,2026-08-08T18:45:00.000-04:00
Dane Myers,CIN,OF,Runs,0.5,demon,pre_game,2026-08-08T18:45:00.000-04:00
Dane Myers,CIN,OF,Hits,0.5,goblin,pre_game,2026-08-08T18:45:00.000-04:00
José Tena,WSH,DH,Home Runs,0.5,demon,pre_game,2026-08-08T18:45:00.000-04:00
Jacob Young,WSH,OF,Runs,0.5,demon,pre_game,2026-08-08T18:45:00.000-04:00
Eugenio Suárez,CIN,DH,Hits+Runs+RBIs,0.5,goblin,pre_game,2026-08-08T18:45:00.000-04:00
JJ Bleday,CIN,OF,Doubles,0.5,demon,pre_game,2026-08-08T18:45:00.000-04:00
CJ Abrams,WSH,IF,Hits,0.5,goblin,pre_game,2026-08-08T18:45:00.000-04:00
Eugenio Suárez,CIN,DH,Runs,0.5,demon,pre_game,2026-08-08T18:45:00.000-04:00
Jorbit Vivas,WSH,IF,Doubles,0.5,demon,pre_game,2026-08-08T18:45:00.000-04:00
Eugenio Suárez,CIN,DH,Hits,0.5,goblin,pre_game,2026-08-08T18:45:00.000-04:00
Elly De La Cruz,CIN,IF,Hits,0.5,goblin,pre_game,2026-08-08T18:45:00.000-04:00
JJ Bleday,CIN,OF,Hits,0.5,goblin,pre_game,2026-08-08T18:45:00.000-04:00
Matt McLain,CIN,IF,Singles,0.5,demon,pre_game,2026-08-08T18:45:00.000-04:00
Noelvi Marte,CIN,OF,Hits,0.5,goblin,pre_game,2026-08-08T18:45:00.000-04:00
Dylan Crews,WSH,OF,Runs,0.5,demon,pre_game,2026-08-08T18:45:00.000-04:00
Matt McLain,CIN,IF,Doubles,0.5,demon,pre_game,2026-08-08T18:45:00.000-04:00
José Tena,WSH,DH,Runs,0.5,demon,pre_game,2026-08-08T18:45:00.000-04:00
Nasim Nuñez,WSH,IF,Runs,0.5,demon,pre_game,2026-08-08T18:45:00.000-04:00
JJ Bleday,CIN,OF,Runs,0.5,demon,pre_game,2026-08-08T18:45:00.000-04:00
Keibert Ruiz,WSH,C,Hits,0.5,goblin,pre_game,2026-08-08T18:45:00.000-04:00
JJ Bleday,CIN,OF,RBIs,0.5,demon,pre_game,2026-08-08T18:45:00.000-04:00
Tyler Stephenson,CIN,C,Runs,0.5,demon,pre_game,2026-08-08T18:45:00.000-04:00
Dylan Crews,WSH,OF,RBIs,0.5,demon,pre_game,2026-08-08T18:45:00.000-04:00
Tyler Stephenson,CIN,C,RBIs,0.5,demon,pre_game,2026-08-08T18:45:00.000-04:00
Tyler Stephenson,CIN,C,Hits,0.5,goblin,pre_game,2026-08-08T18:45:00.000-04:00
Ke'Bryan Hayes,CIN,IF,Hits,0.5,goblin,pre_game,2026-08-08T18:45:00.000-04:00
Daylen Lile,WSH,OF,Hits,0.5,goblin,pre_game,2026-08-08T18:45:00.000-04:00
Matt McLain,CIN,IF,Hits+Runs+RBIs,0.5,goblin,pre_game,2026-08-08T18:45:00.000-04:00
Matt McLain,CIN,IF,RBIs,0.5,demon,pre_game,2026-08-08T18:45:00.000-04:00
Chase Burns + Andrew Alvarez,CIN/WSH,P,1st Inning Runs Allowed,0.5,standard,pre_game,2026-08-08T18:45:00.000-04:00
Chase Burns + Andrew Alvarez,CIN/WSH,P,1st Inning Walks Allowed,0.5,goblin,pre_game,2026-08-08T18:45:00.000-04:00
CJ Abrams,WSH,IF,Stolen Bases,0.5,demon,pre_game,2026-08-08T18:45:00.000-04:00
Nasim Nuñez,WSH,IF,Stolen Bases,0.5,demon,pre_game,2026-08-08T18:45:00.000-04:00
Elly De La Cruz,CIN,IF,Stolen Bases,0.5,demon,pre_game,2026-08-08T18:45:00.000-04:00
Brady House,WSH,IF,Stolen Bases,0.5,demon,pre_game,2026-08-08T18:45:00.000-04:00
Matt McLain,CIN,IF,Stolen Bases,0.5,demon,pre_game,2026-08-08T18:45:00.000-04:00
Dane Myers,CIN,OF,Stolen Bases,0.5,demon,pre_game,2026-08-08T18:45:00.000-04:00
Sal Stewart,CIN,IF,Stolen Bases,0.5,demon,pre_game,2026-08-08T18:45:00.000-04:00
Dylan Crews,WSH,OF,Stolen Bases,0.5,demon,pre_game,2026-08-08T18:45:00.000-04:00
Noelvi Marte,CIN,OF,Stolen Bases,0.5,demon,pre_game,2026-08-08T18:45:00.000-04:00
Nasim Nuñez,WSH,IF,Walks,0.5,demon,pre_game,2026-08-08T18:45:00.000-04:00
Daylen Lile,WSH,OF,Stolen Bases,0.5,demon,pre_game,2026-08-08T18:45:00.000-04:00
Brady House,WSH,IF,Walks,0.5,demon,pre_game,2026-08-08T18:45:00.000-04:00
Keibert Ruiz,WSH,C,Walks,0.5,demon,pre_game,2026-08-08T18:45:00.000-04:00
Jose Trevino,CIN,C,Runs,0.5,demon,pre_game,2026-08-08T18:45:00.000-04:00
Brady House,WSH,IF,Runs,0.5,demon,pre_game,2026-08-08T18:45:00.000-04:00
Ke'Bryan Hayes,CIN,IF,Walks,0.5,demon,pre_game,2026-08-08T18:45:00.000-04:00
Eugenio Suárez,CIN,DH,Walks,0.5,demon,pre_game,2026-08-08T18:45:00.000-04:00
Sal Stewart,CIN,IF,Runs,0.5,standard,pre_game,2026-08-08T18:45:00.000-04:00
Matt McLain,CIN,IF,Walks,0.5,demon,pre_game,2026-08-08T18:45:00.000-04:00
Dane Myers,CIN,OF,Walks,0.5,demon,pre_game,2026-08-08T18:45:00.000-04:00
CJ Abrams,WSH,IF,Walks,0.5,demon,pre_game,2026-08-08T18:45:00.000-04:00
Jacob Young,WSH,OF,Stolen Bases,0.5,demon,pre_game,2026-08-08T18:45:00.000-04:00
CJ Abrams,WSH,IF,Runs,0.5,standard,pre_game,2026-08-08T18:45:00.000-04:00
Jose Trevino,CIN,C,Walks,0.5,demon,pre_game,2026-08-08T18:45:00.000-04:00
Jose Trevino,CIN,C,Home Runs,0.5,demon,pre_game,2026-08-08T18:45:00.000-04:00
Noelvi Marte,CIN,OF,Walks,0.5,demon,pre_game,2026-08-08T18:45:00.000-04:00
Jose Trevino,CIN,C,Hits,0.5,goblin,pre_game,2026-08-08T18:45:00.000-04:00
JJ Bleday,CIN,OF,Walks,0.5,demon,pre_game,2026-08-08T18:45:00.000-04:00
Abimelec Ortiz,WSH,IF,Walks,0.5,demon,pre_game,2026-08-08T18:45:00.000-04:00
Daylen Lile,WSH,OF,Walks,0.5,demon,pre_game,2026-08-08T18:45:00.000-04:00
Dylan Crews,WSH,OF,Walks,0.5,demon,pre_game,2026-08-08T18:45:00.000-04:00
Brady House,WSH,IF,RBIs,0.5,demon,pre_game,2026-08-08T18:45:00.000-04:00
Elly De La Cruz,CIN,IF,Runs,0.5,standard,pre_game,2026-08-08T18:45:00.000-04:00
Jose Trevino,CIN,C,Total Bases,0.5,goblin,pre_game,2026-08-08T18:45:00.000-04:00
Jose Trevino,CIN,C,RBIs,0.5,demon,pre_game,2026-08-08T18:45:00.000-04:00
Jacob Young,WSH,OF,Hits,0.5,standard,pre_game,2026-08-08T18:45:00.000-04:00
Keibert Ruiz,WSH,C,Total Bases,0.5,goblin,pre_game,2026-08-08T18:45:00.000-04:00
Abimelec Ortiz,WSH,IF,Total Bases,0.5,goblin,pre_game,2026-08-08T18:45:00.000-04:00
Brady House,WSH,IF,Home Runs,0.5,demon,pre_game,2026-08-08T18:45:00.000-04:00
Jacob Young,WSH,OF,Walks,0.5,demon,pre_game,2026-08-08T18:45:00.000-04:00
Dylan Crews,WSH,OF,Total Bases,0.5,goblin,pre_game,2026-08-08T18:45:00.000-04:00
Jacob Young,WSH,OF,Total Bases,0.5,standard,pre_game,2026-08-08T18:45:00.000-04:00
Sal Stewart,CIN,IF,Walks,0.5,demon,pre_game,2026-08-08T18:45:00.000-04:00
Nasim Nuñez,WSH,IF,Hits,0.5,standard,pre_game,2026-08-08T18:45:00.000-04:00
Eugenio Suárez,CIN,DH,Total Bases,0.5,goblin,pre_game,2026-08-08T18:45:00.000-04:00
Brady House,WSH,IF,Hits,0.5,goblin,pre_game,2026-08-08T18:45:00.000-04:00
JJ Bleday,CIN,OF,Total Bases,0.5,goblin,pre_game,2026-08-08T18:45:00.000-04:00
Brady House,WSH,IF,Total Bases,0.5,goblin,pre_game,2026-08-08T18:45:00.000-04:00
José Tena,WSH,DH,Total Bases,0.5,standard,pre_game,2026-08-08T18:45:00.000-04:00
Nasim Nuñez,WSH,IF,Total Bases,0.5,standard,pre_game,2026-08-08T18:45:00.000-04:00
Ke'Bryan Hayes,CIN,IF,Total Bases,0.5,goblin,pre_game,2026-08-08T18:45:00.000-04:00
Jose Trevino,CIN,C,Doubles,0.5,demon,pre_game,2026-08-08T18:45:00.000-04:00
Brady House,WSH,IF,Doubles,0.5,demon,pre_game,2026-08-08T18:45:00.000-04:00
Chase Burns,CIN,P,Earned Runs Allowed,0.5,goblin,pre_game,2026-08-08T18:45:00.000-04:00
Andrew Alvarez,WSH,P,Earned Runs Allowed,0.5,goblin,pre_game,2026-08-08T18:45:00.000-04:00
CJ Abrams,WSH,IF,Total Bases,0.5,goblin,pre_game,2026-08-08T18:45:00.000-04:00
Sal Stewart,CIN,IF,Total Bases,0.5,goblin,pre_game,2026-08-08T18:45:00.000-04:00
Dane Myers,CIN,OF,Total Bases,0.5,goblin,pre_game,2026-08-08T18:45:00.000-04:00
Daylen Lile,WSH,OF,Singles,0.5,demon,pre_game,2026-08-08T18:45:00.000-04:00
José Tena,WSH,DH,Hits,0.5,standard,pre_game,2026-08-08T18:45:00.000-04:00
Matt McLain,CIN,IF,Total Bases,0.5,goblin,pre_game,2026-08-08T18:45:00.000-04:00
Daylen Lile,WSH,OF,Total Bases,0.5,goblin,pre_game,2026-08-08T18:45:00.000-04:00
Noelvi Marte,CIN,OF,Total Bases,0.5,goblin,pre_game,2026-08-08T18:45:00.000-04:00
Sal Stewart,CIN,IF,Singles,0.5,standard,pre_game,2026-08-08T18:45:00.000-04:00
Eugenio Suárez,CIN,DH,Stolen Bases,0.5,demon,pre_game,2026-08-08T18:45:00.000-04:00
JJ Bleday,CIN,OF,Stolen Bases,0.5,demon,pre_game,2026-08-08T18:45:00.000-04:00
Brady House,WSH,IF,Singles,0.5,demon,pre_game,2026-08-08T18:45:00.000-04:00
Elly De La Cruz,CIN,IF,Singles,0.5,standard,pre_game,2026-08-08T18:45:00.000-04:00
José Tena,WSH,DH,Walks,0.5,demon,pre_game,2026-08-08T18:45:00.000-04:00
Noelvi Marte,CIN,OF,Singles,0.5,standard,pre_game,2026-08-08T18:45:00.000-04:00
Brady House,WSH,IF,Hits+Runs+RBIs,0.5,goblin,pre_game,2026-08-08T18:45:00.000-04:00
Elly De La Cruz,CIN,IF,Total Bases,0.5,goblin,pre_game,2026-08-08T18:45:00.000-04:00
Ke'Bryan Hayes,CIN,IF,Stolen Bases,0.5,demon,pre_game,2026-08-08T18:45:00.000-04:00
CJ Abrams,WSH,IF,Hitter Strikeouts,0.5,goblin,pre_game,2026-08-08T18:45:00.000-04:00
Eugenio Suárez,CIN,DH,Hitter Strikeouts,0.5,goblin,pre_game,2026-08-08T18:45:00.000-04:00
Brady House,WSH,IF,Hitter Strikeouts,0.5,goblin,pre_game,2026-08-08T18:45:00.000-04:00
Dane Myers,CIN,OF,Singles,0.5,standard,pre_game,2026-08-08T18:45:00.000-04:00
Jose Trevino,CIN,C,Triples,0.5,demon,pre_game,2026-08-08T18:45:00.000-04:00
Elly De La Cruz,CIN,IF,Hitter Strikeouts,0.5,goblin,pre_game,2026-08-08T18:45:00.000-04:00
José Tena,WSH,DH,Stolen Bases,0.5,demon,pre_game,2026-08-08T18:45:00.000-04:00
Elly De La Cruz,CIN,IF,Triples,0.5,demon,pre_game,2026-08-08T18:45:00.000-04:00
Abimelec Ortiz,WSH,IF,Stolen Bases,0.5,demon,pre_game,2026-08-08T18:45:00.000-04:00
Jose Trevino,CIN,C,Singles,0.5,standard,pre_game,2026-08-08T18:45:00.000-04:00
Keibert Ruiz,WSH,C,Stolen Bases,0.5,demon,pre_game,2026-08-08T18:45:00.000-04:00
Brady House,WSH,IF,Triples,0.5,demon,pre_game,2026-08-08T18:45:00.000-04:00
Abimelec Ortiz,WSH,IF,Hitter Strikeouts,0.5,goblin,pre_game,2026-08-08T18:45:00.000-04:00
Daylen Lile,WSH,OF,Triples,0.5,demon,pre_game,2026-08-08T18:45:00.000-04:00
Jose Trevino,CIN,C,Hits+Runs+RBIs,0.5,goblin,pre_game,2026-08-08T18:45:00.000-04:00
Keibert Ruiz,WSH,C,Singles,0.5,demon,pre_game,2026-08-08T18:45:00.000-04:00
Jorbit Vivas,WSH,IF,Hits,0.5,standard,pre_game,2026-08-08T18:45:00.000-04:00
Elly De La Cruz,CIN,IF,Walks,0.5,demon,pre_game,2026-08-08T18:45:00.000-04:00
Jorbit Vivas,WSH,IF,Total Bases,0.5,standard,pre_game,2026-08-08T18:45:00.000-04:00
Tyler Stephenson,CIN,C,Total Bases,0.5,goblin,pre_game,2026-08-08T18:45:00.000-04:00
Tyler Stephenson,CIN,C,Walks,0.5,demon,pre_game,2026-08-08T18:45:00.000-04:00
Ke'Bryan Hayes,CIN,IF,Hitter Strikeouts,0.5,demon,pre_game,2026-08-08T18:45:00.000-04:00
Tyler Stephenson,CIN,C,Hitter Strikeouts,0.5,goblin,pre_game,2026-08-08T18:45:00.000-04:00
Sal Stewart,CIN,IF,Hitter Strikeouts,0.5,goblin,pre_game,2026-08-08T18:45:00.000-04:00
Dane Myers,CIN,OF,Hitter Strikeouts,0.5,goblin,pre_game,2026-08-08T18:45:00.000-04:00
Matt McLain,CIN,IF,Hitter Strikeouts,0.5,goblin,pre_game,2026-08-08T18:45:00.000-04:00
Noelvi Marte,CIN,OF,Hitter Strikeouts,0.5,goblin,pre_game,2026-08-08T18:45:00.000-04:00
JJ Bleday,CIN,OF,Hitter Strikeouts,0.5,goblin,pre_game,2026-08-08T18:45:00.000-04:00
Keibert Ruiz,WSH,C,Hitter Strikeouts,0.5,demon,pre_game,2026-08-08T18:45:00.000-04:00
Nasim Nuñez,WSH,IF,Hitter Strikeouts,0.5,goblin,pre_game,2026-08-08T18:45:00.000-04:00
Dylan Crews,WSH,OF,Hitter Strikeouts,0.5,goblin,pre_game,2026-08-08T18:45:00.000-04:00
Jorbit Vivas,WSH,IF,Walks,0.5,demon,pre_game,2026-08-08T18:45:00.000-04:00
José Tena,WSH,DH,Hitter Strikeouts,0.5,goblin,pre_game,2026-08-08T18:45:00.000-04:00
Daylen Lile,WSH,OF,Hitter Strikeouts,0.5,goblin,pre_game,2026-08-08T18:45:00.000-04:00
Tyler Stephenson,CIN,C,Stolen Bases,0.5,demon,pre_game,2026-08-08T18:45:00.000-04:00
Jorbit Vivas,WSH,IF,Stolen Bases,0.5,demon,pre_game,2026-08-08T18:45:00.000-04:00
Chase Burns,CIN,P,Walks Allowed,0.5,goblin,pre_game,2026-08-08T18:45:00.000-04:00
Seth Lugo,KC,P,Pitcher Strikeouts,4.0,standard,pre_game,2026-08-08T19:10:00.000-04:00
Seth Lugo,KC,P,Pitches Thrown,98.5,demon,pre_game,2026-08-08T19:10:00.000-04:00
Seth Lugo,KC,P,Pitches Thrown,92.5,standard,pre_game,2026-08-08T19:10:00.000-04:00
Seth Lugo,KC,P,Pitches Thrown,86.5,goblin,pre_game,2026-08-08T19:10:00.000-04:00
Seth Lugo,KC,P,Pitcher Fantasy Score,31.5,demon,pre_game,2026-08-08T19:10:00.000-04:00
Clay Holmes,CHC,P,Pitcher Fantasy Score,31.5,demon,pre_game,2026-08-08T19:10:00.000-04:00
Seth Lugo,KC,P,Batters Faced,25.5,demon,pre_game,2026-08-08T19:10:00.000-04:00
Seth Lugo,KC,P,Pitcher Fantasy Score,23.5,standard,pre_game,2026-08-08T19:10:00.000-04:00
Clay Holmes,CHC,P,Pitcher Fantasy Score,23.5,standard,pre_game,2026-08-08T19:10:00.000-04:00
Clay Holmes,CHC,P,Batters Faced,21.5,standard,pre_game,2026-08-08T19:10:00.000-04:00
Pete Crow-Armstrong,CHC,OF,Pitches Seen,18.5,standard,pre_game,2026-08-08T19:10:00.000-04:00
Seiya Suzuki,CHC,OF,Pitches Seen,18.5,standard,pre_game,2026-08-08T19:10:00.000-04:00
Carter Jensen,KC,C,Pitches Seen,17.5,standard,pre_game,2026-08-08T19:10:00.000-04:00
Michael Busch,CHC,IF,Pitches Seen,17.5,standard,pre_game,2026-08-08T19:10:00.000-04:00
Bobby Witt Jr.,KC,IF,Pitches Seen,16.5,standard,pre_game,2026-08-08T19:10:00.000-04:00
Seth Lugo,KC,P,Pitcher Fantasy Score,16.5,goblin,pre_game,2026-08-08T19:10:00.000-04:00
Alex Bregman,CHC,IF,Pitches Seen,16.5,goblin,pre_game,2026-08-08T19:10:00.000-04:00
Clay Holmes,CHC,P,Pitcher Fantasy Score,16.5,goblin,pre_game,2026-08-08T19:10:00.000-04:00
Jac Caglianone,KC,OF,Pitches Seen,15.5,standard,pre_game,2026-08-08T19:10:00.000-04:00
Salvador Perez,KC,DH,Pitches Seen,14.5,demon,pre_game,2026-08-08T19:10:00.000-04:00
Pete Crow-Armstrong,CHC,OF,Hitter Fantasy Score,13.5,demon,pre_game,2026-08-08T19:10:00.000-04:00
Seiya Suzuki,CHC,OF,Hitter Fantasy Score,11.5,demon,pre_game,2026-08-08T19:10:00.000-04:00
Michael Busch,CHC,IF,Hitter Fantasy Score,10.5,demon,pre_game,2026-08-08T19:10:00.000-04:00
Ian Happ,CHC,OF,Hitter Fantasy Score,10.5,demon,pre_game,2026-08-08T19:10:00.000-04:00
Bobby Witt Jr.,KC,IF,Hitter Fantasy Score,10.5,demon,pre_game,2026-08-08T19:10:00.000-04:00
Jac Caglianone,KC,OF,Hitter Fantasy Score,9.5,demon,pre_game,2026-08-08T19:10:00.000-04:00
Alex Bregman,CHC,IF,Hitter Fantasy Score,9.5,demon,pre_game,2026-08-08T19:10:00.000-04:00
Carter Jensen,KC,C,Hitter Fantasy Score,8.5,demon,pre_game,2026-08-08T19:10:00.000-04:00
Pete Crow-Armstrong,CHC,OF,Hitter Fantasy Score,8.5,standard,pre_game,2026-08-08T19:10:00.000-04:00
Dansby Swanson,CHC,IF,Hitter Fantasy Score,8.5,demon,pre_game,2026-08-08T19:10:00.000-04:00
Salvador Perez,KC,DH,Hitter Fantasy Score,8.5,demon,pre_game,2026-08-08T19:10:00.000-04:00
Nico Hoerner,CHC,IF,Hitter Fantasy Score,8.5,demon,pre_game,2026-08-08T19:10:00.000-04:00
Michael Conforto,CHC,DH,Hitter Fantasy Score,8.5,demon,pre_game,2026-08-08T19:10:00.000-04:00
Michael Massey,KC,IF,Hitter Fantasy Score,7.5,demon,pre_game,2026-08-08T19:10:00.000-04:00
Nick Loftin,KC,IF,Hitter Fantasy Score,7.5,demon,pre_game,2026-08-08T19:10:00.000-04:00
John Rave,KC,OF,Hitter Fantasy Score,6.5,demon,pre_game,2026-08-08T19:10:00.000-04:00
Josh Rojas,KC,IF,Hitter Fantasy Score,6.5,demon,pre_game,2026-08-08T19:10:00.000-04:00
Kyle Isbel,KC,OF,Hitter Fantasy Score,6.5,demon,pre_game,2026-08-08T19:10:00.000-04:00
Seiya Suzuki,CHC,OF,Hitter Fantasy Score,6.5,standard,pre_game,2026-08-08T19:10:00.000-04:00
Miguel Amaya,CHC,C,Hitter Fantasy Score,6.5,demon,pre_game,2026-08-08T19:10:00.000-04:00
Michael Busch,CHC,IF,Hitter Fantasy Score,5.5,standard,pre_game,2026-08-08T19:10:00.000-04:00
Ian Happ,CHC,OF,Hitter Fantasy Score,5.5,standard,pre_game,2026-08-08T19:10:00.000-04:00
Nico Hoerner,CHC,IF,Hitter Fantasy Score,5.5,standard,pre_game,2026-08-08T19:10:00.000-04:00
Bobby Witt Jr.,KC,IF,Hitter Fantasy Score,5.5,standard,pre_game,2026-08-08T19:10:00.000-04:00
Alex Bregman,CHC,IF,Hitter Fantasy Score,5.5,standard,pre_game,2026-08-08T19:10:00.000-04:00
Pete Crow-Armstrong,CHC,OF,Plate Appearances,5.5,demon,pre_game,2026-08-08T19:10:00.000-04:00
Carter Jensen,KC,C,Hitter Fantasy Score,5.0,standard,pre_game,2026-08-08T19:10:00.000-04:00
Jac Caglianone,KC,OF,Hitter Fantasy Score,5.0,standard,pre_game,2026-08-08T19:10:00.000-04:00
Michael Massey,KC,IF,Hitter Fantasy Score,4.5,standard,pre_game,2026-08-08T19:10:00.000-04:00
Pete Crow-Armstrong,CHC,OF,Hitter Fantasy Score,4.5,goblin,pre_game,2026-08-08T19:10:00.000-04:00
Dansby Swanson,CHC,IF,Hitter Fantasy Score,4.5,standard,pre_game,2026-08-08T19:10:00.000-04:00
Salvador Perez,KC,DH,Hitter Fantasy Score,4.5,standard,pre_game,2026-08-08T19:10:00.000-04:00
Nick Loftin,KC,IF,Hitter Fantasy Score,4.5,standard,pre_game,2026-08-08T19:10:00.000-04:00
Michael Conforto,CHC,DH,Hitter Fantasy Score,4.5,standard,pre_game,2026-08-08T19:10:00.000-04:00
Salvador Perez,KC,DH,Plate Appearances,4.5,demon,pre_game,2026-08-08T19:10:00.000-04:00
Carter Jensen,KC,C,Plate Appearances,4.5,demon,pre_game,2026-08-08T19:10:00.000-04:00
Bobby Witt Jr.,KC,IF,Plate Appearances,4.5,demon,pre_game,2026-08-08T19:10:00.000-04:00
Michael Busch,CHC,IF,Plate Appearances,4.5,goblin,pre_game,2026-08-08T19:10:00.000-04:00
Seiya Suzuki,CHC,OF,Plate Appearances,4.5,goblin,pre_game,2026-08-08T19:10:00.000-04:00
Alex Bregman,CHC,IF,Plate Appearances,4.5,standard,pre_game,2026-08-08T19:10:00.000-04:00
Jac Caglianone,KC,OF,Plate Appearances,4.5,demon,pre_game,2026-08-08T19:10:00.000-04:00
John Rave,KC,OF,Hitter Fantasy Score,3.5,standard,pre_game,2026-08-08T19:10:00.000-04:00
Michael Busch,CHC,IF,Hitter Fantasy Score,3.5,goblin,pre_game,2026-08-08T19:10:00.000-04:00
Josh Rojas,KC,IF,Hitter Fantasy Score,3.5,standard,pre_game,2026-08-08T19:10:00.000-04:00
Bobby Witt Jr.,KC,IF,Hitter Fantasy Score,3.5,goblin,pre_game,2026-08-08T19:10:00.000-04:00
Kyle Isbel,KC,OF,Hitter Fantasy Score,3.5,standard,pre_game,2026-08-08T19:10:00.000-04:00
Seiya Suzuki,CHC,OF,Hitter Fantasy Score,3.5,goblin,pre_game,2026-08-08T19:10:00.000-04:00
Miguel Amaya,CHC,C,Hitter Fantasy Score,3.5,standard,pre_game,2026-08-08T19:10:00.000-04:00
Michael Massey,KC,IF,Hitter Fantasy Score,2.5,goblin,pre_game,2026-08-08T19:10:00.000-04:00
Carter Jensen,KC,C,Hitter Fantasy Score,2.5,goblin,pre_game,2026-08-08T19:10:00.000-04:00
Ian Happ,CHC,OF,Hitter Fantasy Score,2.5,goblin,pre_game,2026-08-08T19:10:00.000-04:00
Jac Caglianone,KC,OF,Hitter Fantasy Score,2.5,goblin,pre_game,2026-08-08T19:10:00.000-04:00
Salvador Perez,KC,DH,Hitter Fantasy Score,2.5,goblin,pre_game,2026-08-08T19:10:00.000-04:00
Nico Hoerner,CHC,IF,Hitter Fantasy Score,2.5,goblin,pre_game,2026-08-08T19:10:00.000-04:00
Nick Loftin,KC,IF,Hitter Fantasy Score,2.5,goblin,pre_game,2026-08-08T19:10:00.000-04:00
Alex Bregman,CHC,IF,Hitter Fantasy Score,2.5,goblin,pre_game,2026-08-08T19:10:00.000-04:00
Michael Conforto,CHC,DH,Hitter Fantasy Score,2.5,goblin,pre_game,2026-08-08T19:10:00.000-04:00
John Rave,KC,OF,Hitter Fantasy Score,1.5,goblin,pre_game,2026-08-08T19:10:00.000-04:00
Josh Rojas,KC,IF,Hitter Fantasy Score,1.5,goblin,pre_game,2026-08-08T19:10:00.000-04:00
Dansby Swanson,CHC,IF,Hitter Fantasy Score,1.5,goblin,pre_game,2026-08-08T19:10:00.000-04:00
Kyle Isbel,KC,OF,Hitter Fantasy Score,1.5,goblin,pre_game,2026-08-08T19:10:00.000-04:00
Miguel Amaya,CHC,C,Hitter Fantasy Score,1.5,goblin,pre_game,2026-08-08T19:10:00.000-04:00
Taj Bradley,MIN,P,Pitches Thrown,103.5,demon,pre_game,2026-08-08T19:10:00.000-04:00
Taj Bradley,MIN,P,Pitches Thrown,96.5,standard,pre_game,2026-08-08T19:10:00.000-04:00
Taj Bradley,MIN,P,Pitches Thrown,91.5,goblin,pre_game,2026-08-08T19:10:00.000-04:00
Taj Bradley,MIN,P,Pitcher Fantasy Score,38.5,demon,pre_game,2026-08-08T19:10:00.000-04:00
Robert Gasser,MIL,P,Pitcher Fantasy Score,35.5,demon,pre_game,2026-08-08T19:10:00.000-04:00
Taj Bradley,MIN,P,Pitcher Fantasy Score,30.5,standard,pre_game,2026-08-08T19:10:00.000-04:00
Robert Gasser,MIL,P,Pitcher Fantasy Score,27.5,standard,pre_game,2026-08-08T19:10:00.000-04:00
Taj Bradley,MIN,P,Batters Faced,24.5,standard,pre_game,2026-08-08T19:10:00.000-04:00
Robert Gasser,MIL,P,Batters Faced,22.5,standard,pre_game,2026-08-08T19:10:00.000-04:00
Taj Bradley,MIN,P,Pitcher Fantasy Score,21.5,goblin,pre_game,2026-08-08T19:10:00.000-04:00
Robert Gasser,MIL,P,Pitcher Fantasy Score,20.5,goblin,pre_game,2026-08-08T19:10:00.000-04:00
Brice Turang,MIL,IF,Pitches Seen,18.5,standard,pre_game,2026-08-08T19:10:00.000-04:00
Garrett Mitchell,MIL,OF,Pitches Seen,17.5,goblin,pre_game,2026-08-08T19:10:00.000-04:00
Austin Martin,MIN,OF,Pitches Seen,17.5,standard,pre_game,2026-08-08T19:10:00.000-04:00
Ryan Jeffers,MIN,C,Pitches Seen,17.5,standard,pre_game,2026-08-08T19:10:00.000-04:00
William Contreras,MIL,C,Pitches Seen,16.5,standard,pre_game,2026-08-08T19:10:00.000-04:00
Jackson Chourio,MIL,OF,Pitches Seen,16.5,demon,pre_game,2026-08-08T19:10:00.000-04:00
Josh Bell,MIN,DH,Pitches Seen,15.5,standard,pre_game,2026-08-08T19:10:00.000-04:00
Royce Lewis,MIN,IF,Pitches Seen,15.5,goblin,pre_game,2026-08-08T19:10:00.000-04:00
Jackson Chourio,MIL,OF,Hitter Fantasy Score,10.5,demon,pre_game,2026-08-08T19:10:00.000-04:00
Brice Turang,MIL,IF,Hitter Fantasy Score,10.5,demon,pre_game,2026-08-08T19:10:00.000-04:00
Garrett Mitchell,MIL,OF,Hitter Fantasy Score,10.5,demon,pre_game,2026-08-08T19:10:00.000-04:00
Ryan Jeffers,MIN,C,Hitter Fantasy Score,9.5,demon,pre_game,2026-08-08T19:10:00.000-04:00
Kody Clemens,MIN,IF,Hitter Fantasy Score,9.5,demon,pre_game,2026-08-08T19:10:00.000-04:00
Austin Martin,MIN,OF,Hitter Fantasy Score,9.5,demon,pre_game,2026-08-08T19:10:00.000-04:00
Royce Lewis,MIN,IF,Hitter Fantasy Score,9.5,demon,pre_game,2026-08-08T19:10:00.000-04:00
Luke Keaschall,MIN,IF,Hitter Fantasy Score,8.5,demon,pre_game,2026-08-08T19:10:00.000-04:00
Andrew Vaughn,MIL,IF,Hitter Fantasy Score,8.5,demon,pre_game,2026-08-08T19:10:00.000-04:00
Josh Bell,MIN,DH,Hitter Fantasy Score,8.5,demon,pre_game,2026-08-08T19:10:00.000-04:00
William Contreras,MIL,C,Hitter Fantasy Score,8.5,demon,pre_game,2026-08-08T19:10:00.000-04:00
David Hamilton,MIL,IF,Hitter Fantasy Score,8.5,demon,pre_game,2026-08-08T19:10:00.000-04:00
Cooper Pratt,MIL,IF,Hitter Fantasy Score,7.5,demon,pre_game,2026-08-08T19:10:00.000-04:00
Brooks Lee,MIN,IF,Hitter Fantasy Score,7.5,demon,pre_game,2026-08-08T19:10:00.000-04:00
Luis Lara,MIL,OF,Hitter Fantasy Score,7.5,demon,pre_game,2026-08-08T19:10:00.000-04:00
Christian Yelich,MIL,DH,Hitter Fantasy Score,7.5,demon,pre_game,2026-08-08T19:10:00.000-04:00
Victor Caratini,MIN,C,Hitter Fantasy Score,7.5,demon,pre_game,2026-08-08T19:10:00.000-04:00
Brice Turang,MIL,IF,Hitter Fantasy Score,6.5,standard,pre_game,2026-08-08T19:10:00.000-04:00
Ryan Kreidler,MIN,IF,Hitter Fantasy Score,6.5,demon,pre_game,2026-08-08T19:10:00.000-04:00
Jackson Chourio,MIL,OF,Hitter Fantasy Score,6.0,standard,pre_game,2026-08-08T19:10:00.000-04:00
Ryan Jeffers,MIN,C,Hitter Fantasy Score,5.5,standard,pre_game,2026-08-08T19:10:00.000-04:00
Austin Martin,MIN,OF,Hitter Fantasy Score,5.5,standard,pre_game,2026-08-08T19:10:00.000-04:00
Luke Keaschall,MIN,IF,Hitter Fantasy Score,5.0,standard,pre_game,2026-08-08T19:10:00.000-04:00
Kody Clemens,MIN,IF,Hitter Fantasy Score,5.0,standard,pre_game,2026-08-08T19:10:00.000-04:00
Andrew Vaughn,MIL,IF,Hitter Fantasy Score,5.0,standard,pre_game,2026-08-08T19:10:00.000-04:00
Josh Bell,MIN,DH,Hitter Fantasy Score,5.0,standard,pre_game,2026-08-08T19:10:00.000-04:00
William Contreras,MIL,C,Hitter Fantasy Score,5.0,standard,pre_game,2026-08-08T19:10:00.000-04:00
Christian Yelich,MIL,DH,Hitter Fantasy Score,5.0,standard,pre_game,2026-08-08T19:10:00.000-04:00
Royce Lewis,MIN,IF,Hitter Fantasy Score,5.0,standard,pre_game,2026-08-08T19:10:00.000-04:00
Garrett Mitchell,MIL,OF,Hitter Fantasy Score,5.0,standard,pre_game,2026-08-08T19:10:00.000-04:00
Brooks Lee,MIN,IF,Hitter Fantasy Score,4.5,standard,pre_game,2026-08-08T19:10:00.000-04:00
William Contreras,MIL,C,Plate Appearances,4.5,demon,pre_game,2026-08-08T19:10:00.000-04:00
Garrett Mitchell,MIL,OF,Plate Appearances,4.5,demon,pre_game,2026-08-08T19:10:00.000-04:00
Brice Turang,MIL,IF,Plate Appearances,4.5,standard,pre_game,2026-08-08T19:10:00.000-04:00
Austin Martin,MIN,OF,Plate Appearances,4.5,goblin,pre_game,2026-08-08T19:10:00.000-04:00
Josh Bell,MIN,DH,Plate Appearances,4.5,demon,pre_game,2026-08-08T19:10:00.000-04:00
Jackson Chourio,MIL,OF,Plate Appearances,4.5,demon,pre_game,2026-08-08T19:10:00.000-04:00
Ryan Jeffers,MIN,C,Plate Appearances,4.5,demon,pre_game,2026-08-08T19:10:00.000-04:00
Royce Lewis,MIN,IF,Plate Appearances,4.5,demon,pre_game,2026-08-08T19:10:00.000-04:00
Luis Lara,MIL,OF,Hitter Fantasy Score,4.0,standard,pre_game,2026-08-08T19:10:00.000-04:00
Brice Turang,MIL,IF,Hitter Fantasy Score,3.5,goblin,pre_game,2026-08-08T19:10:00.000-04:00
Cooper Pratt,MIL,IF,Hitter Fantasy Score,3.5,standard,pre_game,2026-08-08T19:10:00.000-04:00
Austin Martin,MIN,OF,Hitter Fantasy Score,3.5,goblin,pre_game,2026-08-08T19:10:00.000-04:00
Victor Caratini,MIN,C,Hitter Fantasy Score,3.5,standard,pre_game,2026-08-08T19:10:00.000-04:00
David Hamilton,MIL,IF,Hitter Fantasy Score,3.5,standard,pre_game,2026-08-08T19:10:00.000-04:00
Ryan Kreidler,MIN,IF,Hitter Fantasy Score,3.0,standard,pre_game,2026-08-08T19:10:00.000-04:00
Ryan Jeffers,MIN,C,Hitter Fantasy Score,2.5,goblin,pre_game,2026-08-08T19:10:00.000-04:00
Jackson Chourio,MIL,OF,Hitter Fantasy Score,2.5,goblin,pre_game,2026-08-08T19:10:00.000-04:00
Luke Keaschall,MIN,IF,Hitter Fantasy Score,2.5,goblin,pre_game,2026-08-08T19:10:00.000-04:00
Kody Clemens,MIN,IF,Hitter Fantasy Score,2.5,goblin,pre_game,2026-08-08T19:10:00.000-04:00
Andrew Vaughn,MIL,IF,Hitter Fantasy Score,2.5,goblin,pre_game,2026-08-08T19:10:00.000-04:00
Brooks Lee,MIN,IF,Hitter Fantasy Score,2.5,goblin,pre_game,2026-08-08T19:10:00.000-04:00
Luis Lara,MIL,OF,Hitter Fantasy Score,2.5,goblin,pre_game,2026-08-08T19:10:00.000-04:00
Josh Bell,MIN,DH,Hitter Fantasy Score,2.5,goblin,pre_game,2026-08-08T19:10:00.000-04:00
William Contreras,MIL,C,Hitter Fantasy Score,2.5,goblin,pre_game,2026-08-08T19:10:00.000-04:00
Christian Yelich,MIL,DH,Hitter Fantasy Score,2.5,goblin,pre_game,2026-08-08T19:10:00.000-04:00
Royce Lewis,MIN,IF,Hitter Fantasy Score,2.5,goblin,pre_game,2026-08-08T19:10:00.000-04:00
Garrett Mitchell,MIL,OF,Hitter Fantasy Score,2.5,goblin,pre_game,2026-08-08T19:10:00.000-04:00
Cooper Pratt,MIL,IF,Hitter Fantasy Score,1.5,goblin,pre_game,2026-08-08T19:10:00.000-04:00
Ryan Kreidler,MIN,IF,Hitter Fantasy Score,1.5,goblin,pre_game,2026-08-08T19:10:00.000-04:00
Victor Caratini,MIN,C,Hitter Fantasy Score,1.5,goblin,pre_game,2026-08-08T19:10:00.000-04:00
David Hamilton,MIL,IF,Hitter Fantasy Score,1.5,goblin,pre_game,2026-08-08T19:10:00.000-04:00
Seth Lugo,KC,P,Pitching Outs,20.5,demon,pre_game,2026-08-08T19:10:00.000-04:00
Clay Holmes,CHC,P,Pitching Outs,17.5,demon,pre_game,2026-08-08T19:10:00.000-04:00
Seth Lugo,KC,P,Pitching Outs,17.5,standard,pre_game,2026-08-08T19:10:00.000-04:00
Clay Holmes,CHC,P,Pitching Outs,15.5,demon,pre_game,2026-08-08T19:10:00.000-04:00
Seth Lugo,KC,P,Pitching Outs,14.5,goblin,pre_game,2026-08-08T19:10:00.000-04:00
Clay Holmes,CHC,P,Pitching Outs,14.5,goblin,pre_game,2026-08-08T19:10:00.000-04:00
Clay Holmes,CHC,P,Pitching Outs,11.5,goblin,pre_game,2026-08-08T19:10:00.000-04:00
Seth Lugo,KC,P,Hits Allowed,10.5,demon,pre_game,2026-08-08T19:10:00.000-04:00
Clay Holmes + Seth Lugo,CHC/KC,P,Pitcher Strikeouts (Combo),8.5,demon,pre_game,2026-08-08T19:10:00.000-04:00
Clay Holmes,CHC,P,Hits Allowed,8.5,demon,pre_game,2026-08-08T19:10:00.000-04:00
Seiya Suzuki,CHC,OF,Hits+Runs+RBIs,7.5,demon,pre_game,2026-08-08T19:10:00.000-04:00
Pete Crow-Armstrong,CHC,OF,Total Bases,7.5,demon,pre_game,2026-08-08T19:10:00.000-04:00
Seth Lugo,KC,P,Pitcher Strikeouts,7.5,demon,pre_game,2026-08-08T19:10:00.000-04:00
Pete Crow-Armstrong,CHC,OF,Hits+Runs+RBIs,7.5,demon,pre_game,2026-08-08T19:10:00.000-04:00
Clay Holmes,CHC,P,Pitcher Strikeouts,7.5,demon,pre_game,2026-08-08T19:10:00.000-04:00
Seth Lugo,KC,P,Hits Allowed,7.5,demon,pre_game,2026-08-08T19:10:00.000-04:00
Seth Lugo,KC,P,Earned Runs Allowed,7.5,demon,pre_game,2026-08-08T19:10:00.000-04:00
Clay Holmes,CHC,P,Pitcher Strikeouts,6.5,demon,pre_game,2026-08-08T19:10:00.000-04:00
Ian Happ,CHC,OF,Hits+Runs+RBIs,6.5,demon,pre_game,2026-08-08T19:10:00.000-04:00
Dansby Swanson,CHC,IF,Hits+Runs+RBIs,6.5,demon,pre_game,2026-08-08T19:10:00.000-04:00
Michael Busch,CHC,IF,Hits+Runs+RBIs,6.5,demon,pre_game,2026-08-08T19:10:00.000-04:00
Seth Lugo,KC,P,Pitcher Strikeouts,6.5,demon,pre_game,2026-08-08T19:10:00.000-04:00
Nico Hoerner,CHC,IF,Hits+Runs+RBIs,6.5,demon,pre_game,2026-08-08T19:10:00.000-04:00
Clay Holmes,CHC,P,Hits Allowed,6.5,demon,pre_game,2026-08-08T19:10:00.000-04:00
Alex Bregman,CHC,IF,Hits+Runs+RBIs,6.5,demon,pre_game,2026-08-08T19:10:00.000-04:00
Bobby Witt Jr.,KC,IF,Hits+Runs+RBIs,6.5,demon,pre_game,2026-08-08T19:10:00.000-04:00
Seth Lugo,KC,P,Hits Allowed,6.5,demon,pre_game,2026-08-08T19:10:00.000-04:00
Seiya Suzuki,CHC,OF,Total Bases,6.5,demon,pre_game,2026-08-08T19:10:00.000-04:00
Jac Caglianone,KC,OF,Hits+Runs+RBIs,6.5,demon,pre_game,2026-08-08T19:10:00.000-04:00
Seth Lugo,KC,P,Hits Allowed,5.5,goblin,pre_game,2026-08-08T19:10:00.000-04:00
Michael Busch,CHC,IF,Total Bases,5.5,demon,pre_game,2026-08-08T19:10:00.000-04:00
Jac Caglianone,KC,OF,Total Bases,5.5,demon,pre_game,2026-08-08T19:10:00.000-04:00
Dansby Swanson,CHC,IF,Total Bases,5.5,demon,pre_game,2026-08-08T19:10:00.000-04:00
Bobby Witt Jr.,KC,IF,Total Bases,5.5,demon,pre_game,2026-08-08T19:10:00.000-04:00
Clay Holmes,CHC,P,Pitcher Strikeouts,5.5,demon,pre_game,2026-08-08T19:10:00.000-04:00
Seth Lugo,KC,P,Pitcher Strikeouts,5.5,demon,pre_game,2026-08-08T19:10:00.000-04:00
Michael Conforto,CHC,DH,Total Bases,5.5,demon,pre_game,2026-08-08T19:10:00.000-04:00
Alex Bregman,CHC,IF,Total Bases,5.5,demon,pre_game,2026-08-08T19:10:00.000-04:00
Carter Jensen,KC,C,Total Bases,5.5,demon,pre_game,2026-08-08T19:10:00.000-04:00
Ian Happ,CHC,OF,Total Bases,5.5,demon,pre_game,2026-08-08T19:10:00.000-04:00
Salvador Perez,KC,DH,Total Bases,5.5,demon,pre_game,2026-08-08T19:10:00.000-04:00
Carson Kelly,CHC,C,Total Bases,5.5,demon,pre_game,2026-08-08T19:10:00.000-04:00
Salvador Perez,KC,DH,Hits+Runs+RBIs,5.5,demon,pre_game,2026-08-08T19:10:00.000-04:00
Michael Massey,KC,IF,Hits+Runs+RBIs,5.5,demon,pre_game,2026-08-08T19:10:00.000-04:00
Carter Jensen,KC,C,Hits+Runs+RBIs,5.5,demon,pre_game,2026-08-08T19:10:00.000-04:00
Pete Crow-Armstrong,CHC,OF,Hits+Runs+RBIs,5.5,demon,pre_game,2026-08-08T19:10:00.000-04:00
Clay Holmes,CHC,P,Hits Allowed,5.5,demon,pre_game,2026-08-08T19:10:00.000-04:00
Nick Loftin,KC,IF,Hits+Runs+RBIs,5.5,demon,pre_game,2026-08-08T19:10:00.000-04:00
Clay Holmes,CHC,P,Earned Runs Allowed,5.5,demon,pre_game,2026-08-08T19:10:00.000-04:00
Clay Holmes,CHC,P,Hits Allowed,4.5,goblin,pre_game,2026-08-08T19:10:00.000-04:00
Seth Lugo,KC,P,Walks Allowed,4.5,demon,pre_game,2026-08-08T19:10:00.000-04:00
Bobby Witt Jr.,KC,IF,Total Bases,4.5,demon,pre_game,2026-08-08T19:10:00.000-04:00
Carter Jensen,KC,C,Hits+Runs+RBIs,4.5,demon,pre_game,2026-08-08T19:10:00.000-04:00
Pete Crow-Armstrong,CHC,OF,Total Bases,4.5,demon,pre_game,2026-08-08T19:10:00.000-04:00
Michael Conforto,CHC,DH,Hits+Runs+RBIs,4.5,demon,pre_game,2026-08-08T19:10:00.000-04:00
Nico Hoerner,CHC,IF,Total Bases,4.5,demon,pre_game,2026-08-08T19:10:00.000-04:00
Isaac Collins,KC,OF,Total Bases,4.5,demon,pre_game,2026-08-08T19:10:00.000-04:00
John Rave,KC,OF,Hits+Runs+RBIs,4.5,demon,pre_game,2026-08-08T19:10:00.000-04:00
Isaac Collins,KC,OF,Hits+Runs+RBIs,4.5,demon,pre_game,2026-08-08T19:10:00.000-04:00
Alex Bregman,CHC,IF,Hits+Runs+RBIs,4.5,demon,pre_game,2026-08-08T19:10:00.000-04:00
Michael Massey,KC,IF,Total Bases,4.5,demon,pre_game,2026-08-08T19:10:00.000-04:00
Nick Loftin,KC,IF,Total Bases,4.5,demon,pre_game,2026-08-08T19:10:00.000-04:00
Salvador Perez,KC,DH,Hits+Runs+RBIs,4.5,demon,pre_game,2026-08-08T19:10:00.000-04:00
Clay Holmes,CHC,P,Pitcher Strikeouts,4.5,demon,pre_game,2026-08-08T19:10:00.000-04:00
Pete Crow-Armstrong,CHC,OF,Hits+Runs+RBIs,4.5,demon,pre_game,2026-08-08T19:10:00.000-04:00
Michael Busch,CHC,IF,Hits+Runs+RBIs,4.5,demon,pre_game,2026-08-08T19:10:00.000-04:00
Seiya Suzuki,CHC,OF,Total Bases,4.5,demon,pre_game,2026-08-08T19:10:00.000-04:00
Nico Hoerner,CHC,IF,Hits+Runs+RBIs,4.5,demon,pre_game,2026-08-08T19:10:00.000-04:00
Seth Lugo,KC,P,Pitcher Strikeouts,4.5,demon,pre_game,2026-08-08T19:10:00.000-04:00
Jac Caglianone,KC,OF,Hits+Runs+RBIs,4.5,demon,pre_game,2026-08-08T19:10:00.000-04:00
Seiya Suzuki,CHC,OF,Hits+Runs+RBIs,4.5,demon,pre_game,2026-08-08T19:10:00.000-04:00
Bobby Witt Jr.,KC,IF,Hits+Runs+RBIs,4.5,demon,pre_game,2026-08-08T19:10:00.000-04:00
Kyle Isbel,KC,OF,Hits+Runs+RBIs,4.5,demon,pre_game,2026-08-08T19:10:00.000-04:00
Ian Happ,CHC,OF,Hits+Runs+RBIs,4.5,demon,pre_game,2026-08-08T19:10:00.000-04:00
Dansby Swanson,CHC,IF,Hits+Runs+RBIs,4.5,demon,pre_game,2026-08-08T19:10:00.000-04:00
John Rave,KC,OF,Total Bases,4.5,demon,pre_game,2026-08-08T19:10:00.000-04:00
Miguel Amaya,CHC,C,Total Bases,4.5,demon,pre_game,2026-08-08T19:10:00.000-04:00
Miguel Amaya,CHC,C,Hits+Runs+RBIs,4.5,demon,pre_game,2026-08-08T19:10:00.000-04:00
Seth Lugo,KC,P,Hits Allowed,4.5,goblin,pre_game,2026-08-08T19:10:00.000-04:00
Seth Lugo,KC,P,Earned Runs Allowed,4.5,demon,pre_game,2026-08-08T19:10:00.000-04:00
Ian Happ,CHC,OF,Hits+Runs+RBIs,3.5,demon,pre_game,2026-08-08T19:10:00.000-04:00
Michael Busch,CHC,IF,Hits+Runs+RBIs,3.5,demon,pre_game,2026-08-08T19:10:00.000-04:00
Nico Hoerner,CHC,IF,Hits+Runs+RBIs,3.5,demon,pre_game,2026-08-08T19:10:00.000-04:00
Dansby Swanson,CHC,IF,Total Bases,3.5,demon,pre_game,2026-08-08T19:10:00.000-04:00
Seth Lugo,KC,P,Pitcher Strikeouts,3.5,goblin,pre_game,2026-08-08T19:10:00.000-04:00
Nick Loftin,KC,IF,Total Bases,3.5,demon,pre_game,2026-08-08T19:10:00.000-04:00
Carter Jensen,KC,C,Hits+Runs+RBIs,3.5,demon,pre_game,2026-08-08T19:10:00.000-04:00
Miguel Amaya,CHC,C,Hits+Runs+RBIs,3.5,demon,pre_game,2026-08-08T19:10:00.000-04:00
Pedro Ramirez,CHC,IF,Hits+Runs+RBIs,3.5,demon,pre_game,2026-08-08T19:10:00.000-04:00
Salvador Perez,KC,DH,Hits+Runs+RBIs,3.5,demon,pre_game,2026-08-08T19:10:00.000-04:00
Michael Massey,KC,IF,Hits+Runs+RBIs,3.5,demon,pre_game,2026-08-08T19:10:00.000-04:00
Pete Crow-Armstrong,CHC,OF,Hits+Runs+RBIs,3.5,demon,pre_game,2026-08-08T19:10:00.000-04:00
Jac Caglianone,KC,OF,Total Bases,3.5,demon,pre_game,2026-08-08T19:10:00.000-04:00
Dansby Swanson,CHC,IF,Hits+Runs+RBIs,3.5,demon,pre_game,2026-08-08T19:10:00.000-04:00
Seiya Suzuki,CHC,OF,Hits+Runs+RBIs,3.5,demon,pre_game,2026-08-08T19:10:00.000-04:00
Seiya Suzuki,CHC,OF,Total Bases,3.5,demon,pre_game,2026-08-08T19:10:00.000-04:00
Miguel Amaya,CHC,C,Total Bases,3.5,demon,pre_game,2026-08-08T19:10:00.000-04:00
Michael Massey,KC,IF,Total Bases,3.5,demon,pre_game,2026-08-08T19:10:00.000-04:00
Salvador Perez,KC,DH,Total Bases,3.5,demon,pre_game,2026-08-08T19:10:00.000-04:00
John Rave,KC,OF,Hits+Runs+RBIs,3.5,demon,pre_game,2026-08-08T19:10:00.000-04:00
Bobby Witt Jr.,KC,IF,Total Bases,3.5,demon,pre_game,2026-08-08T19:10:00.000-04:00
Isaac Collins,KC,OF,Hits+Runs+RBIs,3.5,demon,pre_game,2026-08-08T19:10:00.000-04:00
Nick Loftin,KC,IF,Hits+Runs+RBIs,3.5,demon,pre_game,2026-08-08T19:10:00.000-04:00
Carter Jensen,KC,C,Total Bases,3.5,demon,pre_game,2026-08-08T19:10:00.000-04:00
Clay Holmes,CHC,P,Earned Runs Allowed,3.5,demon,pre_game,2026-08-08T19:10:00.000-04:00
Pedro Ramirez,CHC,IF,Total Bases,3.5,demon,pre_game,2026-08-08T19:10:00.000-04:00
Ian Happ,CHC,OF,Total Bases,3.5,demon,pre_game,2026-08-08T19:10:00.000-04:00
Isaac Collins,KC,OF,Total Bases,3.5,demon,pre_game,2026-08-08T19:10:00.000-04:00
Kyle Isbel,KC,OF,Total Bases,3.5,demon,pre_game,2026-08-08T19:10:00.000-04:00
Clay Holmes,CHC,P,Hits Allowed,3.5,goblin,pre_game,2026-08-08T19:10:00.000-04:00
Alex Bregman,CHC,IF,Hits+Runs+RBIs,3.5,demon,pre_game,2026-08-08T19:10:00.000-04:00
Pete Crow-Armstrong,CHC,OF,Total Bases,3.5,demon,pre_game,2026-08-08T19:10:00.000-04:00
Seth Lugo,KC,P,Earned Runs Allowed,3.5,demon,pre_game,2026-08-08T19:10:00.000-04:00
Nico Hoerner,CHC,IF,Total Bases,3.5,demon,pre_game,2026-08-08T19:10:00.000-04:00
Michael Busch,CHC,IF,Total Bases,3.5,demon,pre_game,2026-08-08T19:10:00.000-04:00
Kyle Isbel,KC,OF,Hits+Runs+RBIs,3.5,demon,pre_game,2026-08-08T19:10:00.000-04:00
Jac Caglianone,KC,OF,Hits+Runs+RBIs,3.5,demon,pre_game,2026-08-08T19:10:00.000-04:00
Bobby Witt Jr.,KC,IF,Hits+Runs+RBIs,3.5,demon,pre_game,2026-08-08T19:10:00.000-04:00
Alex Bregman,CHC,IF,Total Bases,3.5,demon,pre_game,2026-08-08T19:10:00.000-04:00
John Rave,KC,OF,Total Bases,3.5,demon,pre_game,2026-08-08T19:10:00.000-04:00
Clay Holmes,CHC,P,Pitcher Strikeouts,3.5,standard,pre_game,2026-08-08T19:10:00.000-04:00
Michael Conforto,CHC,DH,Total Bases,3.5,demon,pre_game,2026-08-08T19:10:00.000-04:00
Carson Kelly,CHC,C,Total Bases,3.5,demon,pre_game,2026-08-08T19:10:00.000-04:00
Michael Conforto,CHC,DH,Hits+Runs+RBIs,3.5,demon,pre_game,2026-08-08T19:10:00.000-04:00
Seth Lugo,KC,P,Hits Allowed,3.5,goblin,pre_game,2026-08-08T19:10:00.000-04:00
Nico Hoerner,CHC,IF,Hits,2.5,demon,pre_game,2026-08-08T19:10:00.000-04:00
Ian Happ,CHC,OF,Hits,2.5,demon,pre_game,2026-08-08T19:10:00.000-04:00
Salvador Perez,KC,DH,RBIs,2.5,demon,pre_game,2026-08-08T19:10:00.000-04:00
Pete Crow-Armstrong,CHC,OF,Hits,2.5,demon,pre_game,2026-08-08T19:10:00.000-04:00
Seiya Suzuki,CHC,OF,Hits,2.5,demon,pre_game,2026-08-08T19:10:00.000-04:00
Ian Happ,CHC,OF,RBIs,2.5,demon,pre_game,2026-08-08T19:10:00.000-04:00
Carter Jensen,KC,C,Hitter Strikeouts,2.5,demon,pre_game,2026-08-08T19:10:00.000-04:00
Jac Caglianone,KC,OF,Hits,2.5,demon,pre_game,2026-08-08T19:10:00.000-04:00
Dansby Swanson,CHC,IF,Hits,2.5,demon,pre_game,2026-08-08T19:10:00.000-04:00
Ian Happ,CHC,OF,Hitter Strikeouts,2.5,demon,pre_game,2026-08-08T19:10:00.000-04:00
Michael Busch,CHC,IF,Hits,2.5,demon,pre_game,2026-08-08T19:10:00.000-04:00
Seiya Suzuki,CHC,OF,Hitter Strikeouts,2.5,demon,pre_game,2026-08-08T19:10:00.000-04:00
Carter Jensen,KC,C,Hits,2.5,demon,pre_game,2026-08-08T19:10:00.000-04:00
Pete Crow-Armstrong,CHC,OF,RBIs,2.5,demon,pre_game,2026-08-08T19:10:00.000-04:00
Salvador Perez,KC,DH,Hits,2.5,demon,pre_game,2026-08-08T19:10:00.000-04:00
Seth Lugo,KC,P,Earned Runs Allowed,2.5,goblin,pre_game,2026-08-08T19:10:00.000-04:00
Bobby Witt Jr.,KC,IF,Hits,2.5,demon,pre_game,2026-08-08T19:10:00.000-04:00
Michael Busch,CHC,IF,RBIs,2.5,demon,pre_game,2026-08-08T19:10:00.000-04:00
Nico Hoerner,CHC,IF,RBIs,2.5,demon,pre_game,2026-08-08T19:10:00.000-04:00
Pedro Ramirez,CHC,IF,Hits,2.5,demon,pre_game,2026-08-08T19:10:00.000-04:00
Seth Lugo,KC,P,Walks Allowed,2.5,demon,pre_game,2026-08-08T19:10:00.000-04:00
Seiya Suzuki,CHC,OF,RBIs,2.5,demon,pre_game,2026-08-08T19:10:00.000-04:00
Dansby Swanson,CHC,IF,RBIs,2.5,demon,pre_game,2026-08-08T19:10:00.000-04:00
Pete Crow-Armstrong,CHC,OF,Hitter Strikeouts,2.5,demon,pre_game,2026-08-08T19:10:00.000-04:00
Alex Bregman,CHC,IF,RBIs,2.5,demon,pre_game,2026-08-08T19:10:00.000-04:00
Jac Caglianone,KC,OF,RBIs,2.5,demon,pre_game,2026-08-08T19:10:00.000-04:00
Clay Holmes,CHC,P,Walks Allowed,2.5,demon,pre_game,2026-08-08T19:10:00.000-04:00
Michael Massey,KC,IF,Hits,2.5,demon,pre_game,2026-08-08T19:10:00.000-04:00
Alex Bregman,CHC,IF,Hits,2.5,demon,pre_game,2026-08-08T19:10:00.000-04:00
Pete Crow-Armstrong,CHC,OF,Hits+Runs+RBIs,2.5,standard,pre_game,2026-08-08T19:10:00.000-04:00
Bobby Witt Jr.,KC,IF,RBIs,2.5,demon,pre_game,2026-08-08T19:10:00.000-04:00
Nico Hoerner,CHC,IF,Hits+Runs+RBIs,2.5,demon,pre_game,2026-08-08T19:10:00.000-04:00
Carson Kelly,CHC,C,Hits,2.5,demon,pre_game,2026-08-08T19:10:00.000-04:00
Dansby Swanson,CHC,IF,Total Bases,2.5,demon,pre_game,2026-08-08T19:10:00.000-04:00
Carter Jensen,KC,C,Total Bases,2.5,demon,pre_game,2026-08-08T19:10:00.000-04:00
Nick Loftin,KC,IF,Hits,2.5,demon,pre_game,2026-08-08T19:10:00.000-04:00
Carson Kelly,CHC,C,Total Bases,2.5,demon,pre_game,2026-08-08T19:10:00.000-04:00
John Rave,KC,OF,Total Bases,2.5,demon,pre_game,2026-08-08T19:10:00.000-04:00
Michael Conforto,CHC,DH,Hits,2.5,demon,pre_game,2026-08-08T19:10:00.000-04:00
Salvador Perez,KC,DH,Hits+Runs+RBIs,2.5,demon,pre_game,2026-08-08T19:10:00.000-04:00
Nick Loftin,KC,IF,Total Bases,2.5,demon,pre_game,2026-08-08T19:10:00.000-04:00
Michael Conforto,CHC,DH,Hits+Runs+RBIs,2.5,demon,pre_game,2026-08-08T19:10:00.000-04:00
Ian Happ,CHC,OF,Total Bases,2.5,demon,pre_game,2026-08-08T19:10:00.000-04:00
Michael Massey,KC,IF,Hits+Runs+RBIs,2.5,demon,pre_game,2026-08-08T19:10:00.000-04:00
Michael Busch,CHC,IF,Total Bases,2.5,demon,pre_game,2026-08-08T19:10:00.000-04:00
Michael Conforto,CHC,DH,Total Bases,2.5,demon,pre_game,2026-08-08T19:10:00.000-04:00
Nick Loftin,KC,IF,Hits+Runs+RBIs,2.5,demon,pre_game,2026-08-08T19:10:00.000-04:00
Carter Jensen,KC,C,Hits+Runs+RBIs,2.5,demon,pre_game,2026-08-08T19:10:00.000-04:00
Bobby Witt Jr.,KC,IF,Total Bases,2.5,demon,pre_game,2026-08-08T19:10:00.000-04:00
Isaac Collins,KC,OF,Hits+Runs+RBIs,2.5,demon,pre_game,2026-08-08T19:10:00.000-04:00
Seth Lugo,KC,P,Pitcher Strikeouts,2.5,goblin,pre_game,2026-08-08T19:10:00.000-04:00
Alex Bregman,CHC,IF,Hits+Runs+RBIs,2.5,demon,pre_game,2026-08-08T19:10:00.000-04:00
Pete Crow-Armstrong,CHC,OF,Total Bases,2.5,demon,pre_game,2026-08-08T19:10:00.000-04:00
Jac Caglianone,KC,OF,Total Bases,2.5,demon,pre_game,2026-08-08T19:10:00.000-04:00
John Rave,KC,OF,Hits+Runs+RBIs,2.5,demon,pre_game,2026-08-08T19:10:00.000-04:00
Salvador Perez,KC,DH,Total Bases,2.5,demon,pre_game,2026-08-08T19:10:00.000-04:00
Isaac Collins,KC,OF,Total Bases,2.5,demon,pre_game,2026-08-08T19:10:00.000-04:00
Clay Holmes,CHC,P,Pitcher Strikeouts,2.5,goblin,pre_game,2026-08-08T19:10:00.000-04:00
Kyle Isbel,KC,OF,Total Bases,2.5,demon,pre_game,2026-08-08T19:10:00.000-04:00
Michael Busch,CHC,IF,Hits+Runs+RBIs,2.5,demon,pre_game,2026-08-08T19:10:00.000-04:00
Michael Massey,KC,IF,Total Bases,2.5,demon,pre_game,2026-08-08T19:10:00.000-04:00
Seiya Suzuki,CHC,OF,Total Bases,2.5,demon,pre_game,2026-08-08T19:10:00.000-04:00
Jac Caglianone,KC,OF,Hits+Runs+RBIs,2.5,demon,pre_game,2026-08-08T19:10:00.000-04:00
Nico Hoerner,CHC,IF,Total Bases,2.5,demon,pre_game,2026-08-08T19:10:00.000-04:00
Seiya Suzuki,CHC,OF,Hits+Runs+RBIs,2.5,demon,pre_game,2026-08-08T19:10:00.000-04:00
Kyle Isbel,KC,OF,Hits+Runs+RBIs,2.5,demon,pre_game,2026-08-08T19:10:00.000-04:00
Bobby Witt Jr.,KC,IF,Hits+Runs+RBIs,2.5,demon,pre_game,2026-08-08T19:10:00.000-04:00
Ian Happ,CHC,OF,Hits+Runs+RBIs,2.5,demon,pre_game,2026-08-08T19:10:00.000-04:00
Alex Bregman,CHC,IF,Total Bases,2.5,demon,pre_game,2026-08-08T19:10:00.000-04:00
Dansby Swanson,CHC,IF,Hits+Runs+RBIs,2.5,demon,pre_game,2026-08-08T19:10:00.000-04:00
Isaac Collins,KC,OF,Hits,2.5,demon,pre_game,2026-08-08T19:10:00.000-04:00
Michael Conforto,CHC,DH,RBIs,2.5,demon,pre_game,2026-08-08T19:10:00.000-04:00
Pedro Ramirez,CHC,IF,RBIs,2.5,demon,pre_game,2026-08-08T19:10:00.000-04:00
Miguel Amaya,CHC,C,Total Bases,2.5,demon,pre_game,2026-08-08T19:10:00.000-04:00
Pete Crow-Armstrong,CHC,OF,Runs,2.5,demon,pre_game,2026-08-08T19:10:00.000-04:00
Miguel Amaya,CHC,C,Hits+Runs+RBIs,2.5,demon,pre_game,2026-08-08T19:10:00.000-04:00
Jac Caglianone,KC,OF,Hitter Strikeouts,2.5,demon,pre_game,2026-08-08T19:10:00.000-04:00
Clay Holmes,CHC,P,Earned Runs Allowed,2.5,demon,pre_game,2026-08-08T19:10:00.000-04:00
Alex Bregman,CHC,IF,Hits+Runs+RBIs,1.5,goblin,pre_game,2026-08-08T19:10:00.000-04:00
Carter Jensen,KC,C,Total Bases,1.5,demon,pre_game,2026-08-08T19:10:00.000-04:00
John Rave,KC,OF,Hits+Runs+RBIs,1.5,demon,pre_game,2026-08-08T19:10:00.000-04:00
Miguel Amaya,CHC,C,Runs,1.5,demon,pre_game,2026-08-08T19:10:00.000-04:00
Isaac Collins,KC,OF,Runs,1.5,demon,pre_game,2026-08-08T19:10:00.000-04:00
Carter Jensen,KC,C,Hits+Runs+RBIs,1.5,standard,pre_game,2026-08-08T19:10:00.000-04:00
Nico Hoerner,CHC,IF,Hits,1.5,demon,pre_game,2026-08-08T19:10:00.000-04:00
Pedro Ramirez,CHC,IF,Hitter Strikeouts,1.5,demon,pre_game,2026-08-08T19:10:00.000-04:00
Miguel Amaya,CHC,C,Hits,1.5,demon,pre_game,2026-08-08T19:10:00.000-04:00
Clay Holmes,CHC,P,Earned Runs Allowed,1.5,goblin,pre_game,2026-08-08T19:10:00.000-04:00
Bobby Witt Jr.,KC,IF,Singles,1.5,demon,pre_game,2026-08-08T19:10:00.000-04:00
Alex Bregman,CHC,IF,Hitter Strikeouts,1.5,demon,pre_game,2026-08-08T19:10:00.000-04:00
Alex Bregman,CHC,IF,Singles,1.5,demon,pre_game,2026-08-08T19:10:00.000-04:00
Isaac Collins,KC,OF,Hitter Strikeouts,1.5,demon,pre_game,2026-08-08T19:10:00.000-04:00
Ian Happ,CHC,OF,Total Bases,1.5,demon,pre_game,2026-08-08T19:10:00.000-04:00
Michael Busch,CHC,IF,Hitter Strikeouts,1.5,demon,pre_game,2026-08-08T19:10:00.000-04:00
Dansby Swanson,CHC,IF,Hits,1.5,demon,pre_game,2026-08-08T19:10:00.000-04:00
Jac Caglianone,KC,OF,Total Bases,1.5,demon,pre_game,2026-08-08T19:10:00.000-04:00
Seiya Suzuki,CHC,OF,Runs,1.5,demon,pre_game,2026-08-08T19:10:00.000-04:00
Jac Caglianone,KC,OF,Hits,1.5,demon,pre_game,2026-08-08T19:10:00.000-04:00
Michael Massey,KC,IF,Singles,1.5,demon,pre_game,2026-08-08T19:10:00.000-04:00
Miguel Amaya,CHC,C,Hitter Strikeouts,1.5,demon,pre_game,2026-08-08T19:10:00.000-04:00
Seiya Suzuki,CHC,OF,Hits+Runs+RBIs,1.5,goblin,pre_game,2026-08-08T19:10:00.000-04:00
Pedro Ramirez,CHC,IF,Hits+Runs+RBIs,1.5,goblin,pre_game,2026-08-08T19:10:00.000-04:00
Michael Busch,CHC,IF,Hits+Runs+RBIs,1.5,goblin,pre_game,2026-08-08T19:10:00.000-04:00
Nico Hoerner,CHC,IF,Hits+Runs+RBIs,1.5,goblin,pre_game,2026-08-08T19:10:00.000-04:00
Michael Massey,KC,IF,Total Bases,1.5,demon,pre_game,2026-08-08T19:10:00.000-04:00
Pete Crow-Armstrong,CHC,OF,Singles,1.5,demon,pre_game,2026-08-08T19:10:00.000-04:00
Kyle Isbel,KC,OF,Hitter Strikeouts,1.5,demon,pre_game,2026-08-08T19:10:00.000-04:00
Nick Loftin,KC,IF,Hits+Runs+RBIs,1.5,demon,pre_game,2026-08-08T19:10:00.000-04:00
Michael Busch,CHC,IF,Runs,1.5,demon,pre_game,2026-08-08T19:10:00.000-04:00
Bobby Witt Jr.,KC,IF,Total Bases,1.5,standard,pre_game,2026-08-08T19:10:00.000-04:00
Isaac Collins,KC,OF,Hits+Runs+RBIs,1.5,demon,pre_game,2026-08-08T19:10:00.000-04:00
Pedro Ramirez,CHC,IF,Singles,1.5,demon,pre_game,2026-08-08T19:10:00.000-04:00
Pete Crow-Armstrong,CHC,OF,Hits,1.5,demon,pre_game,2026-08-08T19:10:00.000-04:00
Pedro Ramirez,CHC,IF,Total Bases,1.5,demon,pre_game,2026-08-08T19:10:00.000-04:00
Salvador Perez,KC,DH,Hitter Strikeouts,1.5,demon,pre_game,2026-08-08T19:10:00.000-04:00
Salvador Perez,KC,DH,Total Bases,1.5,demon,pre_game,2026-08-08T19:10:00.000-04:00
Seiya Suzuki,CHC,OF,Hits,1.5,demon,pre_game,2026-08-08T19:10:00.000-04:00
Pedro Ramirez,CHC,IF,Hits,1.5,demon,pre_game,2026-08-08T19:10:00.000-04:00
Ian Happ,CHC,OF,Runs,1.5,demon,pre_game,2026-08-08T19:10:00.000-04:00
Salvador Perez,KC,DH,Hits+Runs+RBIs,1.5,standard,pre_game,2026-08-08T19:10:00.000-04:00
Miguel Amaya,CHC,C,Hits+Runs+RBIs,1.5,demon,pre_game,2026-08-08T19:10:00.000-04:00
Kyle Isbel,KC,OF,Runs,1.5,demon,pre_game,2026-08-08T19:10:00.000-04:00
Isaac Collins,KC,OF,RBIs,1.5,demon,pre_game,2026-08-08T19:10:00.000-04:00
Carter Jensen,KC,C,RBIs,1.5,demon,pre_game,2026-08-08T19:10:00.000-04:00
Jac Caglianone,KC,OF,Hitter Strikeouts,1.5,demon,pre_game,2026-08-08T19:10:00.000-04:00
Nick Loftin,KC,IF,Singles,1.5,demon,pre_game,2026-08-08T19:10:00.000-04:00
Ian Happ,CHC,OF,Hits,1.5,demon,pre_game,2026-08-08T19:10:00.000-04:00
Salvador Perez,KC,DH,Singles,1.5,demon,pre_game,2026-08-08T19:10:00.000-04:00
Dansby Swanson,CHC,IF,Singles,1.5,demon,pre_game,2026-08-08T19:10:00.000-04:00
Ian Happ,CHC,OF,Hitter Strikeouts,1.5,demon,pre_game,2026-08-08T19:10:00.000-04:00
Pete Crow-Armstrong,CHC,OF,Runs,1.5,demon,pre_game,2026-08-08T19:10:00.000-04:00
Jac Caglianone,KC,OF,Runs,1.5,demon,pre_game,2026-08-08T19:10:00.000-04:00
Dansby Swanson,CHC,IF,Total Bases,1.5,demon,pre_game,2026-08-08T19:10:00.000-04:00
Pete Crow-Armstrong,CHC,OF,Total Bases,1.5,goblin,pre_game,2026-08-08T19:10:00.000-04:00
Michael Busch,CHC,IF,Hits,1.5,demon,pre_game,2026-08-08T19:10:00.000-04:00
Nick Loftin,KC,IF,RBIs,1.5,demon,pre_game,2026-08-08T19:10:00.000-04:00
Carter Jensen,KC,C,Hits,1.5,demon,pre_game,2026-08-08T19:10:00.000-04:00
Isaac Collins,KC,OF,Hits,1.5,demon,pre_game,2026-08-08T19:10:00.000-04:00
Nico Hoerner,CHC,IF,Runs,1.5,demon,pre_game,2026-08-08T19:10:00.000-04:00
John Rave,KC,OF,RBIs,1.5,demon,pre_game,2026-08-08T19:10:00.000-04:00
Dansby Swanson,CHC,IF,Hitter Strikeouts,1.5,demon,pre_game,2026-08-08T19:10:00.000-04:00
Salvador Perez,KC,DH,Hits,1.5,demon,pre_game,2026-08-08T19:10:00.000-04:00
Michael Massey,KC,IF,Runs,1.5,demon,pre_game,2026-08-08T19:10:00.000-04:00
Nico Hoerner,CHC,IF,Total Bases,1.5,demon,pre_game,2026-08-08T19:10:00.000-04:00
Michael Busch,CHC,IF,Total Bases,1.5,demon,pre_game,2026-08-08T19:10:00.000-04:00
Bobby Witt Jr.,KC,IF,Hits,1.5,demon,pre_game,2026-08-08T19:10:00.000-04:00
Kyle Isbel,KC,OF,RBIs,1.5,demon,pre_game,2026-08-08T19:10:00.000-04:00
Bobby Witt Jr.,KC,IF,Runs,1.5,demon,pre_game,2026-08-08T19:10:00.000-04:00
Michael Busch,CHC,IF,Singles,1.5,demon,pre_game,2026-08-08T19:10:00.000-04:00
Dansby Swanson,CHC,IF,Runs,1.5,demon,pre_game,2026-08-08T19:10:00.000-04:00
Seth Lugo,KC,P,Walks Allowed,1.5,goblin,pre_game,2026-08-08T19:10:00.000-04:00
Kyle Isbel,KC,OF,Hits+Runs+RBIs,1.5,demon,pre_game,2026-08-08T19:10:00.000-04:00
Jac Caglianone,KC,OF,Hits+Runs+RBIs,1.5,standard,pre_game,2026-08-08T19:10:00.000-04:00
Nick Loftin,KC,IF,Hitter Strikeouts,1.5,demon,pre_game,2026-08-08T19:10:00.000-04:00
Pedro Ramirez,CHC,IF,Runs,1.5,demon,pre_game,2026-08-08T19:10:00.000-04:00
Bobby Witt Jr.,KC,IF,Hits+Runs+RBIs,1.5,goblin,pre_game,2026-08-08T19:10:00.000-04:00
Nick Loftin,KC,IF,Hits,1.5,demon,pre_game,2026-08-08T19:10:00.000-04:00
Kyle Isbel,KC,OF,Hits,1.5,demon,pre_game,2026-08-08T19:10:00.000-04:00
Jac Caglianone,KC,OF,Singles,1.5,demon,pre_game,2026-08-08T19:10:00.000-04:00
Salvador Perez,KC,DH,Runs,1.5,demon,pre_game,2026-08-08T19:10:00.000-04:00
Carter Jensen,KC,C,Runs,1.5,demon,pre_game,2026-08-08T19:10:00.000-04:00
Seiya Suzuki,CHC,OF,Singles,1.5,demon,pre_game,2026-08-08T19:10:00.000-04:00
Nick Loftin,KC,IF,Runs,1.5,demon,pre_game,2026-08-08T19:10:00.000-04:00
Pete Crow-Armstrong,CHC,OF,Hitter Strikeouts,1.5,demon,pre_game,2026-08-08T19:10:00.000-04:00
Alex Bregman,CHC,IF,Runs,1.5,demon,pre_game,2026-08-08T19:10:00.000-04:00
Miguel Amaya,CHC,C,RBIs,1.5,demon,pre_game,2026-08-08T19:10:00.000-04:00
John Rave,KC,OF,Hitter Strikeouts,1.5,demon,pre_game,2026-08-08T19:10:00.000-04:00
Clay Holmes,CHC,P,Walks Allowed,1.5,demon,pre_game,2026-08-08T19:10:00.000-04:00
Nico Hoerner,CHC,IF,Singles,1.5,demon,pre_game,2026-08-08T19:10:00.000-04:00
John Rave,KC,OF,Hits,1.5,demon,pre_game,2026-08-08T19:10:00.000-04:00
Alex Bregman,CHC,IF,Total Bases,1.5,demon,pre_game,2026-08-08T19:10:00.000-04:00
Nico Hoerner,CHC,IF,Hitter Strikeouts,1.5,demon,pre_game,2026-08-08T19:10:00.000-04:00
Michael Massey,KC,IF,Hits,1.5,demon,pre_game,2026-08-08T19:10:00.000-04:00
Michael Massey,KC,IF,RBIs,1.5,demon,pre_game,2026-08-08T19:10:00.000-04:00
Bobby Witt Jr.,KC,IF,Hitter Strikeouts,1.5,demon,pre_game,2026-08-08T19:10:00.000-04:00
Alex Bregman,CHC,IF,Hits,1.5,demon,pre_game,2026-08-08T19:10:00.000-04:00
Michael Massey,KC,IF,Hitter Strikeouts,1.5,demon,pre_game,2026-08-08T19:10:00.000-04:00
Ian Happ,CHC,OF,Hits+Runs+RBIs,1.5,standard,pre_game,2026-08-08T19:10:00.000-04:00
Dansby Swanson,CHC,IF,Hits+Runs+RBIs,1.5,standard,pre_game,2026-08-08T19:10:00.000-04:00
Michael Conforto,CHC,DH,Hits,1.5,demon,pre_game,2026-08-08T19:10:00.000-04:00
Nick Loftin,KC,IF,Total Bases,1.5,demon,pre_game,2026-08-08T19:10:00.000-04:00
Michael Conforto,CHC,DH,Total Bases,1.5,demon,pre_game,2026-08-08T19:10:00.000-04:00
Isaac Collins,KC,OF,Total Bases,1.5,demon,pre_game,2026-08-08T19:10:00.000-04:00
Carson Kelly,CHC,C,Hits,1.5,demon,pre_game,2026-08-08T19:10:00.000-04:00
Pete Crow-Armstrong,CHC,OF,Hits+Runs+RBIs,1.5,goblin,pre_game,2026-08-08T19:10:00.000-04:00
John Rave,KC,OF,Total Bases,1.5,demon,pre_game,2026-08-08T19:10:00.000-04:00
Carson Kelly,CHC,C,Total Bases,1.5,demon,pre_game,2026-08-08T19:10:00.000-04:00
Kyle Isbel,KC,OF,Total Bases,1.5,demon,pre_game,2026-08-08T19:10:00.000-04:00
Seiya Suzuki,CHC,OF,Total Bases,1.5,standard,pre_game,2026-08-08T19:10:00.000-04:00
Michael Conforto,CHC,DH,Runs,1.5,demon,pre_game,2026-08-08T19:10:00.000-04:00
Miguel Amaya,CHC,C,Total Bases,1.5,demon,pre_game,2026-08-08T19:10:00.000-04:00
Michael Conforto,CHC,DH,Hits+Runs+RBIs,1.5,standard,pre_game,2026-08-08T19:10:00.000-04:00
Seiya Suzuki,CHC,OF,Hitter Strikeouts,1.5,demon,pre_game,2026-08-08T19:10:00.000-04:00
Michael Massey,KC,IF,Hits+Runs+RBIs,1.5,demon,pre_game,2026-08-08T19:10:00.000-04:00
Michael Conforto,CHC,DH,Hitter Strikeouts,1.5,demon,pre_game,2026-08-08T19:10:00.000-04:00
Seth Lugo,KC,P,Earned Runs Allowed,1.5,goblin,pre_game,2026-08-08T19:10:00.000-04:00
Carter Jensen,KC,C,Hitter Strikeouts,1.5,demon,pre_game,2026-08-08T19:10:00.000-04:00
Dansby Swanson,CHC,IF,Doubles,1.5,demon,pre_game,2026-08-08T19:10:00.000-04:00
Nick Loftin,KC,IF,Walks,0.5,demon,pre_game,2026-08-08T19:10:00.000-04:00
Pedro Ramirez,CHC,IF,Doubles,0.5,demon,pre_game,2026-08-08T19:10:00.000-04:00
Ian Happ,CHC,OF,Hits+Runs+RBIs,0.5,goblin,pre_game,2026-08-08T19:10:00.000-04:00
Carter Jensen,KC,C,Hits+Runs+RBIs,0.5,goblin,pre_game,2026-08-08T19:10:00.000-04:00
Nick Loftin,KC,IF,Doubles,0.5,demon,pre_game,2026-08-08T19:10:00.000-04:00
Pete Crow-Armstrong,CHC,OF,Doubles,0.5,demon,pre_game,2026-08-08T19:10:00.000-04:00
Jac Caglianone,KC,OF,Total Bases,0.5,goblin,pre_game,2026-08-08T19:10:00.000-04:00
Alex Bregman,CHC,IF,Doubles,0.5,demon,pre_game,2026-08-08T19:10:00.000-04:00
Nico Hoerner,CHC,IF,Doubles,0.5,demon,pre_game,2026-08-08T19:10:00.000-04:00
Miguel Amaya,CHC,C,Total Bases,0.5,goblin,pre_game,2026-08-08T19:10:00.000-04:00
Isaac Collins,KC,OF,Walks,0.5,demon,pre_game,2026-08-08T19:10:00.000-04:00
Nico Hoerner,CHC,IF,Hits+Runs+RBIs,0.5,goblin,pre_game,2026-08-08T19:10:00.000-04:00
Seiya Suzuki,CHC,OF,Doubles,0.5,demon,pre_game,2026-08-08T19:10:00.000-04:00
Jac Caglianone,KC,OF,Hits,0.5,goblin,pre_game,2026-08-08T19:10:00.000-04:00
Pete Crow-Armstrong,CHC,OF,Triples,0.5,demon,pre_game,2026-08-08T19:10:00.000-04:00
Nico Hoerner,CHC,IF,Walks,0.5,demon,pre_game,2026-08-08T19:10:00.000-04:00
Miguel Amaya,CHC,C,Doubles,0.5,demon,pre_game,2026-08-08T19:10:00.000-04:00
Carter Jensen,KC,C,Total Bases,0.5,goblin,pre_game,2026-08-08T19:10:00.000-04:00
Clay Holmes,CHC,P,Earned Runs Allowed,0.5,goblin,pre_game,2026-08-08T19:10:00.000-04:00
John Rave,KC,OF,Home Runs,0.5,demon,pre_game,2026-08-08T19:10:00.000-04:00
Miguel Amaya,CHC,C,Runs,0.5,demon,pre_game,2026-08-08T19:10:00.000-04:00
Nico Hoerner,CHC,IF,Hits,0.5,goblin,pre_game,2026-08-08T19:10:00.000-04:00
John Rave,KC,OF,Walks,0.5,demon,pre_game,2026-08-08T19:10:00.000-04:00
Dansby Swanson,CHC,IF,Doubles,0.5,demon,pre_game,2026-08-08T19:10:00.000-04:00
Bobby Witt Jr.,KC,IF,Doubles,0.5,demon,pre_game,2026-08-08T19:10:00.000-04:00
Isaac Collins,KC,OF,Doubles,0.5,demon,pre_game,2026-08-08T19:10:00.000-04:00
Pedro Ramirez,CHC,IF,Hits+Runs+RBIs,0.5,goblin,pre_game,2026-08-08T19:10:00.000-04:00
Miguel Amaya,CHC,C,Hits,0.5,goblin,pre_game,2026-08-08T19:10:00.000-04:00
Salvador Perez,KC,DH,Doubles,0.5,demon,pre_game,2026-08-08T19:10:00.000-04:00
Ian Happ,CHC,OF,Doubles,0.5,demon,pre_game,2026-08-08T19:10:00.000-04:00
John Rave,KC,OF,Hits+Runs+RBIs,0.5,goblin,pre_game,2026-08-08T19:10:00.000-04:00
Seiya Suzuki,CHC,OF,Walks,0.5,demon,pre_game,2026-08-08T19:10:00.000-04:00
Carter Jensen,KC,C,Hitter Strikeouts,0.5,goblin,pre_game,2026-08-08T19:10:00.000-04:00
Ian Happ,CHC,OF,Stolen Bases,0.5,demon,pre_game,2026-08-08T19:10:00.000-04:00
Dansby Swanson,CHC,IF,Walks,0.5,demon,pre_game,2026-08-08T19:10:00.000-04:00
Pedro Ramirez,CHC,IF,Walks,0.5,demon,pre_game,2026-08-08T19:10:00.000-04:00
Dansby Swanson,CHC,IF,Hits+Runs+RBIs,0.5,goblin,pre_game,2026-08-08T19:10:00.000-04:00
Bobby Witt Jr.,KC,IF,Stolen Bases,0.5,demon,pre_game,2026-08-08T19:10:00.000-04:00
Carter Jensen,KC,C,Home Runs,0.5,demon,pre_game,2026-08-08T19:10:00.000-04:00
Ian Happ,CHC,OF,Total Bases,0.5,goblin,pre_game,2026-08-08T19:10:00.000-04:00
Miguel Amaya,CHC,C,Hits+Runs+RBIs,0.5,goblin,pre_game,2026-08-08T19:10:00.000-04:00
Pete Crow-Armstrong,CHC,OF,Runs,0.5,goblin,pre_game,2026-08-08T19:10:00.000-04:00
Kyle Isbel,KC,OF,Runs,0.5,demon,pre_game,2026-08-08T19:10:00.000-04:00
Jac Caglianone,KC,OF,Home Runs,0.5,demon,pre_game,2026-08-08T19:10:00.000-04:00
Michael Busch,CHC,IF,Walks,0.5,demon,pre_game,2026-08-08T19:10:00.000-04:00
Pete Crow-Armstrong,CHC,OF,Hits+Runs+RBIs,0.5,goblin,pre_game,2026-08-08T19:10:00.000-04:00
Michael Massey,KC,IF,Hits+Runs+RBIs,0.5,goblin,pre_game,2026-08-08T19:10:00.000-04:00
Dansby Swanson,CHC,IF,Singles,0.5,standard,pre_game,2026-08-08T19:10:00.000-04:00
Pedro Ramirez,CHC,IF,RBIs,0.5,demon,pre_game,2026-08-08T19:10:00.000-04:00
Isaac Collins,KC,OF,Runs,0.5,demon,pre_game,2026-08-08T19:10:00.000-04:00
Michael Massey,KC,IF,Total Bases,0.5,goblin,pre_game,2026-08-08T19:10:00.000-04:00
Michael Busch,CHC,IF,Hits+Runs+RBIs,0.5,goblin,pre_game,2026-08-08T19:10:00.000-04:00
Salvador Perez,KC,DH,Hits+Runs+RBIs,0.5,goblin,pre_game,2026-08-08T19:10:00.000-04:00
Ian Happ,CHC,OF,Home Runs,0.5,demon,pre_game,2026-08-08T19:10:00.000-04:00
Pete Crow-Armstrong,CHC,OF,Singles,0.5,standard,pre_game,2026-08-08T19:10:00.000-04:00
Salvador Perez,KC,DH,Total Bases,0.5,goblin,pre_game,2026-08-08T19:10:00.000-04:00
John Rave,KC,OF,Doubles,0.5,demon,pre_game,2026-08-08T19:10:00.000-04:00
Nick Loftin,KC,IF,Home Runs,0.5,demon,pre_game,2026-08-08T19:10:00.000-04:00
Nick Loftin,KC,IF,Total Bases,0.5,goblin,pre_game,2026-08-08T19:10:00.000-04:00
Bobby Witt Jr.,KC,IF,Walks,0.5,demon,pre_game,2026-08-08T19:10:00.000-04:00
Isaac Collins,KC,OF,Hits+Runs+RBIs,0.5,goblin,pre_game,2026-08-08T19:10:00.000-04:00
Bobby Witt Jr.,KC,IF,Total Bases,0.5,goblin,pre_game,2026-08-08T19:10:00.000-04:00
Jac Caglianone,KC,OF,Stolen Bases,0.5,demon,pre_game,2026-08-08T19:10:00.000-04:00
Pedro Ramirez,CHC,IF,Singles,0.5,goblin,pre_game,2026-08-08T19:10:00.000-04:00
Nico Hoerner,CHC,IF,Runs,0.5,demon,pre_game,2026-08-08T19:10:00.000-04:00
Isaac Collins,KC,OF,Home Runs,0.5,demon,pre_game,2026-08-08T19:10:00.000-04:00
Dansby Swanson,CHC,IF,Total Bases,0.5,goblin,pre_game,2026-08-08T19:10:00.000-04:00
Carter Jensen,KC,C,Singles,0.5,demon,pre_game,2026-08-08T19:10:00.000-04:00
Alex Bregman,CHC,IF,Stolen Bases,0.5,demon,pre_game,2026-08-08T19:10:00.000-04:00
Alex Bregman,CHC,IF,Singles,0.5,goblin,pre_game,2026-08-08T19:10:00.000-04:00
Pedro Ramirez,CHC,IF,Total Bases,0.5,goblin,pre_game,2026-08-08T19:10:00.000-04:00
Bobby Witt Jr.,KC,IF,Triples,0.5,demon,pre_game,2026-08-08T19:10:00.000-04:00
Kyle Isbel,KC,OF,Singles,0.5,demon,pre_game,2026-08-08T19:10:00.000-04:00
Alex Bregman,CHC,IF,Home Runs,0.5,demon,pre_game,2026-08-08T19:10:00.000-04:00
Jac Caglianone,KC,OF,Doubles,0.5,demon,pre_game,2026-08-08T19:10:00.000-04:00
Miguel Amaya,CHC,C,Walks,0.5,demon,pre_game,2026-08-08T19:10:00.000-04:00
Kyle Isbel,KC,OF,Doubles,0.5,demon,pre_game,2026-08-08T19:10:00.000-04:00
Isaac Collins,KC,OF,Total Bases,0.5,goblin,pre_game,2026-08-08T19:10:00.000-04:00
Kyle Isbel,KC,OF,Walks,0.5,demon,pre_game,2026-08-08T19:10:00.000-04:00
Nick Loftin,KC,IF,Hits+Runs+RBIs,0.5,goblin,pre_game,2026-08-08T19:10:00.000-04:00
Pete Crow-Armstrong,CHC,OF,Hits,0.5,goblin,pre_game,2026-08-08T19:10:00.000-04:00
Dansby Swanson,CHC,IF,Home Runs,0.5,demon,pre_game,2026-08-08T19:10:00.000-04:00
Ian Happ,CHC,OF,Runs,0.5,standard,pre_game,2026-08-08T19:10:00.000-04:00
Nico Hoerner,CHC,IF,Stolen Bases,0.5,demon,pre_game,2026-08-08T19:10:00.000-04:00
Miguel Amaya,CHC,C,Singles,0.5,demon,pre_game,2026-08-08T19:10:00.000-04:00
Michael Massey,KC,IF,Stolen Bases,0.5,demon,pre_game,2026-08-08T19:10:00.000-04:00
Michael Busch,CHC,IF,Doubles,0.5,demon,pre_game,2026-08-08T19:10:00.000-04:00
Bobby Witt Jr.,KC,IF,RBIs,0.5,demon,pre_game,2026-08-08T19:10:00.000-04:00
Pedro Ramirez,CHC,IF,Stolen Bases,0.5,demon,pre_game,2026-08-08T19:10:00.000-04:00
Kyle Isbel,KC,OF,Total Bases,0.5,goblin,pre_game,2026-08-08T19:10:00.000-04:00
John Rave,KC,OF,Singles,0.5,demon,pre_game,2026-08-08T19:10:00.000-04:00
Isaac Collins,KC,OF,RBIs,0.5,demon,pre_game,2026-08-08T19:10:00.000-04:00
Seiya Suzuki,CHC,OF,Runs,0.5,standard,pre_game,2026-08-08T19:10:00.000-04:00
Salvador Perez,KC,DH,RBIs,0.5,demon,pre_game,2026-08-08T19:10:00.000-04:00
Nick Loftin,KC,IF,Singles,0.5,standard,pre_game,2026-08-08T19:10:00.000-04:00
Ian Happ,CHC,OF,Hits,0.5,goblin,pre_game,2026-08-08T19:10:00.000-04:00
Carter Jensen,KC,C,RBIs,0.5,demon,pre_game,2026-08-08T19:10:00.000-04:00
Salvador Perez,KC,DH,Singles,0.5,standard,pre_game,2026-08-08T19:10:00.000-04:00
Dansby Swanson,CHC,IF,Hits,0.5,goblin,pre_game,2026-08-08T19:10:00.000-04:00
Alex Bregman,CHC,IF,Walks,0.5,demon,pre_game,2026-08-08T19:10:00.000-04:00
Kyle Isbel,KC,OF,Home Runs,0.5,demon,pre_game,2026-08-08T19:10:00.000-04:00
Jac Caglianone,KC,OF,Runs,0.5,demon,pre_game,2026-08-08T19:10:00.000-04:00
Pete Crow-Armstrong,CHC,OF,Walks,0.5,demon,pre_game,2026-08-08T19:10:00.000-04:00
Pete Crow-Armstrong,CHC,OF,Total Bases,0.5,goblin,pre_game,2026-08-08T19:10:00.000-04:00
Alex Bregman,CHC,IF,Hits+Runs+RBIs,0.5,goblin,pre_game,2026-08-08T19:10:00.000-04:00
Seiya Suzuki,CHC,OF,Hits,0.5,goblin,pre_game,2026-08-08T19:10:00.000-04:00
Nick Loftin,KC,IF,Runs,0.5,demon,pre_game,2026-08-08T19:10:00.000-04:00
Pedro Ramirez,CHC,IF,Home Runs,0.5,demon,pre_game,2026-08-08T19:10:00.000-04:00
Jac Caglianone,KC,OF,Walks,0.5,demon,pre_game,2026-08-08T19:10:00.000-04:00
Michael Busch,CHC,IF,Hits,0.5,goblin,pre_game,2026-08-08T19:10:00.000-04:00
Seiya Suzuki,CHC,OF,Hitter Strikeouts,0.5,goblin,pre_game,2026-08-08T19:10:00.000-04:00
Nick Loftin,KC,IF,RBIs,0.5,demon,pre_game,2026-08-08T19:10:00.000-04:00
Isaac Collins,KC,OF,Hits,0.5,goblin,pre_game,2026-08-08T19:10:00.000-04:00
Carter Jensen,KC,C,Hits,0.5,goblin,pre_game,2026-08-08T19:10:00.000-04:00
Seiya Suzuki,CHC,OF,Stolen Bases,0.5,demon,pre_game,2026-08-08T19:10:00.000-04:00
Michael Massey,KC,IF,Singles,0.5,standard,pre_game,2026-08-08T19:10:00.000-04:00
Michael Massey,KC,IF,Doubles,0.5,demon,pre_game,2026-08-08T19:10:00.000-04:00
Nico Hoerner,CHC,IF,Home Runs,0.5,demon,pre_game,2026-08-08T19:10:00.000-04:00
Nico Hoerner,CHC,IF,RBIs,0.5,demon,pre_game,2026-08-08T19:10:00.000-04:00
Seiya Suzuki,CHC,OF,Total Bases,0.5,goblin,pre_game,2026-08-08T19:10:00.000-04:00
John Rave,KC,OF,RBIs,0.5,demon,pre_game,2026-08-08T19:10:00.000-04:00
Ian Happ,CHC,OF,RBIs,0.5,demon,pre_game,2026-08-08T19:10:00.000-04:00
Michael Busch,CHC,IF,Home Runs,0.5,demon,pre_game,2026-08-08T19:10:00.000-04:00
Salvador Perez,KC,DH,Hits,0.5,goblin,pre_game,2026-08-08T19:10:00.000-04:00
Bobby Witt Jr.,KC,IF,Home Runs,0.5,demon,pre_game,2026-08-08T19:10:00.000-04:00
Michael Massey,KC,IF,Runs,0.5,demon,pre_game,2026-08-08T19:10:00.000-04:00
Nico Hoerner,CHC,IF,Total Bases,0.5,goblin,pre_game,2026-08-08T19:10:00.000-04:00
Pete Crow-Armstrong,CHC,OF,RBIs,0.5,demon,pre_game,2026-08-08T19:10:00.000-04:00
Pedro Ramirez,CHC,IF,Triples,0.5,demon,pre_game,2026-08-08T19:10:00.000-04:00
Bobby Witt Jr.,KC,IF,Hits,0.5,goblin,pre_game,2026-08-08T19:10:00.000-04:00
Salvador Perez,KC,DH,Home Runs,0.5,demon,pre_game,2026-08-08T19:10:00.000-04:00
Michael Busch,CHC,IF,Total Bases,0.5,goblin,pre_game,2026-08-08T19:10:00.000-04:00
Isaac Collins,KC,OF,Stolen Bases,0.5,demon,pre_game,2026-08-08T19:10:00.000-04:00
Carter Jensen,KC,C,Doubles,0.5,demon,pre_game,2026-08-08T19:10:00.000-04:00
Kyle Isbel,KC,OF,RBIs,0.5,demon,pre_game,2026-08-08T19:10:00.000-04:00
Michael Busch,CHC,IF,RBIs,0.5,demon,pre_game,2026-08-08T19:10:00.000-04:00
Pete Crow-Armstrong,CHC,OF,Stolen Bases,0.5,demon,pre_game,2026-08-08T19:10:00.000-04:00
Pete Crow-Armstrong,CHC,OF,Home Runs,0.5,demon,pre_game,2026-08-08T19:10:00.000-04:00
Bobby Witt Jr.,KC,IF,Runs,0.5,demon,pre_game,2026-08-08T19:10:00.000-04:00
Dansby Swanson,CHC,IF,Runs,0.5,demon,pre_game,2026-08-08T19:10:00.000-04:00
Carter Jensen,KC,C,Walks,0.5,demon,pre_game,2026-08-08T19:10:00.000-04:00
Michael Busch,CHC,IF,Singles,0.5,standard,pre_game,2026-08-08T19:10:00.000-04:00
Miguel Amaya,CHC,C,Home Runs,0.5,demon,pre_game,2026-08-08T19:10:00.000-04:00
Isaac Collins,KC,OF,Singles,0.5,demon,pre_game,2026-08-08T19:10:00.000-04:00
Jac Caglianone,KC,OF,Hits+Runs+RBIs,0.5,goblin,pre_game,2026-08-08T19:10:00.000-04:00
Pedro Ramirez,CHC,IF,Runs,0.5,demon,pre_game,2026-08-08T19:10:00.000-04:00
Seiya Suzuki,CHC,OF,Hits+Runs+RBIs,0.5,goblin,pre_game,2026-08-08T19:10:00.000-04:00
Pedro Ramirez,CHC,IF,Hits,0.5,goblin,pre_game,2026-08-08T19:10:00.000-04:00
Nick Loftin,KC,IF,Stolen Bases,0.5,demon,pre_game,2026-08-08T19:10:00.000-04:00
Kyle Isbel,KC,OF,Hits+Runs+RBIs,0.5,goblin,pre_game,2026-08-08T19:10:00.000-04:00
Kyle Isbel,KC,OF,Hits,0.5,goblin,pre_game,2026-08-08T19:10:00.000-04:00
Dansby Swanson,CHC,IF,Stolen Bases,0.5,demon,pre_game,2026-08-08T19:10:00.000-04:00
Seiya Suzuki,CHC,OF,RBIs,0.5,demon,pre_game,2026-08-08T19:10:00.000-04:00
Nick Loftin,KC,IF,Hits,0.5,goblin,pre_game,2026-08-08T19:10:00.000-04:00
Jac Caglianone,KC,OF,Singles,0.5,standard,pre_game,2026-08-08T19:10:00.000-04:00
Michael Massey,KC,IF,Home Runs,0.5,demon,pre_game,2026-08-08T19:10:00.000-04:00
Salvador Perez,KC,DH,Runs,0.5,demon,pre_game,2026-08-08T19:10:00.000-04:00
Carter Jensen,KC,C,Runs,0.5,demon,pre_game,2026-08-08T19:10:00.000-04:00
Bobby Witt Jr.,KC,IF,Hits+Runs+RBIs,0.5,goblin,pre_game,2026-08-08T19:10:00.000-04:00
Seiya Suzuki,CHC,OF,Home Runs,0.5,demon,pre_game,2026-08-08T19:10:00.000-04:00
John Rave,KC,OF,Stolen Bases,0.5,demon,pre_game,2026-08-08T19:10:00.000-04:00
Seiya Suzuki,CHC,OF,Singles,0.5,standard,pre_game,2026-08-08T19:10:00.000-04:00
Ian Happ,CHC,OF,Singles,0.5,demon,pre_game,2026-08-08T19:10:00.000-04:00
Dansby Swanson,CHC,IF,RBIs,0.5,demon,pre_game,2026-08-08T19:10:00.000-04:00
Carter Jensen,KC,C,Stolen Bases,0.5,demon,pre_game,2026-08-08T19:10:00.000-04:00
Alex Bregman,CHC,IF,RBIs,0.5,demon,pre_game,2026-08-08T19:10:00.000-04:00
Jac Caglianone,KC,OF,RBIs,0.5,demon,pre_game,2026-08-08T19:10:00.000-04:00
Miguel Amaya,CHC,C,RBIs,0.5,demon,pre_game,2026-08-08T19:10:00.000-04:00
Clay Holmes,CHC,P,Walks Allowed,0.5,goblin,pre_game,2026-08-08T19:10:00.000-04:00
John Rave,KC,OF,Runs,0.5,demon,pre_game,2026-08-08T19:10:00.000-04:00
Nico Hoerner,CHC,IF,Singles,0.5,goblin,pre_game,2026-08-08T19:10:00.000-04:00
Alex Bregman,CHC,IF,Total Bases,0.5,goblin,pre_game,2026-08-08T19:10:00.000-04:00
Kyle Isbel,KC,OF,Stolen Bases,0.5,demon,pre_game,2026-08-08T19:10:00.000-04:00
Michael Massey,KC,IF,Hits,0.5,goblin,pre_game,2026-08-08T19:10:00.000-04:00
Michael Massey,KC,IF,RBIs,0.5,demon,pre_game,2026-08-08T19:10:00.000-04:00
Alex Bregman,CHC,IF,Hits,0.5,goblin,pre_game,2026-08-08T19:10:00.000-04:00
John Rave,KC,OF,Total Bases,0.5,standard,pre_game,2026-08-08T19:10:00.000-04:00
Michael Busch,CHC,IF,Runs,0.5,standard,pre_game,2026-08-08T19:10:00.000-04:00
John Rave,KC,OF,Hits,0.5,standard,pre_game,2026-08-08T19:10:00.000-04:00
Michael Conforto,CHC,DH,Singles,0.5,demon,pre_game,2026-08-08T19:10:00.000-04:00
Michael Conforto,CHC,DH,RBIs,0.5,demon,pre_game,2026-08-08T19:10:00.000-04:00
Michael Conforto,CHC,DH,Home Runs,0.5,demon,pre_game,2026-08-08T19:10:00.000-04:00
Michael Conforto,CHC,DH,Hits+Runs+RBIs,0.5,goblin,pre_game,2026-08-08T19:10:00.000-04:00
Michael Conforto,CHC,DH,Hits,0.5,goblin,pre_game,2026-08-08T19:10:00.000-04:00
Michael Conforto,CHC,DH,Runs,0.5,demon,pre_game,2026-08-08T19:10:00.000-04:00
Carson Kelly,CHC,C,Hits,0.5,goblin,pre_game,2026-08-08T19:10:00.000-04:00
Michael Conforto,CHC,DH,Doubles,0.5,demon,pre_game,2026-08-08T19:10:00.000-04:00
Carson Kelly,CHC,C,Total Bases,0.5,goblin,pre_game,2026-08-08T19:10:00.000-04:00
Michael Conforto,CHC,DH,Stolen Bases,0.5,demon,pre_game,2026-08-08T19:10:00.000-04:00
Michael Busch,CHC,IF,Stolen Bases,0.5,demon,pre_game,2026-08-08T19:10:00.000-04:00
Clay Holmes + Seth Lugo,CHC/KC,P,1st Inning Runs Allowed,0.5,standard,pre_game,2026-08-08T19:10:00.000-04:00
Clay Holmes + Seth Lugo,CHC/KC,P,1st Inning Walks Allowed,0.5,standard,pre_game,2026-08-08T19:10:00.000-04:00
Michael Conforto,CHC,DH,Total Bases,0.5,goblin,pre_game,2026-08-08T19:10:00.000-04:00
Ian Happ,CHC,OF,Hitter Strikeouts,0.5,goblin,pre_game,2026-08-08T19:10:00.000-04:00
Michael Busch,CHC,IF,Hitter Strikeouts,0.5,goblin,pre_game,2026-08-08T19:10:00.000-04:00
Michael Conforto,CHC,DH,Hitter Strikeouts,0.5,goblin,pre_game,2026-08-08T19:10:00.000-04:00
Michael Conforto,CHC,DH,Walks,0.5,demon,pre_game,2026-08-08T19:10:00.000-04:00
Nico Hoerner,CHC,IF,Hitter Strikeouts,0.5,demon,pre_game,2026-08-08T19:10:00.000-04:00
Pete Crow-Armstrong,CHC,OF,Hitter Strikeouts,0.5,goblin,pre_game,2026-08-08T19:10:00.000-04:00
Salvador Perez,KC,DH,Walks,0.5,demon,pre_game,2026-08-08T19:10:00.000-04:00
Michael Massey,KC,IF,Walks,0.5,demon,pre_game,2026-08-08T19:10:00.000-04:00
Bobby Witt Jr.,KC,IF,Singles,0.5,standard,pre_game,2026-08-08T19:10:00.000-04:00
Nick Loftin,KC,IF,Hitter Strikeouts,0.5,demon,pre_game,2026-08-08T19:10:00.000-04:00
John Rave,KC,OF,Hitter Strikeouts,0.5,goblin,pre_game,2026-08-08T19:10:00.000-04:00
Bobby Witt Jr.,KC,IF,Hitter Strikeouts,0.5,goblin,pre_game,2026-08-08T19:10:00.000-04:00
Salvador Perez,KC,DH,Hitter Strikeouts,0.5,goblin,pre_game,2026-08-08T19:10:00.000-04:00
Jac Caglianone,KC,OF,Hitter Strikeouts,0.5,goblin,pre_game,2026-08-08T19:10:00.000-04:00
Isaac Collins,KC,OF,Hitter Strikeouts,0.5,goblin,pre_game,2026-08-08T19:10:00.000-04:00
Dansby Swanson,CHC,IF,Hitter Strikeouts,0.5,goblin,pre_game,2026-08-08T19:10:00.000-04:00
Ian Happ,CHC,OF,Walks,0.5,demon,pre_game,2026-08-08T19:10:00.000-04:00
Alex Bregman,CHC,IF,Runs,0.5,demon,pre_game,2026-08-08T19:10:00.000-04:00
Taj Bradley,MIN,P,Pitching Outs,20.5,demon,pre_game,2026-08-08T19:10:00.000-04:00
Robert Gasser,MIL,P,Pitching Outs,20.5,demon,pre_game,2026-08-08T19:10:00.000-04:00
Taj Bradley,MIN,P,Pitching Outs,17.5,demon,pre_game,2026-08-08T19:10:00.000-04:00
Robert Gasser,MIL,P,Pitching Outs,17.5,demon,pre_game,2026-08-08T19:10:00.000-04:00
Taj Bradley,MIN,P,Pitching Outs,17.0,standard,pre_game,2026-08-08T19:10:00.000-04:00
Robert Gasser,MIL,P,Pitching Outs,16.5,standard,pre_game,2026-08-08T19:10:00.000-04:00
Robert Gasser,MIL,P,Pitching Outs,15.5,goblin,pre_game,2026-08-08T19:10:00.000-04:00
Taj Bradley,MIN,P,Pitching Outs,14.5,goblin,pre_game,2026-08-08T19:10:00.000-04:00
Robert Gasser,MIL,P,Pitching Outs,14.5,goblin,pre_game,2026-08-08T19:10:00.000-04:00
Taj Bradley + Robert Gasser,MIN/MIL,P,Pitcher Strikeouts (Combo),11.5,demon,pre_game,2026-08-08T19:10:00.000-04:00
Taj Bradley,MIN,P,Pitcher Strikeouts,9.5,demon,pre_game,2026-08-08T19:10:00.000-04:00
Robert Gasser,MIL,P,Hits Allowed,8.5,demon,pre_game,2026-08-08T19:10:00.000-04:00
Taj Bradley,MIN,P,Pitcher Strikeouts,8.5,demon,pre_game,2026-08-08T19:10:00.000-04:00
Taj Bradley,MIN,P,Hits Allowed,8.5,demon,pre_game,2026-08-08T19:10:00.000-04:00
Robert Gasser,MIL,P,Pitcher Strikeouts,8.5,demon,pre_game,2026-08-08T19:10:00.000-04:00
Taj Bradley,MIN,P,Pitcher Strikeouts,7.5,demon,pre_game,2026-08-08T19:10:00.000-04:00
Robert Gasser,MIL,P,Pitcher Strikeouts,7.5,demon,pre_game,2026-08-08T19:10:00.000-04:00
Royce Lewis,MIN,IF,Hits+Runs+RBIs,6.5,demon,pre_game,2026-08-08T19:10:00.000-04:00
Taj Bradley,MIN,P,Pitcher Strikeouts,6.5,demon,pre_game,2026-08-08T19:10:00.000-04:00
Taj Bradley,MIN,P,Earned Runs Allowed,6.5,demon,pre_game,2026-08-08T19:10:00.000-04:00
Taj Bradley,MIN,P,Hits Allowed,6.5,demon,pre_game,2026-08-08T19:10:00.000-04:00
Jackson Chourio,MIL,OF,Hits+Runs+RBIs,6.5,demon,pre_game,2026-08-08T19:10:00.000-04:00
Robert Gasser,MIL,P,Hits Allowed,6.5,demon,pre_game,2026-08-08T19:10:00.000-04:00
Robert Gasser,MIL,P,Pitcher Strikeouts,6.5,demon,pre_game,2026-08-08T19:10:00.000-04:00
Ryan Jeffers,MIN,C,Hits+Runs+RBIs,6.5,demon,pre_game,2026-08-08T19:10:00.000-04:00
Robert Gasser,MIL,P,Earned Runs Allowed,6.5,demon,pre_game,2026-08-08T19:10:00.000-04:00
Taj Bradley,MIN,P,Pitcher Strikeouts,6.0,standard,pre_game,2026-08-08T19:10:00.000-04:00
William Contreras,MIL,C,Hits+Runs+RBIs,5.5,demon,pre_game,2026-08-08T19:10:00.000-04:00
Garrett Mitchell,MIL,OF,Hits+Runs+RBIs,5.5,demon,pre_game,2026-08-08T19:10:00.000-04:00
Robert Gasser,MIL,P,Hits Allowed,5.5,demon,pre_game,2026-08-08T19:10:00.000-04:00
Cooper Pratt,MIL,IF,Hits+Runs+RBIs,5.5,demon,pre_game,2026-08-08T19:10:00.000-04:00
Robert Gasser,MIL,P,Pitcher Strikeouts,5.5,demon,pre_game,2026-08-08T19:10:00.000-04:00
Taj Bradley,MIN,P,Pitcher Strikeouts,5.5,goblin,pre_game,2026-08-08T19:10:00.000-04:00
Kody Clemens,MIN,IF,Total Bases,5.5,demon,pre_game,2026-08-08T19:10:00.000-04:00
Royce Lewis,MIN,IF,Total Bases,5.5,demon,pre_game,2026-08-08T19:10:00.000-04:00
Ryan Jeffers,MIN,C,Total Bases,5.5,demon,pre_game,2026-08-08T19:10:00.000-04:00
Brice Turang,MIL,IF,Total Bases,5.5,demon,pre_game,2026-08-08T19:10:00.000-04:00
Josh Bell,MIN,DH,Total Bases,5.5,demon,pre_game,2026-08-08T19:10:00.000-04:00
Jackson Chourio,MIL,OF,Total Bases,5.5,demon,pre_game,2026-08-08T19:10:00.000-04:00
William Contreras,MIL,C,Total Bases,5.5,demon,pre_game,2026-08-08T19:10:00.000-04:00
Jake Bauers,MIL,IF,Total Bases,5.5,demon,pre_game,2026-08-08T19:10:00.000-04:00
Christian Yelich,MIL,DH,Hits+Runs+RBIs,5.5,demon,pre_game,2026-08-08T19:10:00.000-04:00
Brooks Lee,MIN,IF,Hits+Runs+RBIs,5.5,demon,pre_game,2026-08-08T19:10:00.000-04:00
Kody Clemens,MIN,IF,Hits+Runs+RBIs,5.5,demon,pre_game,2026-08-08T19:10:00.000-04:00
Josh Bell,MIN,DH,Hits+Runs+RBIs,5.5,demon,pre_game,2026-08-08T19:10:00.000-04:00
Taj Bradley,MIN,P,Hits Allowed,5.5,demon,pre_game,2026-08-08T19:10:00.000-04:00
Brice Turang,MIL,IF,Hits+Runs+RBIs,5.5,demon,pre_game,2026-08-08T19:10:00.000-04:00
Jake Bauers,MIL,IF,Hits+Runs+RBIs,5.5,demon,pre_game,2026-08-08T19:10:00.000-04:00
Taj Bradley,MIN,P,Walks Allowed,5.5,demon,pre_game,2026-08-08T19:10:00.000-04:00
Taj Bradley,MIN,P,Hits Allowed,4.5,goblin,pre_game,2026-08-08T19:10:00.000-04:00
Taj Bradley,MIN,P,Pitcher Strikeouts,4.5,goblin,pre_game,2026-08-08T19:10:00.000-04:00
Robert Gasser,MIL,P,Pitcher Strikeouts,4.5,standard,pre_game,2026-08-08T19:10:00.000-04:00
Ryan Jeffers,MIN,C,Hits+Runs+RBIs,4.5,demon,pre_game,2026-08-08T19:10:00.000-04:00
Taj Bradley,MIN,P,Earned Runs Allowed,4.5,demon,pre_game,2026-08-08T19:10:00.000-04:00
Royce Lewis,MIN,IF,Hits+Runs+RBIs,4.5,demon,pre_game,2026-08-08T19:10:00.000-04:00
William Contreras,MIL,C,Hits+Runs+RBIs,4.5,demon,pre_game,2026-08-08T19:10:00.000-04:00
Cooper Pratt,MIL,IF,Total Bases,4.5,demon,pre_game,2026-08-08T19:10:00.000-04:00
Austin Martin,MIN,OF,Total Bases,4.5,demon,pre_game,2026-08-08T19:10:00.000-04:00
Garrett Mitchell,MIL,OF,Total Bases,4.5,demon,pre_game,2026-08-08T19:10:00.000-04:00
Victor Caratini,MIN,C,Total Bases,4.5,demon,pre_game,2026-08-08T19:10:00.000-04:00
Brooks Lee,MIN,IF,Total Bases,4.5,demon,pre_game,2026-08-08T19:10:00.000-04:00
Christian Yelich,MIL,DH,Total Bases,4.5,demon,pre_game,2026-08-08T19:10:00.000-04:00
Luke Keaschall,MIN,IF,Total Bases,4.5,demon,pre_game,2026-08-08T19:10:00.000-04:00
David Hamilton,MIL,IF,Hits+Runs+RBIs,4.5,demon,pre_game,2026-08-08T19:10:00.000-04:00
Luis Lara,MIL,OF,Hits+Runs+RBIs,4.5,demon,pre_game,2026-08-08T19:10:00.000-04:00
Brice Turang,MIL,IF,Hits+Runs+RBIs,4.5,demon,pre_game,2026-08-08T19:10:00.000-04:00
Austin Martin,MIN,OF,Hits+Runs+RBIs,4.5,demon,pre_game,2026-08-08T19:10:00.000-04:00
Luke Keaschall,MIN,IF,Hits+Runs+RBIs,4.5,demon,pre_game,2026-08-08T19:10:00.000-04:00
Victor Caratini,MIN,C,Hits+Runs+RBIs,4.5,demon,pre_game,2026-08-08T19:10:00.000-04:00
Jackson Chourio,MIL,OF,Hits+Runs+RBIs,4.5,demon,pre_game,2026-08-08T19:10:00.000-04:00
Robert Gasser,MIL,P,Hits Allowed,4.5,goblin,pre_game,2026-08-08T19:10:00.000-04:00
Ryan Kreidler,MIN,IF,Hits+Runs+RBIs,4.5,demon,pre_game,2026-08-08T19:10:00.000-04:00
Ryan Kreidler,MIN,IF,Total Bases,4.5,demon,pre_game,2026-08-08T19:10:00.000-04:00
Luis Lara,MIL,OF,Total Bases,4.5,demon,pre_game,2026-08-08T19:10:00.000-04:00
Josh Bell,MIN,DH,Hits+Runs+RBIs,3.5,demon,pre_game,2026-08-08T19:10:00.000-04:00
Austin Martin,MIN,OF,Hits+Runs+RBIs,3.5,demon,pre_game,2026-08-08T19:10:00.000-04:00
Royce Lewis,MIN,IF,Hits+Runs+RBIs,3.5,demon,pre_game,2026-08-08T19:10:00.000-04:00
Ryan Jeffers,MIN,C,Hits+Runs+RBIs,3.5,demon,pre_game,2026-08-08T19:10:00.000-04:00
Ryan Kreidler,MIN,IF,Total Bases,3.5,demon,pre_game,2026-08-08T19:10:00.000-04:00
Ryan Kreidler,MIN,IF,Hits+Runs+RBIs,3.5,demon,pre_game,2026-08-08T19:10:00.000-04:00
Luke Keaschall,MIN,IF,Hits+Runs+RBIs,3.5,demon,pre_game,2026-08-08T19:10:00.000-04:00
Austin Martin,MIN,OF,Total Bases,3.5,demon,pre_game,2026-08-08T19:10:00.000-04:00
Victor Caratini,MIN,C,Hits+Runs+RBIs,3.5,demon,pre_game,2026-08-08T19:10:00.000-04:00
Kody Clemens,MIN,IF,Total Bases,3.5,demon,pre_game,2026-08-08T19:10:00.000-04:00
Luke Keaschall,MIN,IF,Total Bases,3.5,demon,pre_game,2026-08-08T19:10:00.000-04:00
Kody Clemens,MIN,IF,Hits+Runs+RBIs,3.5,demon,pre_game,2026-08-08T19:10:00.000-04:00
Taj Bradley,MIN,P,Earned Runs Allowed,3.5,demon,pre_game,2026-08-08T19:10:00.000-04:00
Taj Bradley,MIN,P,Hits Allowed,3.5,goblin,pre_game,2026-08-08T19:10:00.000-04:00
Victor Caratini,MIN,C,Total Bases,3.5,demon,pre_game,2026-08-08T19:10:00.000-04:00
Royce Lewis,MIN,IF,Total Bases,3.5,demon,pre_game,2026-08-08T19:10:00.000-04:00
Ryan Jeffers,MIN,C,Total Bases,3.5,demon,pre_game,2026-08-08T19:10:00.000-04:00
Josh Bell,MIN,DH,Total Bases,3.5,demon,pre_game,2026-08-08T19:10:00.000-04:00
Luis Lara,MIL,OF,Total Bases,3.5,demon,pre_game,2026-08-08T19:10:00.000-04:00
Christian Yelich,MIL,DH,Total Bases,3.5,demon,pre_game,2026-08-08T19:10:00.000-04:00
Robert Gasser,MIL,P,Hits Allowed,3.5,goblin,pre_game,2026-08-08T19:10:00.000-04:00
Cooper Pratt,MIL,IF,Hits+Runs+RBIs,3.5,demon,pre_game,2026-08-08T19:10:00.000-04:00
Garrett Mitchell,MIL,OF,Hits+Runs+RBIs,3.5,demon,pre_game,2026-08-08T19:10:00.000-04:00
Garrett Mitchell,MIL,OF,Total Bases,3.5,demon,pre_game,2026-08-08T19:10:00.000-04:00
Luis Lara,MIL,OF,Hits+Runs+RBIs,3.5,demon,pre_game,2026-08-08T19:10:00.000-04:00
Jake Bauers,MIL,IF,Total Bases,3.5,demon,pre_game,2026-08-08T19:10:00.000-04:00
David Hamilton,MIL,IF,Hits+Runs+RBIs,3.5,demon,pre_game,2026-08-08T19:10:00.000-04:00
Jackson Chourio,MIL,OF,Total Bases,3.5,demon,pre_game,2026-08-08T19:10:00.000-04:00
William Contreras,MIL,C,Total Bases,3.5,demon,pre_game,2026-08-08T19:10:00.000-04:00
Brice Turang,MIL,IF,Total Bases,3.5,demon,pre_game,2026-08-08T19:10:00.000-04:00
Cooper Pratt,MIL,IF,Total Bases,3.5,demon,pre_game,2026-08-08T19:10:00.000-04:00
Robert Gasser,MIL,P,Earned Runs Allowed,3.5,demon,pre_game,2026-08-08T19:10:00.000-04:00
David Hamilton,MIL,IF,Total Bases,3.5,demon,pre_game,2026-08-08T19:10:00.000-04:00
William Contreras,MIL,C,Hits+Runs+RBIs,3.5,demon,pre_game,2026-08-08T19:10:00.000-04:00
Brice Turang,MIL,IF,Hits+Runs+RBIs,3.5,demon,pre_game,2026-08-08T19:10:00.000-04:00
Robert Gasser,MIL,P,Pitcher Strikeouts,3.5,goblin,pre_game,2026-08-08T19:10:00.000-04:00
Christian Yelich,MIL,DH,Hits+Runs+RBIs,3.5,demon,pre_game,2026-08-08T19:10:00.000-04:00
Jackson Chourio,MIL,OF,Hits+Runs+RBIs,3.5,demon,pre_game,2026-08-08T19:10:00.000-04:00
Jake Bauers,MIL,IF,Hits+Runs+RBIs,3.5,demon,pre_game,2026-08-08T19:10:00.000-04:00
Taj Bradley,MIN,P,Pitcher Strikeouts,3.5,goblin,pre_game,2026-08-08T19:10:00.000-04:00
Brooks Lee,MIN,IF,Total Bases,3.5,demon,pre_game,2026-08-08T19:10:00.000-04:00
Brooks Lee,MIN,IF,Hits+Runs+RBIs,3.5,demon,pre_game,2026-08-08T19:10:00.000-04:00
Taj Bradley,MIN,P,Walks Allowed,3.5,demon,pre_game,2026-08-08T19:10:00.000-04:00
Robert Gasser,MIL,P,Walks Allowed,3.5,demon,pre_game,2026-08-08T19:10:00.000-04:00
Royce Lewis,MIN,IF,Hitter Strikeouts,2.5,demon,pre_game,2026-08-08T19:10:00.000-04:00
Kody Clemens,MIN,IF,Hitter Strikeouts,2.5,demon,pre_game,2026-08-08T19:10:00.000-04:00
Kody Clemens,MIN,IF,RBIs,2.5,demon,pre_game,2026-08-08T19:10:00.000-04:00
Royce Lewis,MIN,IF,RBIs,2.5,demon,pre_game,2026-08-08T19:10:00.000-04:00
Taj Bradley,MIN,P,Walks Allowed,2.5,standard,pre_game,2026-08-08T19:10:00.000-04:00
Austin Martin,MIN,OF,Hits,2.5,demon,pre_game,2026-08-08T19:10:00.000-04:00
Royce Lewis,MIN,IF,Hits,2.5,demon,pre_game,2026-08-08T19:10:00.000-04:00
Josh Bell,MIN,DH,Hits,2.5,demon,pre_game,2026-08-08T19:10:00.000-04:00
Ryan Jeffers,MIN,C,Hits,2.5,demon,pre_game,2026-08-08T19:10:00.000-04:00
Luke Keaschall,MIN,IF,Hits,2.5,demon,pre_game,2026-08-08T19:10:00.000-04:00
Josh Bell,MIN,DH,RBIs,2.5,demon,pre_game,2026-08-08T19:10:00.000-04:00
Taj Bradley,MIN,P,Earned Runs Allowed,2.5,standard,pre_game,2026-08-08T19:10:00.000-04:00
Jackson Chourio,MIL,OF,Hitter Strikeouts,2.5,demon,pre_game,2026-08-08T19:10:00.000-04:00
William Contreras,MIL,C,Hits,2.5,demon,pre_game,2026-08-08T19:10:00.000-04:00
Christian Yelich,MIL,DH,Hitter Strikeouts,2.5,demon,pre_game,2026-08-08T19:10:00.000-04:00
Jackson Chourio,MIL,OF,Hits,2.5,demon,pre_game,2026-08-08T19:10:00.000-04:00
Garrett Mitchell,MIL,OF,Hitter Strikeouts,2.5,demon,pre_game,2026-08-08T19:10:00.000-04:00
Garrett Mitchell,MIL,OF,RBIs,2.5,demon,pre_game,2026-08-08T19:10:00.000-04:00
Brice Turang,MIL,IF,Hits,2.5,demon,pre_game,2026-08-08T19:10:00.000-04:00
Luis Lara,MIL,OF,Hitter Strikeouts,2.5,demon,pre_game,2026-08-08T19:10:00.000-04:00
Jake Bauers,MIL,IF,Hitter Strikeouts,2.5,demon,pre_game,2026-08-08T19:10:00.000-04:00
Jake Bauers,MIL,IF,RBIs,2.5,demon,pre_game,2026-08-08T19:10:00.000-04:00
William Contreras,MIL,C,RBIs,2.5,demon,pre_game,2026-08-08T19:10:00.000-04:00
Brice Turang,MIL,IF,Hitter Strikeouts,2.5,demon,pre_game,2026-08-08T19:10:00.000-04:00
Jackson Chourio,MIL,OF,RBIs,2.5,demon,pre_game,2026-08-08T19:10:00.000-04:00
Royce Lewis,MIN,IF,Hits+Runs+RBIs,2.5,demon,pre_game,2026-08-08T19:10:00.000-04:00
Ryan Jeffers,MIN,C,Hits+Runs+RBIs,2.5,demon,pre_game,2026-08-08T19:10:00.000-04:00
Garrett Mitchell,MIL,OF,Hits+Runs+RBIs,2.5,demon,pre_game,2026-08-08T19:10:00.000-04:00
Robert Gasser,MIL,P,Hits Allowed,2.5,goblin,pre_game,2026-08-08T19:10:00.000-04:00
William Contreras,MIL,C,Hits+Runs+RBIs,2.5,demon,pre_game,2026-08-08T19:10:00.000-04:00
Cooper Pratt,MIL,IF,Hits+Runs+RBIs,2.5,demon,pre_game,2026-08-08T19:10:00.000-04:00
Robert Gasser,MIL,P,Pitcher Strikeouts,2.5,goblin,pre_game,2026-08-08T19:10:00.000-04:00
Royce Lewis,MIN,IF,Total Bases,2.5,demon,pre_game,2026-08-08T19:10:00.000-04:00
Austin Martin,MIN,OF,Total Bases,2.5,demon,pre_game,2026-08-08T19:10:00.000-04:00
David Hamilton,MIL,IF,Total Bases,2.5,demon,pre_game,2026-08-08T19:10:00.000-04:00
Christian Yelich,MIL,DH,Total Bases,2.5,demon,pre_game,2026-08-08T19:10:00.000-04:00
Ryan Jeffers,MIN,C,Total Bases,2.5,demon,pre_game,2026-08-08T19:10:00.000-04:00
Luis Lara,MIL,OF,Total Bases,2.5,demon,pre_game,2026-08-08T19:10:00.000-04:00
Garrett Mitchell,MIL,OF,Total Bases,2.5,demon,pre_game,2026-08-08T19:10:00.000-04:00
Victor Caratini,MIN,C,Total Bases,2.5,demon,pre_game,2026-08-08T19:10:00.000-04:00
William Contreras,MIL,C,Total Bases,2.5,demon,pre_game,2026-08-08T19:10:00.000-04:00
Kody Clemens,MIN,IF,Total Bases,2.5,demon,pre_game,2026-08-08T19:10:00.000-04:00
Brooks Lee,MIN,IF,Total Bases,2.5,demon,pre_game,2026-08-08T19:10:00.000-04:00
Jake Bauers,MIL,IF,Total Bases,2.5,demon,pre_game,2026-08-08T19:10:00.000-04:00
Cooper Pratt,MIL,IF,Total Bases,2.5,demon,pre_game,2026-08-08T19:10:00.000-04:00
Brice Turang,MIL,IF,Total Bases,2.5,demon,pre_game,2026-08-08T19:10:00.000-04:00
Josh Bell,MIN,DH,Total Bases,2.5,demon,pre_game,2026-08-08T19:10:00.000-04:00
Jackson Chourio,MIL,OF,Total Bases,2.5,demon,pre_game,2026-08-08T19:10:00.000-04:00
Luke Keaschall,MIN,IF,Total Bases,2.5,demon,pre_game,2026-08-08T19:10:00.000-04:00
Christian Yelich,MIL,DH,RBIs,2.5,demon,pre_game,2026-08-08T19:10:00.000-04:00
Ryan Jeffers,MIN,C,RBIs,2.5,demon,pre_game,2026-08-08T19:10:00.000-04:00
Kody Clemens,MIN,IF,Hits,2.5,demon,pre_game,2026-08-08T19:10:00.000-04:00
Cooper Pratt,MIL,IF,Hits,2.5,demon,pre_game,2026-08-08T19:10:00.000-04:00
Ryan Jeffers,MIN,C,Hitter Strikeouts,2.5,demon,pre_game,2026-08-08T19:10:00.000-04:00
David Hamilton,MIL,IF,Hits+Runs+RBIs,2.5,demon,pre_game,2026-08-08T19:10:00.000-04:00
Brooks Lee,MIN,IF,Hits,2.5,demon,pre_game,2026-08-08T19:10:00.000-04:00
Brice Turang,MIL,IF,Hits+Runs+RBIs,2.5,demon,pre_game,2026-08-08T19:10:00.000-04:00
Luis Lara,MIL,OF,Hits+Runs+RBIs,2.5,demon,pre_game,2026-08-08T19:10:00.000-04:00
Jake Bauers,MIL,IF,Hits+Runs+RBIs,2.5,demon,pre_game,2026-08-08T19:10:00.000-04:00
Christian Yelich,MIL,DH,Hits+Runs+RBIs,2.5,demon,pre_game,2026-08-08T19:10:00.000-04:00
Jackson Chourio,MIL,OF,Hits+Runs+RBIs,2.5,demon,pre_game,2026-08-08T19:10:00.000-04:00
Luke Keaschall,MIN,IF,Hits+Runs+RBIs,2.5,demon,pre_game,2026-08-08T19:10:00.000-04:00
Brooks Lee,MIN,IF,Hits+Runs+RBIs,2.5,demon,pre_game,2026-08-08T19:10:00.000-04:00
Kody Clemens,MIN,IF,Hits+Runs+RBIs,2.5,demon,pre_game,2026-08-08T19:10:00.000-04:00
Austin Martin,MIN,OF,Hits+Runs+RBIs,2.5,demon,pre_game,2026-08-08T19:10:00.000-04:00
Victor Caratini,MIN,C,Hits+Runs+RBIs,2.5,demon,pre_game,2026-08-08T19:10:00.000-04:00
Josh Bell,MIN,DH,Hits+Runs+RBIs,2.5,demon,pre_game,2026-08-08T19:10:00.000-04:00
Robert Gasser,MIL,P,Earned Runs Allowed,2.5,demon,pre_game,2026-08-08T19:10:00.000-04:00
Taj Bradley,MIN,P,Hits Allowed,2.5,goblin,pre_game,2026-08-08T19:10:00.000-04:00
Ryan Kreidler,MIN,IF,Total Bases,2.5,demon,pre_game,2026-08-08T19:10:00.000-04:00
Ryan Kreidler,MIN,IF,Hits+Runs+RBIs,2.5,demon,pre_game,2026-08-08T19:10:00.000-04:00
Ryan Kreidler,MIN,IF,Hitter Strikeouts,1.5,demon,pre_game,2026-08-08T19:10:00.000-04:00
Kody Clemens,MIN,IF,Hitter Strikeouts,1.5,demon,pre_game,2026-08-08T19:10:00.000-04:00
Ryan Jeffers,MIN,C,Hitter Strikeouts,1.5,demon,pre_game,2026-08-08T19:10:00.000-04:00
Austin Martin,MIN,OF,Singles,1.5,demon,pre_game,2026-08-08T19:10:00.000-04:00
Austin Martin,MIN,OF,Hits+Runs+RBIs,1.5,demon,pre_game,2026-08-08T19:10:00.000-04:00
Luke Keaschall,MIN,IF,Singles,1.5,demon,pre_game,2026-08-08T19:10:00.000-04:00
Ryan Jeffers,MIN,C,Hits+Runs+RBIs,1.5,standard,pre_game,2026-08-08T19:10:00.000-04:00
Ryan Kreidler,MIN,IF,Hits+Runs+RBIs,1.5,demon,pre_game,2026-08-08T19:10:00.000-04:00
Royce Lewis,MIN,IF,Hitter Strikeouts,1.5,demon,pre_game,2026-08-08T19:10:00.000-04:00
Ryan Kreidler,MIN,IF,Runs,1.5,demon,pre_game,2026-08-08T19:10:00.000-04:00
Victor Caratini,MIN,C,Hits+Runs+RBIs,1.5,demon,pre_game,2026-08-08T19:10:00.000-04:00
Royce Lewis,MIN,IF,Hits,1.5,demon,pre_game,2026-08-08T19:10:00.000-04:00
Victor Caratini,MIN,C,Hits,1.5,demon,pre_game,2026-08-08T19:10:00.000-04:00
Ryan Kreidler,MIN,IF,Hits,1.5,demon,pre_game,2026-08-08T19:10:00.000-04:00
Kody Clemens,MIN,IF,Hits+Runs+RBIs,1.5,demon,pre_game,2026-08-08T19:10:00.000-04:00
Luke Keaschall,MIN,IF,Hits+Runs+RBIs,1.5,demon,pre_game,2026-08-08T19:10:00.000-04:00
Austin Martin,MIN,OF,Hitter Strikeouts,1.5,demon,pre_game,2026-08-08T19:10:00.000-04:00
Kody Clemens,MIN,IF,Hits,1.5,demon,pre_game,2026-08-08T19:10:00.000-04:00
Austin Martin,MIN,OF,RBIs,1.5,demon,pre_game,2026-08-08T19:10:00.000-04:00
Victor Caratini,MIN,C,Hitter Strikeouts,1.5,demon,pre_game,2026-08-08T19:10:00.000-04:00
Austin Martin,MIN,OF,Hits,1.5,demon,pre_game,2026-08-08T19:10:00.000-04:00
Austin Martin,MIN,OF,Runs,1.5,demon,pre_game,2026-08-08T19:10:00.000-04:00
Royce Lewis,MIN,IF,Hits+Runs+RBIs,1.5,standard,pre_game,2026-08-08T19:10:00.000-04:00
Luke Keaschall,MIN,IF,RBIs,1.5,demon,pre_game,2026-08-08T19:10:00.000-04:00
Josh Bell,MIN,DH,Hits,1.5,demon,pre_game,2026-08-08T19:10:00.000-04:00
Ryan Kreidler,MIN,IF,RBIs,1.5,demon,pre_game,2026-08-08T19:10:00.000-04:00
Josh Bell,MIN,DH,Hitter Strikeouts,1.5,demon,pre_game,2026-08-08T19:10:00.000-04:00
Josh Bell,MIN,DH,Runs,1.5,demon,pre_game,2026-08-08T19:10:00.000-04:00
Victor Caratini,MIN,C,RBIs,1.5,demon,pre_game,2026-08-08T19:10:00.000-04:00
Luke Keaschall,MIN,IF,Runs,1.5,demon,pre_game,2026-08-08T19:10:00.000-04:00
Royce Lewis,MIN,IF,Total Bases,1.5,demon,pre_game,2026-08-08T19:10:00.000-04:00
Ryan Jeffers,MIN,C,Runs,1.5,demon,pre_game,2026-08-08T19:10:00.000-04:00
Royce Lewis,MIN,IF,Runs,1.5,demon,pre_game,2026-08-08T19:10:00.000-04:00
Ryan Jeffers,MIN,C,Total Bases,1.5,demon,pre_game,2026-08-08T19:10:00.000-04:00
Ryan Jeffers,MIN,C,Hits,1.5,demon,pre_game,2026-08-08T19:10:00.000-04:00
Josh Bell,MIN,DH,Total Bases,1.5,demon,pre_game,2026-08-08T19:10:00.000-04:00
Victor Caratini,MIN,C,Runs,1.5,demon,pre_game,2026-08-08T19:10:00.000-04:00
Kody Clemens,MIN,IF,Runs,1.5,demon,pre_game,2026-08-08T19:10:00.000-04:00
Luke Keaschall,MIN,IF,Hitter Strikeouts,1.5,demon,pre_game,2026-08-08T19:10:00.000-04:00
Luke Keaschall,MIN,IF,Hits,1.5,demon,pre_game,2026-08-08T19:10:00.000-04:00
Robert Gasser,MIL,P,Earned Runs Allowed,1.5,goblin,pre_game,2026-08-08T19:10:00.000-04:00
Robert Gasser,MIL,P,Walks Allowed,1.5,demon,pre_game,2026-08-08T19:10:00.000-04:00
Brice Turang,MIL,IF,Total Bases,1.5,demon,pre_game,2026-08-08T19:10:00.000-04:00
William Contreras,MIL,C,Hits+Runs+RBIs,1.5,standard,pre_game,2026-08-08T19:10:00.000-04:00
Luis Lara,MIL,OF,Hits+Runs+RBIs,1.5,demon,pre_game,2026-08-08T19:10:00.000-04:00
Brice Turang,MIL,IF,Hits+Runs+RBIs,1.5,standard,pre_game,2026-08-08T19:10:00.000-04:00
Jake Bauers,MIL,IF,Hits+Runs+RBIs,1.5,demon,pre_game,2026-08-08T19:10:00.000-04:00
William Contreras,MIL,C,Total Bases,1.5,demon,pre_game,2026-08-08T19:10:00.000-04:00
Jackson Chourio,MIL,OF,Hits+Runs+RBIs,1.5,goblin,pre_game,2026-08-08T19:10:00.000-04:00
Garrett Mitchell,MIL,OF,Hits,1.5,demon,pre_game,2026-08-08T19:10:00.000-04:00
David Hamilton,MIL,IF,Hits,1.5,demon,pre_game,2026-08-08T19:10:00.000-04:00
William Contreras,MIL,C,Hitter Strikeouts,1.5,demon,pre_game,2026-08-08T19:10:00.000-04:00
Garrett Mitchell,MIL,OF,Runs,1.5,demon,pre_game,2026-08-08T19:10:00.000-04:00
David Hamilton,MIL,IF,Hitter Strikeouts,1.5,demon,pre_game,2026-08-08T19:10:00.000-04:00
Christian Yelich,MIL,DH,Hits,1.5,demon,pre_game,2026-08-08T19:10:00.000-04:00
Christian Yelich,MIL,DH,Hits+Runs+RBIs,1.5,demon,pre_game,2026-08-08T19:10:00.000-04:00
Brice Turang,MIL,IF,Runs,1.5,demon,pre_game,2026-08-08T19:10:00.000-04:00
Jackson Chourio,MIL,OF,Hitter Strikeouts,1.5,demon,pre_game,2026-08-08T19:10:00.000-04:00
Jackson Chourio,MIL,OF,Hits,1.5,demon,pre_game,2026-08-08T19:10:00.000-04:00
Luis Lara,MIL,OF,Runs,1.5,demon,pre_game,2026-08-08T19:10:00.000-04:00
Cooper Pratt,MIL,IF,Hitter Strikeouts,1.5,demon,pre_game,2026-08-08T19:10:00.000-04:00
William Contreras,MIL,C,Singles,1.5,demon,pre_game,2026-08-08T19:10:00.000-04:00
William Contreras,MIL,C,Hits,1.5,demon,pre_game,2026-08-08T19:10:00.000-04:00
Brice Turang,MIL,IF,Hits,1.5,demon,pre_game,2026-08-08T19:10:00.000-04:00
Christian Yelich,MIL,DH,Hitter Strikeouts,1.5,demon,pre_game,2026-08-08T19:10:00.000-04:00
Luis Lara,MIL,OF,Hitter Strikeouts,1.5,demon,pre_game,2026-08-08T19:10:00.000-04:00
Jake Bauers,MIL,IF,Hits,1.5,demon,pre_game,2026-08-08T19:10:00.000-04:00
David Hamilton,MIL,IF,Runs,1.5,demon,pre_game,2026-08-08T19:10:00.000-04:00
Jake Bauers,MIL,IF,Walks,1.5,demon,pre_game,2026-08-08T19:10:00.000-04:00
Luis Lara,MIL,OF,Hits,1.5,demon,pre_game,2026-08-08T19:10:00.000-04:00
Jackson Chourio,MIL,OF,Singles,1.5,demon,pre_game,2026-08-08T19:10:00.000-04:00
Brice Turang,MIL,IF,RBIs,1.5,demon,pre_game,2026-08-08T19:10:00.000-04:00
Luis Lara,MIL,OF,RBIs,1.5,demon,pre_game,2026-08-08T19:10:00.000-04:00
Christian Yelich,MIL,DH,Runs,1.5,demon,pre_game,2026-08-08T19:10:00.000-04:00
Cooper Pratt,MIL,IF,Hits,1.5,demon,pre_game,2026-08-08T19:10:00.000-04:00
William Contreras,MIL,C,Runs,1.5,demon,pre_game,2026-08-08T19:10:00.000-04:00
Cooper Pratt,MIL,IF,Runs,1.5,demon,pre_game,2026-08-08T19:10:00.000-04:00
Jake Bauers,MIL,IF,Runs,1.5,demon,pre_game,2026-08-08T19:10:00.000-04:00
Cooper Pratt,MIL,IF,RBIs,1.5,demon,pre_game,2026-08-08T19:10:00.000-04:00
David Hamilton,MIL,IF,RBIs,1.5,demon,pre_game,2026-08-08T19:10:00.000-04:00
Jackson Chourio,MIL,OF,Runs,1.5,demon,pre_game,2026-08-08T19:10:00.000-04:00
Taj Bradley,MIN,P,Earned Runs Allowed,1.5,goblin,pre_game,2026-08-08T19:10:00.000-04:00
Garrett Mitchell,MIL,OF,Hits+Runs+RBIs,1.5,demon,pre_game,2026-08-08T19:10:00.000-04:00
Brooks Lee,MIN,IF,RBIs,1.5,demon,pre_game,2026-08-08T19:10:00.000-04:00
Garrett Mitchell,MIL,OF,Total Bases,1.5,demon,pre_game,2026-08-08T19:10:00.000-04:00
David Hamilton,MIL,IF,Hits+Runs+RBIs,1.5,demon,pre_game,2026-08-08T19:10:00.000-04:00
Brooks Lee,MIN,IF,Hits+Runs+RBIs,1.5,demon,pre_game,2026-08-08T19:10:00.000-04:00
Kody Clemens,MIN,IF,Total Bases,1.5,demon,pre_game,2026-08-08T19:10:00.000-04:00
Brooks Lee,MIN,IF,Total Bases,1.5,demon,pre_game,2026-08-08T19:10:00.000-04:00
David Hamilton,MIL,IF,Total Bases,1.5,demon,pre_game,2026-08-08T19:10:00.000-04:00
Austin Martin,MIN,OF,Total Bases,1.5,demon,pre_game,2026-08-08T19:10:00.000-04:00
Christian Yelich,MIL,DH,Total Bases,1.5,demon,pre_game,2026-08-08T19:10:00.000-04:00
Luis Lara,MIL,OF,Total Bases,1.5,demon,pre_game,2026-08-08T19:10:00.000-04:00
Brooks Lee,MIN,IF,Runs,1.5,demon,pre_game,2026-08-08T19:10:00.000-04:00
Victor Caratini,MIN,C,Total Bases,1.5,demon,pre_game,2026-08-08T19:10:00.000-04:00
Brooks Lee,MIN,IF,Hits,1.5,demon,pre_game,2026-08-08T19:10:00.000-04:00
Jake Bauers,MIL,IF,Total Bases,1.5,demon,pre_game,2026-08-08T19:10:00.000-04:00
Cooper Pratt,MIL,IF,Total Bases,1.5,demon,pre_game,2026-08-08T19:10:00.000-04:00
Luke Keaschall,MIN,IF,Total Bases,1.5,demon,pre_game,2026-08-08T19:10:00.000-04:00
Jackson Chourio,MIL,OF,Total Bases,1.5,demon,pre_game,2026-08-08T19:10:00.000-04:00
Cooper Pratt,MIL,IF,Hits+Runs+RBIs,1.5,demon,pre_game,2026-08-08T19:10:00.000-04:00
Josh Bell,MIN,DH,Hits+Runs+RBIs,1.5,demon,pre_game,2026-08-08T19:10:00.000-04:00
Brooks Lee,MIN,IF,Hitter Strikeouts,1.5,demon,pre_game,2026-08-08T19:10:00.000-04:00
Garrett Mitchell,MIL,OF,Hitter Strikeouts,1.5,demon,pre_game,2026-08-08T19:10:00.000-04:00
Jake Bauers,MIL,IF,Hitter Strikeouts,1.5,demon,pre_game,2026-08-08T19:10:00.000-04:00
Brice Turang,MIL,IF,Hitter Strikeouts,1.5,demon,pre_game,2026-08-08T19:10:00.000-04:00
Ryan Kreidler,MIN,IF,Total Bases,1.5,demon,pre_game,2026-08-08T19:10:00.000-04:00
Brice Turang,MIL,IF,Singles,1.5,demon,pre_game,2026-08-08T19:10:00.000-04:00
Taj Bradley,MIN,P,Walks Allowed,1.5,goblin,pre_game,2026-08-08T19:10:00.000-04:00
Ryan Jeffers,MIN,C,Doubles,0.5,demon,pre_game,2026-08-08T19:10:00.000-04:00
Ryan Kreidler,MIN,IF,Doubles,0.5,demon,pre_game,2026-08-08T19:10:00.000-04:00
Josh Bell,MIN,DH,Doubles,0.5,demon,pre_game,2026-08-08T19:10:00.000-04:00
Royce Lewis,MIN,IF,Doubles,0.5,demon,pre_game,2026-08-08T19:10:00.000-04:00
Josh Bell,MIN,DH,Hits+Runs+RBIs,0.5,goblin,pre_game,2026-08-08T19:10:00.000-04:00
Austin Martin,MIN,OF,Hits+Runs+RBIs,0.5,goblin,pre_game,2026-08-08T19:10:00.000-04:00
Victor Caratini,MIN,C,Doubles,0.5,demon,pre_game,2026-08-08T19:10:00.000-04:00
Royce Lewis,MIN,IF,Hits+Runs+RBIs,0.5,goblin,pre_game,2026-08-08T19:10:00.000-04:00
Ryan Jeffers,MIN,C,Hits+Runs+RBIs,0.5,goblin,pre_game,2026-08-08T19:10:00.000-04:00
Austin Martin,MIN,OF,Total Bases,0.5,goblin,pre_game,2026-08-08T19:10:00.000-04:00
Ryan Kreidler,MIN,IF,Hits+Runs+RBIs,0.5,goblin,pre_game,2026-08-08T19:10:00.000-04:00
Josh Bell,MIN,DH,RBIs,0.5,demon,pre_game,2026-08-08T19:10:00.000-04:00
Victor Caratini,MIN,C,Hits+Runs+RBIs,0.5,goblin,pre_game,2026-08-08T19:10:00.000-04:00
Luke Keaschall,MIN,IF,Home Runs,0.5,demon,pre_game,2026-08-08T19:10:00.000-04:00
Kody Clemens,MIN,IF,Doubles,0.5,demon,pre_game,2026-08-08T19:10:00.000-04:00
Luke Keaschall,MIN,IF,Stolen Bases,0.5,demon,pre_game,2026-08-08T19:10:00.000-04:00
Ryan Jeffers,MIN,C,RBIs,0.5,demon,pre_game,2026-08-08T19:10:00.000-04:00
Victor Caratini,MIN,C,Home Runs,0.5,demon,pre_game,2026-08-08T19:10:00.000-04:00
Royce Lewis,MIN,IF,Hits,0.5,goblin,pre_game,2026-08-08T19:10:00.000-04:00
Royce Lewis,MIN,IF,Home Runs,0.5,demon,pre_game,2026-08-08T19:10:00.000-04:00
Luke Keaschall,MIN,IF,Total Bases,0.5,goblin,pre_game,2026-08-08T19:10:00.000-04:00
Victor Caratini,MIN,C,Walks,0.5,demon,pre_game,2026-08-08T19:10:00.000-04:00
Ryan Kreidler,MIN,IF,Home Runs,0.5,demon,pre_game,2026-08-08T19:10:00.000-04:00
Josh Bell,MIN,DH,Home Runs,0.5,demon,pre_game,2026-08-08T19:10:00.000-04:00
Luke Keaschall,MIN,IF,Singles,0.5,standard,pre_game,2026-08-08T19:10:00.000-04:00
Kody Clemens,MIN,IF,RBIs,0.5,demon,pre_game,2026-08-08T19:10:00.000-04:00
Josh Bell,MIN,DH,Singles,0.5,demon,pre_game,2026-08-08T19:10:00.000-04:00
Kody Clemens,MIN,IF,Hits+Runs+RBIs,0.5,goblin,pre_game,2026-08-08T19:10:00.000-04:00
Royce Lewis,MIN,IF,Singles,0.5,demon,pre_game,2026-08-08T19:10:00.000-04:00
Kody Clemens,MIN,IF,Singles,0.5,demon,pre_game,2026-08-08T19:10:00.000-04:00
Luke Keaschall,MIN,IF,Hits+Runs+RBIs,0.5,goblin,pre_game,2026-08-08T19:10:00.000-04:00
Royce Lewis,MIN,IF,RBIs,0.5,demon,pre_game,2026-08-08T19:10:00.000-04:00
Ryan Kreidler,MIN,IF,Runs,0.5,demon,pre_game,2026-08-08T19:10:00.000-04:00
Victor Caratini,MIN,C,Hits,0.5,goblin,pre_game,2026-08-08T19:10:00.000-04:00
Austin Martin,MIN,OF,Home Runs,0.5,demon,pre_game,2026-08-08T19:10:00.000-04:00
Kody Clemens,MIN,IF,Total Bases,0.5,goblin,pre_game,2026-08-08T19:10:00.000-04:00
Victor Caratini,MIN,C,Singles,0.5,demon,pre_game,2026-08-08T19:10:00.000-04:00
Kody Clemens,MIN,IF,Hits,0.5,goblin,pre_game,2026-08-08T19:10:00.000-04:00
Austin Martin,MIN,OF,RBIs,0.5,demon,pre_game,2026-08-08T19:10:00.000-04:00
Ryan Kreidler,MIN,IF,Stolen Bases,0.5,demon,pre_game,2026-08-08T19:10:00.000-04:00
Austin Martin,MIN,OF,Hits,0.5,goblin,pre_game,2026-08-08T19:10:00.000-04:00
Austin Martin,MIN,OF,Runs,0.5,demon,pre_game,2026-08-08T19:10:00.000-04:00
Austin Martin,MIN,OF,Stolen Bases,0.5,demon,pre_game,2026-08-08T19:10:00.000-04:00
Luke Keaschall,MIN,IF,Walks,0.5,demon,pre_game,2026-08-08T19:10:00.000-04:00
Ryan Jeffers,MIN,C,Walks,0.5,demon,pre_game,2026-08-08T19:10:00.000-04:00
Ryan Jeffers,MIN,C,Home Runs,0.5,demon,pre_game,2026-08-08T19:10:00.000-04:00
Kody Clemens,MIN,IF,Walks,0.5,demon,pre_game,2026-08-08T19:10:00.000-04:00
Kody Clemens,MIN,IF,Stolen Bases,0.5,demon,pre_game,2026-08-08T19:10:00.000-04:00
Luke Keaschall,MIN,IF,RBIs,0.5,demon,pre_game,2026-08-08T19:10:00.000-04:00
Josh Bell,MIN,DH,Hits,0.5,goblin,pre_game,2026-08-08T19:10:00.000-04:00
Luke Keaschall,MIN,IF,Doubles,0.5,demon,pre_game,2026-08-08T19:10:00.000-04:00
Ryan Kreidler,MIN,IF,Singles,0.5,demon,pre_game,2026-08-08T19:10:00.000-04:00
Ryan Kreidler,MIN,IF,RBIs,0.5,demon,pre_game,2026-08-08T19:10:00.000-04:00
Victor Caratini,MIN,C,Total Bases,0.5,goblin,pre_game,2026-08-08T19:10:00.000-04:00
Austin Martin,MIN,OF,Doubles,0.5,demon,pre_game,2026-08-08T19:10:00.000-04:00
Josh Bell,MIN,DH,Runs,0.5,demon,pre_game,2026-08-08T19:10:00.000-04:00
Victor Caratini,MIN,C,RBIs,0.5,demon,pre_game,2026-08-08T19:10:00.000-04:00
Luke Keaschall,MIN,IF,Runs,0.5,demon,pre_game,2026-08-08T19:10:00.000-04:00
Austin Martin,MIN,OF,Walks,0.5,demon,pre_game,2026-08-08T19:10:00.000-04:00
Royce Lewis,MIN,IF,Total Bases,0.5,goblin,pre_game,2026-08-08T19:10:00.000-04:00
Ryan Jeffers,MIN,C,Stolen Bases,0.5,demon,pre_game,2026-08-08T19:10:00.000-04:00
Ryan Jeffers,MIN,C,Runs,0.5,demon,pre_game,2026-08-08T19:10:00.000-04:00
Royce Lewis,MIN,IF,Runs,0.5,demon,pre_game,2026-08-08T19:10:00.000-04:00
Royce Lewis,MIN,IF,Walks,0.5,demon,pre_game,2026-08-08T19:10:00.000-04:00
Ryan Jeffers,MIN,C,Total Bases,0.5,goblin,pre_game,2026-08-08T19:10:00.000-04:00
Kody Clemens,MIN,IF,Home Runs,0.5,demon,pre_game,2026-08-08T19:10:00.000-04:00
Ryan Jeffers,MIN,C,Hits,0.5,goblin,pre_game,2026-08-08T19:10:00.000-04:00
Ryan Kreidler,MIN,IF,Walks,0.5,demon,pre_game,2026-08-08T19:10:00.000-04:00
Ryan Kreidler,MIN,IF,Triples,0.5,demon,pre_game,2026-08-08T19:10:00.000-04:00
Josh Bell,MIN,DH,Total Bases,0.5,goblin,pre_game,2026-08-08T19:10:00.000-04:00
Victor Caratini,MIN,C,Runs,0.5,demon,pre_game,2026-08-08T19:10:00.000-04:00
Josh Bell,MIN,DH,Walks,0.5,demon,pre_game,2026-08-08T19:10:00.000-04:00
Kody Clemens,MIN,IF,Runs,0.5,demon,pre_game,2026-08-08T19:10:00.000-04:00
Royce Lewis,MIN,IF,Stolen Bases,0.5,demon,pre_game,2026-08-08T19:10:00.000-04:00
Luke Keaschall,MIN,IF,Hits,0.5,goblin,pre_game,2026-08-08T19:10:00.000-04:00
Ryan Jeffers,MIN,C,Singles,0.5,demon,pre_game,2026-08-08T19:10:00.000-04:00
Taj Bradley + Robert Gasser,MIN/MIL,P,1st Inning Runs Allowed,0.5,standard,pre_game,2026-08-08T19:10:00.000-04:00
Taj Bradley + Robert Gasser,MIN/MIL,P,1st Inning Walks Allowed,0.5,standard,pre_game,2026-08-08T19:10:00.000-04:00
Ryan Kreidler,MIN,IF,Hits,0.5,standard,pre_game,2026-08-08T19:10:00.000-04:00
Ryan Kreidler,MIN,IF,Total Bases,0.5,standard,pre_game,2026-08-08T19:10:00.000-04:00
Christian Yelich,MIL,DH,Stolen Bases,0.5,demon,pre_game,2026-08-08T19:10:00.000-04:00
Jackson Chourio,MIL,OF,Stolen Bases,0.5,demon,pre_game,2026-08-08T19:10:00.000-04:00
Brice Turang,MIL,IF,Stolen Bases,0.5,demon,pre_game,2026-08-08T19:10:00.000-04:00
Garrett Mitchell,MIL,OF,Stolen Bases,0.5,demon,pre_game,2026-08-08T19:10:00.000-04:00
Jake Bauers,MIL,IF,Stolen Bases,0.5,demon,pre_game,2026-08-08T19:10:00.000-04:00
David Hamilton,MIL,IF,Stolen Bases,0.5,demon,pre_game,2026-08-08T19:10:00.000-04:00
Luis Lara,MIL,OF,Stolen Bases,0.5,demon,pre_game,2026-08-08T19:10:00.000-04:00
Cooper Pratt,MIL,IF,Runs,0.5,demon,pre_game,2026-08-08T19:10:00.000-04:00
Garrett Mitchell,MIL,OF,Runs,0.5,demon,pre_game,2026-08-08T19:10:00.000-04:00
Jake Bauers,MIL,IF,Runs,0.5,demon,pre_game,2026-08-08T19:10:00.000-04:00
Jackson Chourio,MIL,OF,Runs,0.5,standard,pre_game,2026-08-08T19:10:00.000-04:00
Jackson Chourio,MIL,OF,Walks,0.5,demon,pre_game,2026-08-08T19:10:00.000-04:00
Luis Lara,MIL,OF,Walks,0.5,demon,pre_game,2026-08-08T19:10:00.000-04:00
Luis Lara,MIL,OF,Runs,0.5,demon,pre_game,2026-08-08T19:10:00.000-04:00
Cooper Pratt,MIL,IF,Stolen Bases,0.5,demon,pre_game,2026-08-08T19:10:00.000-04:00
William Contreras,MIL,C,Walks,0.5,demon,pre_game,2026-08-08T19:10:00.000-04:00
Garrett Mitchell,MIL,OF,Walks,0.5,demon,pre_game,2026-08-08T19:10:00.000-04:00
David Hamilton,MIL,IF,Runs,0.5,demon,pre_game,2026-08-08T19:10:00.000-04:00
Christian Yelich,MIL,DH,Runs,0.5,demon,pre_game,2026-08-08T19:10:00.000-04:00
Brice Turang,MIL,IF,RBIs,0.5,demon,pre_game,2026-08-08T19:10:00.000-04:00
Christian Yelich,MIL,DH,Walks,0.5,demon,pre_game,2026-08-08T19:10:00.000-04:00
Cooper Pratt,MIL,IF,Walks,0.5,demon,pre_game,2026-08-08T19:10:00.000-04:00
Christian Yelich,MIL,DH,RBIs,0.5,demon,pre_game,2026-08-08T19:10:00.000-04:00
David Hamilton,MIL,IF,RBIs,0.5,demon,pre_game,2026-08-08T19:10:00.000-04:00
Jake Bauers,MIL,IF,Walks,0.5,standard,pre_game,2026-08-08T19:10:00.000-04:00
Jackson Chourio,MIL,OF,RBIs,0.5,demon,pre_game,2026-08-08T19:10:00.000-04:00
Garrett Mitchell,MIL,OF,RBIs,0.5,demon,pre_game,2026-08-08T19:10:00.000-04:00
William Contreras,MIL,C,RBIs,0.5,demon,pre_game,2026-08-08T19:10:00.000-04:00
Jake Bauers,MIL,IF,RBIs,0.5,demon,pre_game,2026-08-08T19:10:00.000-04:00
David Hamilton,MIL,IF,Hits,0.5,demon,pre_game,2026-08-08T19:10:00.000-04:00
Christian Yelich,MIL,DH,Home Runs,0.5,demon,pre_game,2026-08-08T19:10:00.000-04:00
Brice Turang,MIL,IF,Runs,0.5,standard,pre_game,2026-08-08T19:10:00.000-04:00
William Contreras,MIL,C,Runs,0.5,demon,pre_game,2026-08-08T19:10:00.000-04:00
David Hamilton,MIL,IF,Home Runs,0.5,demon,pre_game,2026-08-08T19:10:00.000-04:00
David Hamilton,MIL,IF,Walks,0.5,demon,pre_game,2026-08-08T19:10:00.000-04:00
Garrett Mitchell,MIL,OF,Hits,0.5,goblin,pre_game,2026-08-08T19:10:00.000-04:00
Jackson Chourio,MIL,OF,Home Runs,0.5,demon,pre_game,2026-08-08T19:10:00.000-04:00
Brice Turang,MIL,IF,Home Runs,0.5,demon,pre_game,2026-08-08T19:10:00.000-04:00
William Contreras,MIL,C,Home Runs,0.5,demon,pre_game,2026-08-08T19:10:00.000-04:00
William Contreras,MIL,C,Hits,0.5,goblin,pre_game,2026-08-08T19:10:00.000-04:00
Cooper Pratt,MIL,IF,Hits,0.5,goblin,pre_game,2026-08-08T19:10:00.000-04:00
Jake Bauers,MIL,IF,Home Runs,0.5,demon,pre_game,2026-08-08T19:10:00.000-04:00
David Hamilton,MIL,IF,Total Bases,0.5,demon,pre_game,2026-08-08T19:10:00.000-04:00
Cooper Pratt,MIL,IF,RBIs,0.5,demon,pre_game,2026-08-08T19:10:00.000-04:00
Luis Lara,MIL,OF,Home Runs,0.5,demon,pre_game,2026-08-08T19:10:00.000-04:00
Luis Lara,MIL,OF,RBIs,0.5,demon,pre_game,2026-08-08T19:10:00.000-04:00
Christian Yelich,MIL,DH,Hits,0.5,goblin,pre_game,2026-08-08T19:10:00.000-04:00
Garrett Mitchell,MIL,OF,Total Bases,0.5,goblin,pre_game,2026-08-08T19:10:00.000-04:00
Brice Turang,MIL,IF,Hits,0.5,goblin,pre_game,2026-08-08T19:10:00.000-04:00
Cooper Pratt,MIL,IF,Total Bases,0.5,goblin,pre_game,2026-08-08T19:10:00.000-04:00
Jackson Chourio,MIL,OF,Hits,0.5,goblin,pre_game,2026-08-08T19:10:00.000-04:00
Christian Yelich,MIL,DH,Total Bases,0.5,goblin,pre_game,2026-08-08T19:10:00.000-04:00
Garrett Mitchell,MIL,OF,Home Runs,0.5,demon,pre_game,2026-08-08T19:10:00.000-04:00
Cooper Pratt,MIL,IF,Home Runs,0.5,demon,pre_game,2026-08-08T19:10:00.000-04:00
Garrett Mitchell,MIL,OF,Triples,0.5,demon,pre_game,2026-08-08T19:10:00.000-04:00
Brice Turang,MIL,IF,Total Bases,0.5,goblin,pre_game,2026-08-08T19:10:00.000-04:00
Robert Gasser,MIL,P,Walks Allowed,0.5,goblin,pre_game,2026-08-08T19:10:00.000-04:00
Brice Turang,MIL,IF,Hits+Runs+RBIs,0.5,goblin,pre_game,2026-08-08T19:10:00.000-04:00
Jake Bauers,MIL,IF,Hitter Strikeouts,0.5,goblin,pre_game,2026-08-08T19:10:00.000-04:00
Luis Lara,MIL,OF,Doubles,0.5,demon,pre_game,2026-08-08T19:10:00.000-04:00
Jake Bauers,MIL,IF,Doubles,0.5,demon,pre_game,2026-08-08T19:10:00.000-04:00
Christian Yelich,MIL,DH,Hits+Runs+RBIs,0.5,goblin,pre_game,2026-08-08T19:10:00.000-04:00
William Contreras,MIL,C,Hits+Runs+RBIs,0.5,goblin,pre_game,2026-08-08T19:10:00.000-04:00
Garrett Mitchell,MIL,OF,Singles,0.5,demon,pre_game,2026-08-08T19:10:00.000-04:00
Jake Bauers,MIL,IF,Hits+Runs+RBIs,0.5,goblin,pre_game,2026-08-08T19:10:00.000-04:00
Jackson Chourio,MIL,OF,Hits+Runs+RBIs,0.5,goblin,pre_game,2026-08-08T19:10:00.000-04:00
William Contreras,MIL,C,Total Bases,0.5,goblin,pre_game,2026-08-08T19:10:00.000-04:00
Jackson Chourio,MIL,OF,Total Bases,0.5,goblin,pre_game,2026-08-08T19:10:00.000-04:00
William Contreras,MIL,C,Stolen Bases,0.5,demon,pre_game,2026-08-08T19:10:00.000-04:00
Garrett Mitchell,MIL,OF,Hits+Runs+RBIs,0.5,goblin,pre_game,2026-08-08T19:10:00.000-04:00
Garrett Mitchell,MIL,OF,Hitter Strikeouts,0.5,goblin,pre_game,2026-08-08T19:10:00.000-04:00
Cooper Pratt,MIL,IF,Hits+Runs+RBIs,0.5,goblin,pre_game,2026-08-08T19:10:00.000-04:00
Robert Gasser,MIL,P,Earned Runs Allowed,0.5,goblin,pre_game,2026-08-08T19:10:00.000-04:00
Christian Yelich,MIL,DH,Doubles,0.5,demon,pre_game,2026-08-08T19:10:00.000-04:00
Luis Lara,MIL,OF,Hits+Runs+RBIs,0.5,goblin,pre_game,2026-08-08T19:10:00.000-04:00
Jake Bauers,MIL,IF,Total Bases,0.5,goblin,pre_game,2026-08-08T19:10:00.000-04:00
William Contreras,MIL,C,Singles,0.5,standard,pre_game,2026-08-08T19:10:00.000-04:00
David Hamilton,MIL,IF,Hits+Runs+RBIs,0.5,goblin,pre_game,2026-08-08T19:10:00.000-04:00
Brice Turang,MIL,IF,Doubles,0.5,demon,pre_game,2026-08-08T19:10:00.000-04:00
David Hamilton,MIL,IF,Singles,0.5,demon,pre_game,2026-08-08T19:10:00.000-04:00
Luis Lara,MIL,OF,Singles,0.5,demon,pre_game,2026-08-08T19:10:00.000-04:00
Jake Bauers,MIL,IF,Hits,0.5,goblin,pre_game,2026-08-08T19:10:00.000-04:00
Garrett Mitchell,MIL,OF,Doubles,0.5,demon,pre_game,2026-08-08T19:10:00.000-04:00
Jackson Chourio,MIL,OF,Doubles,0.5,demon,pre_game,2026-08-08T19:10:00.000-04:00
William Contreras,MIL,C,Doubles,0.5,demon,pre_game,2026-08-08T19:10:00.000-04:00
Jackson Chourio,MIL,OF,Singles,0.5,standard,pre_game,2026-08-08T19:10:00.000-04:00
Jake Bauers,MIL,IF,Singles,0.5,demon,pre_game,2026-08-08T19:10:00.000-04:00
David Hamilton,MIL,IF,Doubles,0.5,demon,pre_game,2026-08-08T19:10:00.000-04:00
Brice Turang,MIL,IF,Hitter Strikeouts,0.5,goblin,pre_game,2026-08-08T19:10:00.000-04:00
Cooper Pratt,MIL,IF,Doubles,0.5,demon,pre_game,2026-08-08T19:10:00.000-04:00
Christian Yelich,MIL,DH,Singles,0.5,demon,pre_game,2026-08-08T19:10:00.000-04:00
Cooper Pratt,MIL,IF,Singles,0.5,demon,pre_game,2026-08-08T19:10:00.000-04:00
Brice Turang,MIL,IF,Walks,0.5,demon,pre_game,2026-08-08T19:10:00.000-04:00
Brooks Lee,MIN,IF,Doubles,0.5,demon,pre_game,2026-08-08T19:10:00.000-04:00
Brooks Lee,MIN,IF,Runs,0.5,demon,pre_game,2026-08-08T19:10:00.000-04:00
Brooks Lee,MIN,IF,Home Runs,0.5,demon,pre_game,2026-08-08T19:10:00.000-04:00
Brooks Lee,MIN,IF,RBIs,0.5,demon,pre_game,2026-08-08T19:10:00.000-04:00
Brooks Lee,MIN,IF,Hits+Runs+RBIs,0.5,goblin,pre_game,2026-08-08T19:10:00.000-04:00
Brooks Lee,MIN,IF,Hits,0.5,goblin,pre_game,2026-08-08T19:10:00.000-04:00
Luis Lara,MIL,OF,Total Bases,0.5,goblin,pre_game,2026-08-08T19:10:00.000-04:00
Christian Yelich,MIL,DH,Hitter Strikeouts,0.5,goblin,pre_game,2026-08-08T19:10:00.000-04:00
Royce Lewis,MIN,IF,Hitter Strikeouts,0.5,goblin,pre_game,2026-08-08T19:10:00.000-04:00
Jackson Chourio,MIL,OF,Hitter Strikeouts,0.5,goblin,pre_game,2026-08-08T19:10:00.000-04:00
Brooks Lee,MIN,IF,Total Bases,0.5,goblin,pre_game,2026-08-08T19:10:00.000-04:00
Austin Martin,MIN,OF,Singles,0.5,standard,pre_game,2026-08-08T19:10:00.000-04:00
Brooks Lee,MIN,IF,Singles,0.5,demon,pre_game,2026-08-08T19:10:00.000-04:00
Austin Martin,MIN,OF,Hitter Strikeouts,0.5,goblin,pre_game,2026-08-08T19:10:00.000-04:00
Luke Keaschall,MIN,IF,Hitter Strikeouts,0.5,goblin,pre_game,2026-08-08T19:10:00.000-04:00
Ryan Jeffers,MIN,C,Hitter Strikeouts,0.5,goblin,pre_game,2026-08-08T19:10:00.000-04:00
Josh Bell,MIN,DH,Hitter Strikeouts,0.5,goblin,pre_game,2026-08-08T19:10:00.000-04:00
Kody Clemens,MIN,IF,Hitter Strikeouts,0.5,goblin,pre_game,2026-08-08T19:10:00.000-04:00
Victor Caratini,MIN,C,Hitter Strikeouts,0.5,goblin,pre_game,2026-08-08T19:10:00.000-04:00
Brooks Lee,MIN,IF,Hitter Strikeouts,0.5,goblin,pre_game,2026-08-08T19:10:00.000-04:00
David Hamilton,MIL,IF,Hitter Strikeouts,0.5,goblin,pre_game,2026-08-08T19:10:00.000-04:00
Cooper Pratt,MIL,IF,Hitter Strikeouts,0.5,goblin,pre_game,2026-08-08T19:10:00.000-04:00
William Contreras,MIL,C,Hitter Strikeouts,0.5,goblin,pre_game,2026-08-08T19:10:00.000-04:00
Luis Lara,MIL,OF,Hitter Strikeouts,0.5,goblin,pre_game,2026-08-08T19:10:00.000-04:00
Ryan Kreidler,MIN,IF,Hitter Strikeouts,0.5,goblin,pre_game,2026-08-08T19:10:00.000-04:00
Taj Bradley,MIN,P,Earned Runs Allowed,0.5,goblin,pre_game,2026-08-08T19:10:00.000-04:00
Brice Turang,MIL,IF,Singles,0.5,standard,pre_game,2026-08-08T19:10:00.000-04:00
Luis Lara,MIL,OF,Hits,0.5,goblin,pre_game,2026-08-08T19:10:00.000-04:00
Landen Roupp,SF,P,Pitcher Strikeouts,5.0,standard,pre_game,2026-08-08T19:15:00.000-04:00
Jackson Jobe,DET,P,Pitcher Strikeouts,4.0,standard,pre_game,2026-08-08T19:15:00.000-04:00
Gavin Williams,CLE,P,Pitcher Strikeouts,8.0,standard,pre_game,2026-08-08T19:15:00.000-04:00
Matthew Liberatore,STL,P,Pitcher Strikeouts,5.0,standard,pre_game,2026-08-08T19:15:00.000-04:00
Michael King,SD,P,Pitcher Strikeouts,5.0,standard,pre_game,2026-08-08T19:15:00.000-04:00
Jacob deGrom,TEX,P,Pitcher Strikeouts,7.0,standard,pre_game,2026-08-08T19:15:00.000-04:00
Landen Roupp,SF,P,Pitches Thrown,97.5,demon,pre_game,2026-08-08T19:15:00.000-04:00
Landen Roupp,SF,P,Pitches Thrown,91.5,standard,pre_game,2026-08-08T19:15:00.000-04:00
Landen Roupp,SF,P,Pitches Thrown,86.5,goblin,pre_game,2026-08-08T19:15:00.000-04:00
Landen Roupp,SF,P,Pitcher Fantasy Score,36.5,demon,pre_game,2026-08-08T19:15:00.000-04:00
Landen Roupp,SF,P,Pitcher Fantasy Score,28.5,standard,pre_game,2026-08-08T19:15:00.000-04:00
Jackson Jobe,DET,P,Pitcher Fantasy Score,28.5,demon,pre_game,2026-08-08T19:15:00.000-04:00
Landen Roupp,SF,P,Batters Faced,24.5,demon,pre_game,2026-08-08T19:15:00.000-04:00
Jackson Jobe,DET,P,Pitcher Fantasy Score,22.5,standard,pre_game,2026-08-08T19:15:00.000-04:00
Landen Roupp,SF,P,Pitcher Fantasy Score,20.5,goblin,pre_game,2026-08-08T19:15:00.000-04:00
Jackson Jobe,DET,P,Batters Faced,20.5,demon,pre_game,2026-08-08T19:15:00.000-04:00
Kevin McGonigle,DET,IF,Pitches Seen,19.5,standard,pre_game,2026-08-08T19:15:00.000-04:00
Bryce Eldridge,SF,DH,Pitches Seen,18.5,standard,pre_game,2026-08-08T19:15:00.000-04:00
Gleyber Torres,DET,IF,Pitches Seen,18.5,demon,pre_game,2026-08-08T19:15:00.000-04:00
Riley Greene,DET,OF,Pitches Seen,17.5,standard,pre_game,2026-08-08T19:15:00.000-04:00
Willy Adames,SF,IF,Pitches Seen,16.5,standard,pre_game,2026-08-08T19:15:00.000-04:00
Rafael Devers,SF,IF,Pitches Seen,16.5,standard,pre_game,2026-08-08T19:15:00.000-04:00
Jung Hoo Lee,SF,OF,Pitches Seen,16.5,standard,pre_game,2026-08-08T19:15:00.000-04:00
Dillon Dingler,DET,C,Pitches Seen,16.5,goblin,pre_game,2026-08-08T19:15:00.000-04:00
Jackson Jobe,DET,P,Pitcher Fantasy Score,15.5,goblin,pre_game,2026-08-08T19:15:00.000-04:00
Kevin McGonigle,DET,IF,Hitter Fantasy Score,11.5,demon,pre_game,2026-08-08T19:15:00.000-04:00
Dillon Dingler,DET,C,Hitter Fantasy Score,10.5,demon,pre_game,2026-08-08T19:15:00.000-04:00
Jung Hoo Lee,SF,OF,Hitter Fantasy Score,9.5,demon,pre_game,2026-08-08T19:15:00.000-04:00
Riley Greene,DET,OF,Hitter Fantasy Score,9.5,demon,pre_game,2026-08-08T19:15:00.000-04:00
Willy Adames,SF,IF,Hitter Fantasy Score,8.5,demon,pre_game,2026-08-08T19:15:00.000-04:00
Daniel Susac,SF,C,Hitter Fantasy Score,8.5,demon,pre_game,2026-08-08T19:15:00.000-04:00
Max Clark,DET,OF,Hitter Fantasy Score,8.5,demon,pre_game,2026-08-08T19:15:00.000-04:00
Rafael Devers,SF,IF,Hitter Fantasy Score,8.5,demon,pre_game,2026-08-08T19:15:00.000-04:00
Colt Keith,DET,IF,Hitter Fantasy Score,8.5,demon,pre_game,2026-08-08T19:15:00.000-04:00
Gleyber Torres,DET,IF,Hitter Fantasy Score,8.5,demon,pre_game,2026-08-08T19:15:00.000-04:00
Nate Furman,SF,IF,Hitter Fantasy Score,8.5,demon,pre_game,2026-08-08T19:15:00.000-04:00
Zach McKinstry,DET,IF,Hitter Fantasy Score,8.5,demon,pre_game,2026-08-08T19:15:00.000-04:00
Drew Gilbert,SF,OF,Hitter Fantasy Score,7.5,demon,pre_game,2026-08-08T19:15:00.000-04:00
Spencer Torkelson,DET,IF,Hitter Fantasy Score,7.5,demon,pre_game,2026-08-08T19:15:00.000-04:00
Javier Báez,DET,IF,Hitter Fantasy Score,7.5,demon,pre_game,2026-08-08T19:15:00.000-04:00
Osleivis Basabe,SF,IF,Hitter Fantasy Score,7.5,demon,pre_game,2026-08-08T19:15:00.000-04:00
Dillon Dingler,DET,C,Hitter Fantasy Score,6.5,standard,pre_game,2026-08-08T19:15:00.000-04:00
Kevin McGonigle,DET,IF,Hitter Fantasy Score,6.5,standard,pre_game,2026-08-08T19:15:00.000-04:00
Grant McCray,SF,OF,Hitter Fantasy Score,6.5,demon,pre_game,2026-08-08T19:15:00.000-04:00
Christian Koss,SF,IF,Hitter Fantasy Score,6.5,demon,pre_game,2026-08-08T19:15:00.000-04:00
Jung Hoo Lee,SF,OF,Hitter Fantasy Score,5.5,standard,pre_game,2026-08-08T19:15:00.000-04:00
Gleyber Torres,DET,IF,Hitter Fantasy Score,5.5,standard,pre_game,2026-08-08T19:15:00.000-04:00
Riley Greene,DET,OF,Hitter Fantasy Score,5.5,standard,pre_game,2026-08-08T19:15:00.000-04:00
Willy Adames,SF,IF,Hitter Fantasy Score,5.0,standard,pre_game,2026-08-08T19:15:00.000-04:00
Rafael Devers,SF,IF,Hitter Fantasy Score,5.0,standard,pre_game,2026-08-08T19:15:00.000-04:00
Colt Keith,DET,IF,Hitter Fantasy Score,5.0,standard,pre_game,2026-08-08T19:15:00.000-04:00
Max Clark,DET,OF,Hitter Fantasy Score,4.5,standard,pre_game,2026-08-08T19:15:00.000-04:00
Spencer Torkelson,DET,IF,Hitter Fantasy Score,4.5,standard,pre_game,2026-08-08T19:15:00.000-04:00
Osleivis Basabe,SF,IF,Hitter Fantasy Score,4.5,standard,pre_game,2026-08-08T19:15:00.000-04:00
Willy Adames,SF,IF,Plate Appearances,4.5,demon,pre_game,2026-08-08T19:15:00.000-04:00
Bryce Eldridge,SF,DH,Plate Appearances,4.5,standard,pre_game,2026-08-08T19:15:00.000-04:00
Kevin McGonigle,DET,IF,Plate Appearances,4.5,goblin,pre_game,2026-08-08T19:15:00.000-04:00
Gleyber Torres,DET,IF,Plate Appearances,4.5,goblin,pre_game,2026-08-08T19:15:00.000-04:00
Riley Greene,DET,OF,Plate Appearances,4.5,demon,pre_game,2026-08-08T19:15:00.000-04:00
Rafael Devers,SF,IF,Plate Appearances,4.5,demon,pre_game,2026-08-08T19:15:00.000-04:00
Jung Hoo Lee,SF,OF,Plate Appearances,4.5,demon,pre_game,2026-08-08T19:15:00.000-04:00
Dillon Dingler,DET,C,Plate Appearances,4.5,standard,pre_game,2026-08-08T19:15:00.000-04:00
Daniel Susac,SF,C,Hitter Fantasy Score,4.0,standard,pre_game,2026-08-08T19:15:00.000-04:00
Drew Gilbert,SF,OF,Hitter Fantasy Score,4.0,standard,pre_game,2026-08-08T19:15:00.000-04:00
Nate Furman,SF,IF,Hitter Fantasy Score,4.0,standard,pre_game,2026-08-08T19:15:00.000-04:00
Dillon Dingler,DET,C,Hitter Fantasy Score,3.5,goblin,pre_game,2026-08-08T19:15:00.000-04:00
Jung Hoo Lee,SF,OF,Hitter Fantasy Score,3.5,goblin,pre_game,2026-08-08T19:15:00.000-04:00
Kevin McGonigle,DET,IF,Hitter Fantasy Score,3.5,goblin,pre_game,2026-08-08T19:15:00.000-04:00
Gleyber Torres,DET,IF,Hitter Fantasy Score,3.5,goblin,pre_game,2026-08-08T19:15:00.000-04:00
Zach McKinstry,DET,IF,Hitter Fantasy Score,3.5,standard,pre_game,2026-08-08T19:15:00.000-04:00
Javier Báez,DET,IF,Hitter Fantasy Score,3.5,standard,pre_game,2026-08-08T19:15:00.000-04:00
Grant McCray,SF,OF,Hitter Fantasy Score,3.0,standard,pre_game,2026-08-08T19:15:00.000-04:00
Christian Koss,SF,IF,Hitter Fantasy Score,3.0,standard,pre_game,2026-08-08T19:15:00.000-04:00
Willy Adames,SF,IF,Hitter Fantasy Score,2.5,goblin,pre_game,2026-08-08T19:15:00.000-04:00
Daniel Susac,SF,C,Hitter Fantasy Score,2.5,goblin,pre_game,2026-08-08T19:15:00.000-04:00
Max Clark,DET,OF,Hitter Fantasy Score,2.5,goblin,pre_game,2026-08-08T19:15:00.000-04:00
Rafael Devers,SF,IF,Hitter Fantasy Score,2.5,goblin,pre_game,2026-08-08T19:15:00.000-04:00
Colt Keith,DET,IF,Hitter Fantasy Score,2.5,goblin,pre_game,2026-08-08T19:15:00.000-04:00
Drew Gilbert,SF,OF,Hitter Fantasy Score,2.5,goblin,pre_game,2026-08-08T19:15:00.000-04:00
Spencer Torkelson,DET,IF,Hitter Fantasy Score,2.5,goblin,pre_game,2026-08-08T19:15:00.000-04:00
Riley Greene,DET,OF,Hitter Fantasy Score,2.5,goblin,pre_game,2026-08-08T19:15:00.000-04:00
Nate Furman,SF,IF,Hitter Fantasy Score,2.5,goblin,pre_game,2026-08-08T19:15:00.000-04:00
Grant McCray,SF,OF,Hitter Fantasy Score,1.5,goblin,pre_game,2026-08-08T19:15:00.000-04:00
Zach McKinstry,DET,IF,Hitter Fantasy Score,1.5,goblin,pre_game,2026-08-08T19:15:00.000-04:00
Javier Báez,DET,IF,Hitter Fantasy Score,1.5,goblin,pre_game,2026-08-08T19:15:00.000-04:00
Christian Koss,SF,IF,Hitter Fantasy Score,1.5,goblin,pre_game,2026-08-08T19:15:00.000-04:00
Osleivis Basabe,SF,IF,Hitter Fantasy Score,1.5,goblin,pre_game,2026-08-08T19:15:00.000-04:00
Gavin Williams,CLE,P,Pitches Thrown,102.5,demon,pre_game,2026-08-08T19:15:00.000-04:00
Gavin Williams,CLE,P,Pitches Thrown,94.5,standard,pre_game,2026-08-08T19:15:00.000-04:00
Anthony Kay,CWS,P,Pitches Thrown,93.5,demon,pre_game,2026-08-08T19:15:00.000-04:00
Gavin Williams,CLE,P,Pitches Thrown,89.5,goblin,pre_game,2026-08-08T19:15:00.000-04:00
Anthony Kay,CWS,P,Pitches Thrown,87.5,standard,pre_game,2026-08-08T19:15:00.000-04:00
Anthony Kay,CWS,P,Pitches Thrown,82.5,goblin,pre_game,2026-08-08T19:15:00.000-04:00
Gavin Williams,CLE,P,Pitcher Fantasy Score,49.5,demon,pre_game,2026-08-08T19:15:00.000-04:00
Gavin Williams,CLE,P,Pitcher Fantasy Score,40.5,standard,pre_game,2026-08-08T19:15:00.000-04:00
Anthony Kay,CWS,P,Pitcher Fantasy Score,31.5,demon,pre_game,2026-08-08T19:15:00.000-04:00
Gavin Williams,CLE,P,Pitcher Fantasy Score,31.5,goblin,pre_game,2026-08-08T19:15:00.000-04:00
Anthony Kay,CWS,P,Pitcher Fantasy Score,23.5,standard,pre_game,2026-08-08T19:15:00.000-04:00
Gavin Williams,CLE,P,Batters Faced,23.5,standard,pre_game,2026-08-08T19:15:00.000-04:00
Anthony Kay,CWS,P,Batters Faced,22.5,standard,pre_game,2026-08-08T19:15:00.000-04:00
Munetaka Murakami,CWS,IF,Pitches Seen,19.5,standard,pre_game,2026-08-08T19:15:00.000-04:00
Sam Antonacci,CWS,OF,Pitches Seen,18.5,standard,pre_game,2026-08-08T19:15:00.000-04:00
Steven Kwan,CLE,OF,Pitches Seen,18.5,standard,pre_game,2026-08-08T19:15:00.000-04:00
Anthony Kay,CWS,P,Pitcher Fantasy Score,17.5,goblin,pre_game,2026-08-08T19:15:00.000-04:00
Rhys Hoskins,CLE,IF,Pitches Seen,17.5,standard,pre_game,2026-08-08T19:15:00.000-04:00
José Ramírez,CLE,IF,Pitches Seen,16.5,standard,pre_game,2026-08-08T19:15:00.000-04:00
Miguel Vargas,CWS,IF,Pitches Seen,16.5,goblin,pre_game,2026-08-08T19:15:00.000-04:00
Chase DeLauter,CLE,OF,Pitches Seen,16.5,standard,pre_game,2026-08-08T19:15:00.000-04:00
Colson Montgomery,CWS,IF,Pitches Seen,16.5,standard,pre_game,2026-08-08T19:15:00.000-04:00
José Ramírez,CLE,IF,Hitter Fantasy Score,12.5,demon,pre_game,2026-08-08T19:15:00.000-04:00
Jo Adell,CLE,OF,Hitter Fantasy Score,9.5,demon,pre_game,2026-08-08T19:15:00.000-04:00
Chase DeLauter,CLE,OF,Hitter Fantasy Score,9.5,demon,pre_game,2026-08-08T19:15:00.000-04:00
Steven Kwan,CLE,OF,Hitter Fantasy Score,9.5,demon,pre_game,2026-08-08T19:15:00.000-04:00
Angel Martínez,CLE,OF,Hitter Fantasy Score,9.5,demon,pre_game,2026-08-08T19:15:00.000-04:00
Rhys Hoskins,CLE,IF,Hitter Fantasy Score,8.5,demon,pre_game,2026-08-08T19:15:00.000-04:00
Miguel Vargas,CWS,IF,Hitter Fantasy Score,8.5,demon,pre_game,2026-08-08T19:15:00.000-04:00
Sam Antonacci,CWS,OF,Hitter Fantasy Score,8.5,demon,pre_game,2026-08-08T19:15:00.000-04:00
José Ramírez,CLE,IF,Hitter Fantasy Score,7.5,standard,pre_game,2026-08-08T19:15:00.000-04:00
Travis Bazzana,CLE,IF,Hitter Fantasy Score,7.5,demon,pre_game,2026-08-08T19:15:00.000-04:00
Brayan Rocchio,CLE,IF,Hitter Fantasy Score,6.5,demon,pre_game,2026-08-08T19:15:00.000-04:00
Munetaka Murakami,CWS,IF,Hitter Fantasy Score,6.5,demon,pre_game,2026-08-08T19:15:00.000-04:00
Braden Montgomery,CWS,OF,Hitter Fantasy Score,6.5,demon,pre_game,2026-08-08T19:15:00.000-04:00
Colson Montgomery,CWS,IF,Hitter Fantasy Score,6.5,demon,pre_game,2026-08-08T19:15:00.000-04:00
Andrew Benintendi,CWS,DH,Hitter Fantasy Score,6.5,demon,pre_game,2026-08-08T19:15:00.000-04:00
Chase Meidroth,CWS,IF,Hitter Fantasy Score,6.5,demon,pre_game,2026-08-08T19:15:00.000-04:00
Drew Romo,CWS,C,Hitter Fantasy Score,5.5,demon,pre_game,2026-08-08T19:15:00.000-04:00
Tristan Peters,CWS,OF,Hitter Fantasy Score,5.5,demon,pre_game,2026-08-08T19:15:00.000-04:00
Steven Kwan,CLE,OF,Hitter Fantasy Score,5.5,standard,pre_game,2026-08-08T19:15:00.000-04:00
Sam Antonacci,CWS,OF,Hitter Fantasy Score,5.5,standard,pre_game,2026-08-08T19:15:00.000-04:00
Rhys Hoskins,CLE,IF,Hitter Fantasy Score,5.0,standard,pre_game,2026-08-08T19:15:00.000-04:00
Jo Adell,CLE,OF,Hitter Fantasy Score,5.0,standard,pre_game,2026-08-08T19:15:00.000-04:00
Chase DeLauter,CLE,OF,Hitter Fantasy Score,5.0,standard,pre_game,2026-08-08T19:15:00.000-04:00
Miguel Vargas,CWS,IF,Hitter Fantasy Score,5.0,standard,pre_game,2026-08-08T19:15:00.000-04:00
Angel Martínez,CLE,OF,Hitter Fantasy Score,5.0,standard,pre_game,2026-08-08T19:15:00.000-04:00
Munetaka Murakami,CWS,IF,Hitter Fantasy Score,4.5,standard,pre_game,2026-08-08T19:15:00.000-04:00
Colson Montgomery,CWS,IF,Hitter Fantasy Score,4.5,standard,pre_game,2026-08-08T19:15:00.000-04:00
Andrew Benintendi,CWS,DH,Hitter Fantasy Score,4.5,standard,pre_game,2026-08-08T19:15:00.000-04:00
Austin Hedges,CLE,C,Hitter Fantasy Score,4.5,demon,pre_game,2026-08-08T19:15:00.000-04:00
José Ramírez,CLE,IF,Plate Appearances,4.5,standard,pre_game,2026-08-08T19:15:00.000-04:00
Munetaka Murakami,CWS,IF,Plate Appearances,4.5,demon,pre_game,2026-08-08T19:15:00.000-04:00
Miguel Vargas,CWS,IF,Plate Appearances,4.5,demon,pre_game,2026-08-08T19:15:00.000-04:00
Rhys Hoskins,CLE,IF,Plate Appearances,4.5,demon,pre_game,2026-08-08T19:15:00.000-04:00
Chase DeLauter,CLE,OF,Plate Appearances,4.5,demon,pre_game,2026-08-08T19:15:00.000-04:00
Sam Antonacci,CWS,OF,Plate Appearances,4.5,demon,pre_game,2026-08-08T19:15:00.000-04:00
Colson Montgomery,CWS,IF,Plate Appearances,4.5,demon,pre_game,2026-08-08T19:15:00.000-04:00
Steven Kwan,CLE,OF,Plate Appearances,4.5,goblin,pre_game,2026-08-08T19:15:00.000-04:00
Braden Montgomery,CWS,OF,Hitter Fantasy Score,3.5,standard,pre_game,2026-08-08T19:15:00.000-04:00
Steven Kwan,CLE,OF,Hitter Fantasy Score,3.5,goblin,pre_game,2026-08-08T19:15:00.000-04:00
José Ramírez,CLE,IF,Hitter Fantasy Score,3.5,goblin,pre_game,2026-08-08T19:15:00.000-04:00
Chase Meidroth,CWS,IF,Hitter Fantasy Score,3.5,standard,pre_game,2026-08-08T19:15:00.000-04:00
Travis Bazzana,CLE,IF,Hitter Fantasy Score,3.5,standard,pre_game,2026-08-08T19:15:00.000-04:00
Brayan Rocchio,CLE,IF,Hitter Fantasy Score,3.0,standard,pre_game,2026-08-08T19:15:00.000-04:00
Tristan Peters,CWS,OF,Hitter Fantasy Score,3.0,standard,pre_game,2026-08-08T19:15:00.000-04:00
Drew Romo,CWS,C,Hitter Fantasy Score,2.5,standard,pre_game,2026-08-08T19:15:00.000-04:00
Rhys Hoskins,CLE,IF,Hitter Fantasy Score,2.5,goblin,pre_game,2026-08-08T19:15:00.000-04:00
Jo Adell,CLE,OF,Hitter Fantasy Score,2.5,goblin,pre_game,2026-08-08T19:15:00.000-04:00
Chase DeLauter,CLE,OF,Hitter Fantasy Score,2.5,goblin,pre_game,2026-08-08T19:15:00.000-04:00
Austin Hedges,CLE,C,Hitter Fantasy Score,2.5,standard,pre_game,2026-08-08T19:15:00.000-04:00
Miguel Vargas,CWS,IF,Hitter Fantasy Score,2.5,goblin,pre_game,2026-08-08T19:15:00.000-04:00
Sam Antonacci,CWS,OF,Hitter Fantasy Score,2.5,goblin,pre_game,2026-08-08T19:15:00.000-04:00
Angel Martínez,CLE,OF,Hitter Fantasy Score,2.5,goblin,pre_game,2026-08-08T19:15:00.000-04:00
Drew Romo,CWS,C,Hitter Fantasy Score,1.5,goblin,pre_game,2026-08-08T19:15:00.000-04:00
Brayan Rocchio,CLE,IF,Hitter Fantasy Score,1.5,goblin,pre_game,2026-08-08T19:15:00.000-04:00
Munetaka Murakami,CWS,IF,Hitter Fantasy Score,1.5,goblin,pre_game,2026-08-08T19:15:00.000-04:00
Tristan Peters,CWS,OF,Hitter Fantasy Score,1.5,goblin,pre_game,2026-08-08T19:15:00.000-04:00
Braden Montgomery,CWS,OF,Hitter Fantasy Score,1.5,goblin,pre_game,2026-08-08T19:15:00.000-04:00
Colson Montgomery,CWS,IF,Hitter Fantasy Score,1.5,goblin,pre_game,2026-08-08T19:15:00.000-04:00
Andrew Benintendi,CWS,DH,Hitter Fantasy Score,1.5,goblin,pre_game,2026-08-08T19:15:00.000-04:00
Austin Hedges,CLE,C,Hitter Fantasy Score,1.5,goblin,pre_game,2026-08-08T19:15:00.000-04:00
Chase Meidroth,CWS,IF,Hitter Fantasy Score,1.5,goblin,pre_game,2026-08-08T19:15:00.000-04:00
Travis Bazzana,CLE,IF,Hitter Fantasy Score,1.5,goblin,pre_game,2026-08-08T19:15:00.000-04:00
Matthew Liberatore,STL,P,Pitches Thrown,93.5,demon,pre_game,2026-08-08T19:15:00.000-04:00
Matthew Liberatore,STL,P,Pitches Thrown,87.5,standard,pre_game,2026-08-08T19:15:00.000-04:00
Matthew Liberatore,STL,P,Pitches Thrown,81.5,goblin,pre_game,2026-08-08T19:15:00.000-04:00
Matthew Liberatore,STL,P,Pitcher Fantasy Score,37.5,demon,pre_game,2026-08-08T19:15:00.000-04:00
Kyle Freeland,COL,P,Pitcher Fantasy Score,32.5,demon,pre_game,2026-08-08T19:15:00.000-04:00
Matthew Liberatore,STL,P,Pitcher Fantasy Score,29.5,standard,pre_game,2026-08-08T19:15:00.000-04:00
Kyle Freeland,COL,P,Batters Faced,25.5,standard,pre_game,2026-08-08T19:15:00.000-04:00
Kyle Freeland,COL,P,Pitcher Fantasy Score,24.5,standard,pre_game,2026-08-08T19:15:00.000-04:00
Matthew Liberatore,STL,P,Batters Faced,23.5,goblin,pre_game,2026-08-08T19:15:00.000-04:00
Matthew Liberatore,STL,P,Pitcher Fantasy Score,21.5,goblin,pre_game,2026-08-08T19:15:00.000-04:00
Kyle Karros,COL,IF,Pitches Seen,16.5,standard,pre_game,2026-08-08T19:15:00.000-04:00
Jake McCarthy,COL,OF,Pitches Seen,16.5,standard,pre_game,2026-08-08T19:15:00.000-04:00
JJ Wetherholt,STL,IF,Pitches Seen,16.5,demon,pre_game,2026-08-08T19:15:00.000-04:00
Hunter Goodman,COL,C,Pitches Seen,15.5,standard,pre_game,2026-08-08T19:15:00.000-04:00
Ivan Herrera,STL,DH,Pitches Seen,15.5,standard,pre_game,2026-08-08T19:15:00.000-04:00
Cole Carrigg,COL,OF,Pitches Seen,15.5,standard,pre_game,2026-08-08T19:15:00.000-04:00
Kyle Freeland,COL,P,Pitcher Fantasy Score,15.5,goblin,pre_game,2026-08-08T19:15:00.000-04:00
Jordan Walker,STL,OF,Pitches Seen,14.5,goblin,pre_game,2026-08-08T19:15:00.000-04:00
Alec Burleson,STL,IF,Pitches Seen,13.5,goblin,pre_game,2026-08-08T19:15:00.000-04:00
Jake McCarthy,COL,OF,Hitter Fantasy Score,11.5,demon,pre_game,2026-08-08T19:15:00.000-04:00
Jordan Walker,STL,OF,Hitter Fantasy Score,10.5,demon,pre_game,2026-08-08T19:15:00.000-04:00
Cole Carrigg,COL,OF,Hitter Fantasy Score,9.5,demon,pre_game,2026-08-08T19:15:00.000-04:00
Hunter Goodman,COL,C,Hitter Fantasy Score,9.5,demon,pre_game,2026-08-08T19:15:00.000-04:00
Kyle Karros,COL,IF,Hitter Fantasy Score,9.5,demon,pre_game,2026-08-08T19:15:00.000-04:00
Ivan Herrera,STL,DH,Hitter Fantasy Score,8.5,demon,pre_game,2026-08-08T19:15:00.000-04:00
Alec Burleson,STL,IF,Hitter Fantasy Score,8.5,demon,pre_game,2026-08-08T19:15:00.000-04:00
Willi Castro,COL,IF,Hitter Fantasy Score,8.5,demon,pre_game,2026-08-08T19:15:00.000-04:00
Masyn Winn,STL,IF,Hitter Fantasy Score,8.5,demon,pre_game,2026-08-08T19:15:00.000-04:00
Tyler Freeman,COL,OF,Hitter Fantasy Score,8.5,demon,pre_game,2026-08-08T19:15:00.000-04:00
JJ Wetherholt,STL,IF,Hitter Fantasy Score,7.5,demon,pre_game,2026-08-08T19:15:00.000-04:00
Jake McCarthy,COL,OF,Hitter Fantasy Score,7.5,standard,pre_game,2026-08-08T19:15:00.000-04:00
José Fermín,STL,OF,Hitter Fantasy Score,7.5,demon,pre_game,2026-08-08T19:15:00.000-04:00
Pedro Pagés,STL,C,Hitter Fantasy Score,7.5,demon,pre_game,2026-08-08T19:15:00.000-04:00
Brett Sullivan,COL,C,Hitter Fantasy Score,7.5,demon,pre_game,2026-08-08T19:15:00.000-04:00
Ezequiel Tovar,COL,IF,Hitter Fantasy Score,6.5,demon,pre_game,2026-08-08T19:15:00.000-04:00
Troy Johnston,COL,OF,Hitter Fantasy Score,6.5,demon,pre_game,2026-08-08T19:15:00.000-04:00
Nathan Church,STL,OF,Hitter Fantasy Score,6.5,demon,pre_game,2026-08-08T19:15:00.000-04:00
Jordan Walker,STL,OF,Hitter Fantasy Score,6.5,standard,pre_game,2026-08-08T19:15:00.000-04:00
Bryan Torres,STL,OF,Hitter Fantasy Score,5.5,demon,pre_game,2026-08-08T19:15:00.000-04:00
Cole Carrigg,COL,OF,Hitter Fantasy Score,5.5,standard,pre_game,2026-08-08T19:15:00.000-04:00
Ivan Herrera,STL,DH,Hitter Fantasy Score,5.5,standard,pre_game,2026-08-08T19:15:00.000-04:00
Alec Burleson,STL,IF,Hitter Fantasy Score,5.5,standard,pre_game,2026-08-08T19:15:00.000-04:00
Hunter Goodman,COL,C,Hitter Fantasy Score,5.5,standard,pre_game,2026-08-08T19:15:00.000-04:00
Kyle Karros,COL,IF,Hitter Fantasy Score,5.5,standard,pre_game,2026-08-08T19:15:00.000-04:00
JJ Wetherholt,STL,IF,Hitter Fantasy Score,5.0,standard,pre_game,2026-08-08T19:15:00.000-04:00
Masyn Winn,STL,IF,Hitter Fantasy Score,5.0,standard,pre_game,2026-08-08T19:15:00.000-04:00
Willi Castro,COL,IF,Hitter Fantasy Score,4.5,standard,pre_game,2026-08-08T19:15:00.000-04:00
José Fermín,STL,OF,Hitter Fantasy Score,4.5,standard,pre_game,2026-08-08T19:15:00.000-04:00
Kyle Karros,COL,IF,Plate Appearances,4.5,demon,pre_game,2026-08-08T19:15:00.000-04:00
Hunter Goodman,COL,C,Plate Appearances,4.5,demon,pre_game,2026-08-08T19:15:00.000-04:00
Jake McCarthy,COL,OF,Plate Appearances,4.5,goblin,pre_game,2026-08-08T19:15:00.000-04:00
Ivan Herrera,STL,DH,Plate Appearances,4.5,demon,pre_game,2026-08-08T19:15:00.000-04:00
Cole Carrigg,COL,OF,Plate Appearances,4.5,demon,pre_game,2026-08-08T19:15:00.000-04:00
JJ Wetherholt,STL,IF,Plate Appearances,4.5,demon,pre_game,2026-08-08T19:15:00.000-04:00
Jordan Walker,STL,OF,Plate Appearances,4.5,demon,pre_game,2026-08-08T19:15:00.000-04:00
Alec Burleson,STL,IF,Plate Appearances,4.5,demon,pre_game,2026-08-08T19:15:00.000-04:00
Brett Sullivan,COL,C,Hitter Fantasy Score,4.0,standard,pre_game,2026-08-08T19:15:00.000-04:00
Tyler Freeman,COL,OF,Hitter Fantasy Score,4.0,standard,pre_game,2026-08-08T19:15:00.000-04:00
Troy Johnston,COL,OF,Hitter Fantasy Score,3.5,standard,pre_game,2026-08-08T19:15:00.000-04:00
Nathan Church,STL,OF,Hitter Fantasy Score,3.5,standard,pre_game,2026-08-08T19:15:00.000-04:00
Jake McCarthy,COL,OF,Hitter Fantasy Score,3.5,goblin,pre_game,2026-08-08T19:15:00.000-04:00
Pedro Pagés,STL,C,Hitter Fantasy Score,3.5,standard,pre_game,2026-08-08T19:15:00.000-04:00
Ezequiel Tovar,COL,IF,Hitter Fantasy Score,3.0,standard,pre_game,2026-08-08T19:15:00.000-04:00
Bryan Torres,STL,OF,Hitter Fantasy Score,3.0,standard,pre_game,2026-08-08T19:15:00.000-04:00
JJ Wetherholt,STL,IF,Hitter Fantasy Score,2.5,goblin,pre_game,2026-08-08T19:15:00.000-04:00
Cole Carrigg,COL,OF,Hitter Fantasy Score,2.5,goblin,pre_game,2026-08-08T19:15:00.000-04:00
Ivan Herrera,STL,DH,Hitter Fantasy Score,2.5,goblin,pre_game,2026-08-08T19:15:00.000-04:00
Alec Burleson,STL,IF,Hitter Fantasy Score,2.5,goblin,pre_game,2026-08-08T19:15:00.000-04:00
Hunter Goodman,COL,C,Hitter Fantasy Score,2.5,goblin,pre_game,2026-08-08T19:15:00.000-04:00
Willi Castro,COL,IF,Hitter Fantasy Score,2.5,goblin,pre_game,2026-08-08T19:15:00.000-04:00
Masyn Winn,STL,IF,Hitter Fantasy Score,2.5,goblin,pre_game,2026-08-08T19:15:00.000-04:00
José Fermín,STL,OF,Hitter Fantasy Score,2.5,goblin,pre_game,2026-08-08T19:15:00.000-04:00
Jordan Walker,STL,OF,Hitter Fantasy Score,2.5,goblin,pre_game,2026-08-08T19:15:00.000-04:00
Brett Sullivan,COL,C,Hitter Fantasy Score,2.5,goblin,pre_game,2026-08-08T19:15:00.000-04:00
Kyle Karros,COL,IF,Hitter Fantasy Score,2.5,goblin,pre_game,2026-08-08T19:15:00.000-04:00
Tyler Freeman,COL,OF,Hitter Fantasy Score,2.5,goblin,pre_game,2026-08-08T19:15:00.000-04:00
Ezequiel Tovar,COL,IF,Hitter Fantasy Score,1.5,goblin,pre_game,2026-08-08T19:15:00.000-04:00
Bryan Torres,STL,OF,Hitter Fantasy Score,1.5,goblin,pre_game,2026-08-08T19:15:00.000-04:00
Troy Johnston,COL,OF,Hitter Fantasy Score,1.5,goblin,pre_game,2026-08-08T19:15:00.000-04:00
Nathan Church,STL,OF,Hitter Fantasy Score,1.5,goblin,pre_game,2026-08-08T19:15:00.000-04:00
Pedro Pagés,STL,C,Hitter Fantasy Score,1.5,goblin,pre_game,2026-08-08T19:15:00.000-04:00
Michael King,SD,P,Pitches Thrown,103.5,demon,pre_game,2026-08-08T19:15:00.000-04:00
Peter Lambert,HOU,P,Pitches Thrown,99.5,demon,pre_game,2026-08-08T19:15:00.000-04:00
Michael King,SD,P,Pitches Thrown,96.5,standard,pre_game,2026-08-08T19:15:00.000-04:00
Michael King,SD,P,Pitches Thrown,91.5,goblin,pre_game,2026-08-08T19:15:00.000-04:00
Peter Lambert,HOU,P,Pitches Thrown,90.5,standard,pre_game,2026-08-08T19:15:00.000-04:00
Peter Lambert,HOU,P,Pitches Thrown,85.5,goblin,pre_game,2026-08-08T19:15:00.000-04:00
Michael King,SD,P,Pitcher Fantasy Score,36.5,demon,pre_game,2026-08-08T19:15:00.000-04:00
Peter Lambert,HOU,P,Pitcher Fantasy Score,35.5,demon,pre_game,2026-08-08T19:15:00.000-04:00
Michael King,SD,P,Pitcher Fantasy Score,28.5,standard,pre_game,2026-08-08T19:15:00.000-04:00
Peter Lambert,HOU,P,Pitcher Fantasy Score,27.5,standard,pre_game,2026-08-08T19:15:00.000-04:00
Michael King,SD,P,Batters Faced,24.5,standard,pre_game,2026-08-08T19:15:00.000-04:00
Peter Lambert,HOU,P,Batters Faced,24.5,goblin,pre_game,2026-08-08T19:15:00.000-04:00
Michael King,SD,P,Pitcher Fantasy Score,20.5,goblin,pre_game,2026-08-08T19:15:00.000-04:00
Peter Lambert,HOU,P,Pitcher Fantasy Score,19.5,goblin,pre_game,2026-08-08T19:15:00.000-04:00
Yordan Alvarez,HOU,DH,Pitches Seen,17.5,standard,pre_game,2026-08-08T19:15:00.000-04:00
Isaac Paredes,HOU,IF,Pitches Seen,17.5,standard,pre_game,2026-08-08T19:15:00.000-04:00
Jeremy Peña,HOU,IF,Pitches Seen,17.5,standard,pre_game,2026-08-08T19:15:00.000-04:00
Manny Machado,SD,IF,Pitches Seen,16.5,demon,pre_game,2026-08-08T19:15:00.000-04:00
Jake Cronenworth,SD,IF,Pitches Seen,16.5,standard,pre_game,2026-08-08T19:15:00.000-04:00
Daulton Varsho,HOU,OF,Pitches Seen,16.5,standard,pre_game,2026-08-08T19:15:00.000-04:00
Fernando Tatis Jr.,SD,OF,Pitches Seen,16.5,standard,pre_game,2026-08-08T19:15:00.000-04:00
Ty France,SD,IF,Pitches Seen,15.5,demon,pre_game,2026-08-08T19:15:00.000-04:00
Fernando Tatis Jr.,SD,OF,Hitter Fantasy Score,12.5,demon,pre_game,2026-08-08T19:15:00.000-04:00
Yordan Alvarez,HOU,DH,Hitter Fantasy Score,11.5,demon,pre_game,2026-08-08T19:15:00.000-04:00
Jeremy Peña,HOU,IF,Hitter Fantasy Score,11.5,demon,pre_game,2026-08-08T19:15:00.000-04:00
Daulton Varsho,HOU,OF,Hitter Fantasy Score,9.5,demon,pre_game,2026-08-08T19:15:00.000-04:00
Ty France,SD,IF,Hitter Fantasy Score,9.5,demon,pre_game,2026-08-08T19:15:00.000-04:00
Jake Cronenworth,SD,IF,Hitter Fantasy Score,9.5,demon,pre_game,2026-08-08T19:15:00.000-04:00
Jose Altuve,HOU,IF,Hitter Fantasy Score,8.5,demon,pre_game,2026-08-08T19:15:00.000-04:00
Jackson Merrill,SD,OF,Hitter Fantasy Score,8.5,demon,pre_game,2026-08-08T19:15:00.000-04:00
Taylor Trammell,HOU,OF,Hitter Fantasy Score,8.5,demon,pre_game,2026-08-08T19:15:00.000-04:00
Manny Machado,SD,IF,Hitter Fantasy Score,8.5,demon,pre_game,2026-08-08T19:15:00.000-04:00
Isaac Paredes,HOU,IF,Hitter Fantasy Score,8.5,demon,pre_game,2026-08-08T19:15:00.000-04:00
Gavin Sheets,SD,IF,Hitter Fantasy Score,7.5,demon,pre_game,2026-08-08T19:15:00.000-04:00
Xander Bogaerts,SD,IF,Hitter Fantasy Score,7.5,demon,pre_game,2026-08-08T19:15:00.000-04:00
Luis Campusano,SD,C,Hitter Fantasy Score,7.5,demon,pre_game,2026-08-08T19:15:00.000-04:00
Yordan Alvarez,HOU,DH,Hitter Fantasy Score,7.0,standard,pre_game,2026-08-08T19:15:00.000-04:00
Fernando Tatis Jr.,SD,OF,Hitter Fantasy Score,6.5,standard,pre_game,2026-08-08T19:15:00.000-04:00
Cam Smith,HOU,OF,Hitter Fantasy Score,6.5,demon,pre_game,2026-08-08T19:15:00.000-04:00
Yainer Diaz,HOU,C,Hitter Fantasy Score,6.5,demon,pre_game,2026-08-08T19:15:00.000-04:00
Jeremy Peña,HOU,IF,Hitter Fantasy Score,6.5,standard,pre_game,2026-08-08T19:15:00.000-04:00
Daulton Varsho,HOU,OF,Hitter Fantasy Score,5.5,standard,pre_game,2026-08-08T19:15:00.000-04:00
Sung-Mun Song,SD,IF,Hitter Fantasy Score,5.5,demon,pre_game,2026-08-08T19:15:00.000-04:00
LaMonte Wade Jr.,HOU,OF,Hitter Fantasy Score,5.5,demon,pre_game,2026-08-08T19:15:00.000-04:00
Jose Altuve,HOU,IF,Hitter Fantasy Score,5.0,standard,pre_game,2026-08-08T19:15:00.000-04:00
Ty France,SD,IF,Hitter Fantasy Score,5.0,standard,pre_game,2026-08-08T19:15:00.000-04:00
Jackson Merrill,SD,OF,Hitter Fantasy Score,5.0,standard,pre_game,2026-08-08T19:15:00.000-04:00
Manny Machado,SD,IF,Hitter Fantasy Score,5.0,standard,pre_game,2026-08-08T19:15:00.000-04:00
Isaac Paredes,HOU,IF,Hitter Fantasy Score,5.0,standard,pre_game,2026-08-08T19:15:00.000-04:00
Jake Cronenworth,SD,IF,Hitter Fantasy Score,5.0,standard,pre_game,2026-08-08T19:15:00.000-04:00
Gavin Sheets,SD,IF,Hitter Fantasy Score,4.5,standard,pre_game,2026-08-08T19:15:00.000-04:00
Luis Campusano,SD,C,Hitter Fantasy Score,4.5,standard,pre_game,2026-08-08T19:15:00.000-04:00
Yordan Alvarez,HOU,DH,Hitter Fantasy Score,4.5,goblin,pre_game,2026-08-08T19:15:00.000-04:00
Manny Machado,SD,IF,Plate Appearances,4.5,demon,pre_game,2026-08-08T19:15:00.000-04:00
Yordan Alvarez,HOU,DH,Plate Appearances,4.5,standard,pre_game,2026-08-08T19:15:00.000-04:00
Jake Cronenworth,SD,IF,Plate Appearances,4.5,demon,pre_game,2026-08-08T19:15:00.000-04:00
Isaac Paredes,HOU,IF,Plate Appearances,4.5,demon,pre_game,2026-08-08T19:15:00.000-04:00
Ty France,SD,IF,Plate Appearances,4.5,demon,pre_game,2026-08-08T19:15:00.000-04:00
Daulton Varsho,HOU,OF,Plate Appearances,4.5,demon,pre_game,2026-08-08T19:15:00.000-04:00
Jeremy Peña,HOU,IF,Plate Appearances,4.5,goblin,pre_game,2026-08-08T19:15:00.000-04:00
Fernando Tatis Jr.,SD,OF,Plate Appearances,4.5,demon,pre_game,2026-08-08T19:15:00.000-04:00
Taylor Trammell,HOU,OF,Hitter Fantasy Score,4.0,standard,pre_game,2026-08-08T19:15:00.000-04:00
Xander Bogaerts,SD,IF,Hitter Fantasy Score,4.0,standard,pre_game,2026-08-08T19:15:00.000-04:00
Fernando Tatis Jr.,SD,OF,Hitter Fantasy Score,3.5,goblin,pre_game,2026-08-08T19:15:00.000-04:00
Cam Smith,HOU,OF,Hitter Fantasy Score,3.5,standard,pre_game,2026-08-08T19:15:00.000-04:00
Yainer Diaz,HOU,C,Hitter Fantasy Score,3.5,standard,pre_game,2026-08-08T19:15:00.000-04:00
Jeremy Peña,HOU,IF,Hitter Fantasy Score,3.5,goblin,pre_game,2026-08-08T19:15:00.000-04:00
LaMonte Wade Jr.,HOU,OF,Hitter Fantasy Score,3.0,standard,pre_game,2026-08-08T19:15:00.000-04:00
Jose Altuve,HOU,IF,Hitter Fantasy Score,2.5,goblin,pre_game,2026-08-08T19:15:00.000-04:00
Daulton Varsho,HOU,OF,Hitter Fantasy Score,2.5,goblin,pre_game,2026-08-08T19:15:00.000-04:00
Ty France,SD,IF,Hitter Fantasy Score,2.5,goblin,pre_game,2026-08-08T19:15:00.000-04:00
Jackson Merrill,SD,OF,Hitter Fantasy Score,2.5,goblin,pre_game,2026-08-08T19:15:00.000-04:00
Taylor Trammell,HOU,OF,Hitter Fantasy Score,2.5,goblin,pre_game,2026-08-08T19:15:00.000-04:00
Sung-Mun Song,SD,IF,Hitter Fantasy Score,2.5,standard,pre_game,2026-08-08T19:15:00.000-04:00
Manny Machado,SD,IF,Hitter Fantasy Score,2.5,goblin,pre_game,2026-08-08T19:15:00.000-04:00
Gavin Sheets,SD,IF,Hitter Fantasy Score,2.5,goblin,pre_game,2026-08-08T19:15:00.000-04:00
Luis Campusano,SD,C,Hitter Fantasy Score,2.5,goblin,pre_game,2026-08-08T19:15:00.000-04:00
Isaac Paredes,HOU,IF,Hitter Fantasy Score,2.5,goblin,pre_game,2026-08-08T19:15:00.000-04:00
Jake Cronenworth,SD,IF,Hitter Fantasy Score,2.5,goblin,pre_game,2026-08-08T19:15:00.000-04:00
Cam Smith,HOU,OF,Hitter Fantasy Score,1.5,goblin,pre_game,2026-08-08T19:15:00.000-04:00
Sung-Mun Song,SD,IF,Hitter Fantasy Score,1.5,goblin,pre_game,2026-08-08T19:15:00.000-04:00
Yainer Diaz,HOU,C,Hitter Fantasy Score,1.5,goblin,pre_game,2026-08-08T19:15:00.000-04:00
LaMonte Wade Jr.,HOU,OF,Hitter Fantasy Score,1.5,goblin,pre_game,2026-08-08T19:15:00.000-04:00
Xander Bogaerts,SD,IF,Hitter Fantasy Score,1.5,goblin,pre_game,2026-08-08T19:15:00.000-04:00
Jacob deGrom,TEX,P,Pitches Thrown,96.5,demon,pre_game,2026-08-08T19:15:00.000-04:00
Kyle Bradish,BAL,P,Pitches Thrown,95.5,demon,pre_game,2026-08-08T19:15:00.000-04:00
Jacob deGrom,TEX,P,Pitches Thrown,91.5,standard,pre_game,2026-08-08T19:15:00.000-04:00
Kyle Bradish,BAL,P,Pitches Thrown,90.5,standard,pre_game,2026-08-08T19:15:00.000-04:00
Jacob deGrom,TEX,P,Pitches Thrown,85.5,goblin,pre_game,2026-08-08T19:15:00.000-04:00
Kyle Bradish,BAL,P,Pitches Thrown,84.5,goblin,pre_game,2026-08-08T19:15:00.000-04:00
Jacob deGrom,TEX,P,Pitcher Fantasy Score,46.5,demon,pre_game,2026-08-08T19:15:00.000-04:00
Kyle Bradish,BAL,P,Pitcher Fantasy Score,38.5,demon,pre_game,2026-08-08T19:15:00.000-04:00
Jacob deGrom,TEX,P,Pitcher Fantasy Score,38.5,standard,pre_game,2026-08-08T19:15:00.000-04:00
Jacob deGrom,TEX,P,Pitcher Fantasy Score,31.5,goblin,pre_game,2026-08-08T19:15:00.000-04:00
Kyle Bradish,BAL,P,Pitcher Fantasy Score,29.5,standard,pre_game,2026-08-08T19:15:00.000-04:00
Kyle Bradish,BAL,P,Batters Faced,23.5,standard,pre_game,2026-08-08T19:15:00.000-04:00
Jacob deGrom,TEX,P,Batters Faced,23.5,demon,pre_game,2026-08-08T19:15:00.000-04:00
Kyle Bradish,BAL,P,Pitcher Fantasy Score,21.5,goblin,pre_game,2026-08-08T19:15:00.000-04:00
Dylan Beavers,BAL,OF,Pitches Seen,18.5,standard,pre_game,2026-08-08T19:15:00.000-04:00
Pete Alonso,BAL,IF,Pitches Seen,16.5,goblin,pre_game,2026-08-08T19:15:00.000-04:00
Corey Seager,TEX,IF,Pitches Seen,16.5,standard,pre_game,2026-08-08T19:15:00.000-04:00
Gunnar Henderson,BAL,IF,Pitches Seen,16.5,standard,pre_game,2026-08-08T19:15:00.000-04:00
Wyatt Langford,TEX,OF,Pitches Seen,16.5,standard,pre_game,2026-08-08T19:15:00.000-04:00
Brandon Nimmo,TEX,OF,Pitches Seen,15.5,standard,pre_game,2026-08-08T19:15:00.000-04:00
Joc Pederson,TEX,DH,Pitches Seen,15.5,standard,pre_game,2026-08-08T19:15:00.000-04:00
Christian Encarnacion-Strand,BAL,IF,Pitches Seen,15.5,standard,pre_game,2026-08-08T19:15:00.000-04:00
Gunnar Henderson,BAL,IF,Hitter Fantasy Score,10.5,demon,pre_game,2026-08-08T19:15:00.000-04:00
Pete Alonso,BAL,IF,Hitter Fantasy Score,9.5,demon,pre_game,2026-08-08T19:15:00.000-04:00
Dylan Beavers,BAL,OF,Hitter Fantasy Score,9.5,demon,pre_game,2026-08-08T19:15:00.000-04:00
Wyatt Langford,TEX,OF,Hitter Fantasy Score,9.5,demon,pre_game,2026-08-08T19:15:00.000-04:00
Brandon Nimmo,TEX,OF,Hitter Fantasy Score,8.5,demon,pre_game,2026-08-08T19:15:00.000-04:00
Corey Seager,TEX,IF,Hitter Fantasy Score,8.5,demon,pre_game,2026-08-08T19:15:00.000-04:00
Jackson Holliday,BAL,IF,Hitter Fantasy Score,7.5,demon,pre_game,2026-08-08T19:15:00.000-04:00
Joc Pederson,TEX,DH,Hitter Fantasy Score,7.5,demon,pre_game,2026-08-08T19:15:00.000-04:00
Ezequiel Duran,TEX,IF,Hitter Fantasy Score,7.5,demon,pre_game,2026-08-08T19:15:00.000-04:00
Evan Carter,TEX,OF,Hitter Fantasy Score,7.5,demon,pre_game,2026-08-08T19:15:00.000-04:00
Christian Encarnacion-Strand,BAL,IF,Hitter Fantasy Score,7.5,demon,pre_game,2026-08-08T19:15:00.000-04:00
Leody Taveras,BAL,OF,Hitter Fantasy Score,7.5,demon,pre_game,2026-08-08T19:15:00.000-04:00
Jake Burger,TEX,IF,Hitter Fantasy Score,7.5,demon,pre_game,2026-08-08T19:15:00.000-04:00
Colton Cowser,BAL,OF,Hitter Fantasy Score,6.5,demon,pre_game,2026-08-08T19:15:00.000-04:00
Coby Mayo,BAL,IF,Hitter Fantasy Score,6.5,demon,pre_game,2026-08-08T19:15:00.000-04:00
Elias Díaz,TEX,C,Hitter Fantasy Score,5.5,demon,pre_game,2026-08-08T19:15:00.000-04:00
Pete Alonso,BAL,IF,Hitter Fantasy Score,5.5,standard,pre_game,2026-08-08T19:15:00.000-04:00
Nicky Lopez,TEX,IF,Hitter Fantasy Score,5.5,demon,pre_game,2026-08-08T19:15:00.000-04:00
Gunnar Henderson,BAL,IF,Hitter Fantasy Score,5.5,standard,pre_game,2026-08-08T19:15:00.000-04:00
Wyatt Langford,TEX,OF,Hitter Fantasy Score,5.5,standard,pre_game,2026-08-08T19:15:00.000-04:00
Carlos Narváez,BAL,C,Hitter Fantasy Score,5.5,demon,pre_game,2026-08-08T19:15:00.000-04:00
Brandon Nimmo,TEX,OF,Hitter Fantasy Score,5.0,standard,pre_game,2026-08-08T19:15:00.000-04:00
Corey Seager,TEX,IF,Hitter Fantasy Score,5.0,standard,pre_game,2026-08-08T19:15:00.000-04:00
Jackson Holliday,BAL,IF,Hitter Fantasy Score,4.5,standard,pre_game,2026-08-08T19:15:00.000-04:00
Joc Pederson,TEX,DH,Hitter Fantasy Score,4.5,standard,pre_game,2026-08-08T19:15:00.000-04:00
Dylan Beavers,BAL,OF,Hitter Fantasy Score,4.5,standard,pre_game,2026-08-08T19:15:00.000-04:00
Ezequiel Duran,TEX,IF,Hitter Fantasy Score,4.5,standard,pre_game,2026-08-08T19:15:00.000-04:00
Evan Carter,TEX,OF,Hitter Fantasy Score,4.5,standard,pre_game,2026-08-08T19:15:00.000-04:00
Christian Encarnacion-Strand,BAL,IF,Hitter Fantasy Score,4.5,standard,pre_game,2026-08-08T19:15:00.000-04:00
Jake Burger,TEX,IF,Hitter Fantasy Score,4.5,standard,pre_game,2026-08-08T19:15:00.000-04:00
Pete Alonso,BAL,IF,Plate Appearances,4.5,demon,pre_game,2026-08-08T19:15:00.000-04:00
Corey Seager,TEX,IF,Plate Appearances,4.5,demon,pre_game,2026-08-08T19:15:00.000-04:00
Dylan Beavers,BAL,OF,Plate Appearances,4.5,goblin,pre_game,2026-08-08T19:15:00.000-04:00
Brandon Nimmo,TEX,OF,Plate Appearances,4.5,demon,pre_game,2026-08-08T19:15:00.000-04:00
Gunnar Henderson,BAL,IF,Plate Appearances,4.5,demon,pre_game,2026-08-08T19:15:00.000-04:00
Wyatt Langford,TEX,OF,Plate Appearances,4.5,demon,pre_game,2026-08-08T19:15:00.000-04:00
Christian Encarnacion-Strand,BAL,IF,Plate Appearances,4.5,demon,pre_game,2026-08-08T19:15:00.000-04:00
Leody Taveras,BAL,OF,Hitter Fantasy Score,4.0,standard,pre_game,2026-08-08T19:15:00.000-04:00
Coby Mayo,BAL,IF,Hitter Fantasy Score,3.5,standard,pre_game,2026-08-08T19:15:00.000-04:00
Joc Pederson,TEX,DH,Plate Appearances,3.5,goblin,pre_game,2026-08-08T19:15:00.000-04:00
Elias Díaz,TEX,C,Hitter Fantasy Score,3.0,standard,pre_game,2026-08-08T19:15:00.000-04:00
Nicky Lopez,TEX,IF,Hitter Fantasy Score,3.0,standard,pre_game,2026-08-08T19:15:00.000-04:00
Colton Cowser,BAL,OF,Hitter Fantasy Score,3.0,standard,pre_game,2026-08-08T19:15:00.000-04:00
Pete Alonso,BAL,IF,Hitter Fantasy Score,2.5,goblin,pre_game,2026-08-08T19:15:00.000-04:00
Joc Pederson,TEX,DH,Hitter Fantasy Score,2.5,goblin,pre_game,2026-08-08T19:15:00.000-04:00
Gunnar Henderson,BAL,IF,Hitter Fantasy Score,2.5,goblin,pre_game,2026-08-08T19:15:00.000-04:00
Dylan Beavers,BAL,OF,Hitter Fantasy Score,2.5,goblin,pre_game,2026-08-08T19:15:00.000-04:00
Ezequiel Duran,TEX,IF,Hitter Fantasy Score,2.5,goblin,pre_game,2026-08-08T19:15:00.000-04:00
Brandon Nimmo,TEX,OF,Hitter Fantasy Score,2.5,goblin,pre_game,2026-08-08T19:15:00.000-04:00
Christian Encarnacion-Strand,BAL,IF,Hitter Fantasy Score,2.5,goblin,pre_game,2026-08-08T19:15:00.000-04:00
Corey Seager,TEX,IF,Hitter Fantasy Score,2.5,goblin,pre_game,2026-08-08T19:15:00.000-04:00
Wyatt Langford,TEX,OF,Hitter Fantasy Score,2.5,goblin,pre_game,2026-08-08T19:15:00.000-04:00
Carlos Narváez,BAL,C,Hitter Fantasy Score,2.5,standard,pre_game,2026-08-08T19:15:00.000-04:00
Jackson Holliday,BAL,IF,Hitter Fantasy Score,1.5,goblin,pre_game,2026-08-08T19:15:00.000-04:00
Elias Díaz,TEX,C,Hitter Fantasy Score,1.5,goblin,pre_game,2026-08-08T19:15:00.000-04:00
Nicky Lopez,TEX,IF,Hitter Fantasy Score,1.5,goblin,pre_game,2026-08-08T19:15:00.000-04:00
Evan Carter,TEX,OF,Hitter Fantasy Score,1.5,goblin,pre_game,2026-08-08T19:15:00.000-04:00
Leody Taveras,BAL,OF,Hitter Fantasy Score,1.5,goblin,pre_game,2026-08-08T19:15:00.000-04:00
Colton Cowser,BAL,OF,Hitter Fantasy Score,1.5,goblin,pre_game,2026-08-08T19:15:00.000-04:00
Coby Mayo,BAL,IF,Hitter Fantasy Score,1.5,goblin,pre_game,2026-08-08T19:15:00.000-04:00
Jake Burger,TEX,IF,Hitter Fantasy Score,1.5,goblin,pre_game,2026-08-08T19:15:00.000-04:00
Carlos Narváez,BAL,C,Hitter Fantasy Score,1.5,goblin,pre_game,2026-08-08T19:15:00.000-04:00
Landen Roupp,SF,P,Pitching Outs,20.5,demon,pre_game,2026-08-08T19:15:00.000-04:00
Jackson Jobe,DET,P,Pitching Outs,17.5,demon,pre_game,2026-08-08T19:15:00.000-04:00
Landen Roupp,SF,P,Pitching Outs,16.5,standard,pre_game,2026-08-08T19:15:00.000-04:00
Landen Roupp,SF,P,Pitching Outs,14.5,goblin,pre_game,2026-08-08T19:15:00.000-04:00
Jackson Jobe,DET,P,Pitching Outs,14.5,demon,pre_game,2026-08-08T19:15:00.000-04:00
Jackson Jobe,DET,P,Pitching Outs,13.5,standard,pre_game,2026-08-08T19:15:00.000-04:00
Jackson Jobe,DET,P,Pitching Outs,11.5,goblin,pre_game,2026-08-08T19:15:00.000-04:00
Jackson Jobe + Landen Roupp,DET/SF,P,Pitcher Strikeouts (Combo),9.5,demon,pre_game,2026-08-08T19:15:00.000-04:00
Landen Roupp,SF,P,Pitcher Strikeouts,8.5,demon,pre_game,2026-08-08T19:15:00.000-04:00
Landen Roupp,SF,P,Hits Allowed,8.5,demon,pre_game,2026-08-08T19:15:00.000-04:00
Landen Roupp,SF,P,Pitcher Strikeouts,7.5,demon,pre_game,2026-08-08T19:15:00.000-04:00
Jackson Jobe,DET,P,Pitcher Strikeouts,7.5,demon,pre_game,2026-08-08T19:15:00.000-04:00
Jackson Jobe,DET,P,Hits Allowed,7.5,demon,pre_game,2026-08-08T19:15:00.000-04:00
Landen Roupp,SF,P,Pitcher Strikeouts,6.5,demon,pre_game,2026-08-08T19:15:00.000-04:00
Jackson Jobe,DET,P,Pitcher Strikeouts,6.5,demon,pre_game,2026-08-08T19:15:00.000-04:00
Landen Roupp,SF,P,Earned Runs Allowed,6.5,demon,pre_game,2026-08-08T19:15:00.000-04:00
Rafael Devers,SF,IF,Hits+Runs+RBIs,6.5,demon,pre_game,2026-08-08T19:15:00.000-04:00
Landen Roupp,SF,P,Hits Allowed,6.5,demon,pre_game,2026-08-08T19:15:00.000-04:00
Kevin McGonigle,DET,IF,Hits+Runs+RBIs,6.5,demon,pre_game,2026-08-08T19:15:00.000-04:00
Riley Greene,DET,OF,Hits+Runs+RBIs,6.5,demon,pre_game,2026-08-08T19:15:00.000-04:00
Dillon Dingler,DET,C,Hits+Runs+RBIs,6.5,demon,pre_game,2026-08-08T19:15:00.000-04:00
Daniel Susac,SF,C,Total Bases,5.5,demon,pre_game,2026-08-08T19:15:00.000-04:00
Spencer Torkelson,DET,IF,Total Bases,5.5,demon,pre_game,2026-08-08T19:15:00.000-04:00
Kevin McGonigle,DET,IF,Total Bases,5.5,demon,pre_game,2026-08-08T19:15:00.000-04:00
Riley Greene,DET,OF,Total Bases,5.5,demon,pre_game,2026-08-08T19:15:00.000-04:00
Landen Roupp,SF,P,Pitcher Strikeouts,5.5,demon,pre_game,2026-08-08T19:15:00.000-04:00
Rafael Devers,SF,IF,Total Bases,5.5,demon,pre_game,2026-08-08T19:15:00.000-04:00
Bryce Eldridge,SF,DH,Total Bases,5.5,demon,pre_game,2026-08-08T19:15:00.000-04:00
Jackson Jobe,DET,P,Pitcher Strikeouts,5.5,demon,pre_game,2026-08-08T19:15:00.000-04:00
Landen Roupp,SF,P,Hits Allowed,5.5,demon,pre_game,2026-08-08T19:15:00.000-04:00
Willy Adames,SF,IF,Total Bases,5.5,demon,pre_game,2026-08-08T19:15:00.000-04:00
Jung Hoo Lee,SF,OF,Total Bases,5.5,demon,pre_game,2026-08-08T19:15:00.000-04:00
Dillon Dingler,DET,C,Total Bases,5.5,demon,pre_game,2026-08-08T19:15:00.000-04:00
Gleyber Torres,DET,IF,Hits+Runs+RBIs,5.5,demon,pre_game,2026-08-08T19:15:00.000-04:00
Willy Adames,SF,IF,Hits+Runs+RBIs,5.5,demon,pre_game,2026-08-08T19:15:00.000-04:00
Osleivis Basabe,SF,IF,Hits+Runs+RBIs,5.5,demon,pre_game,2026-08-08T19:15:00.000-04:00
Drew Gilbert,SF,OF,Hits+Runs+RBIs,5.5,demon,pre_game,2026-08-08T19:15:00.000-04:00
Javier Báez,DET,IF,Hits+Runs+RBIs,5.5,demon,pre_game,2026-08-08T19:15:00.000-04:00
Jung Hoo Lee,SF,OF,Hits+Runs+RBIs,5.5,demon,pre_game,2026-08-08T19:15:00.000-04:00
Max Clark,DET,OF,Hits+Runs+RBIs,5.5,demon,pre_game,2026-08-08T19:15:00.000-04:00
Colt Keith,DET,IF,Hits+Runs+RBIs,5.5,demon,pre_game,2026-08-08T19:15:00.000-04:00
Spencer Torkelson,DET,IF,Hits+Runs+RBIs,5.5,demon,pre_game,2026-08-08T19:15:00.000-04:00
Bryce Eldridge,SF,DH,Hits+Runs+RBIs,5.5,demon,pre_game,2026-08-08T19:15:00.000-04:00
Jackson Jobe,DET,P,Hits Allowed,5.5,demon,pre_game,2026-08-08T19:15:00.000-04:00
Jackson Jobe,DET,P,Earned Runs Allowed,5.5,demon,pre_game,2026-08-08T19:15:00.000-04:00
Osleivis Basabe,SF,IF,Total Bases,4.5,demon,pre_game,2026-08-08T19:15:00.000-04:00
Grant McCray,SF,OF,Total Bases,4.5,demon,pre_game,2026-08-08T19:15:00.000-04:00
Colt Keith,DET,IF,Total Bases,4.5,demon,pre_game,2026-08-08T19:15:00.000-04:00
Gleyber Torres,DET,IF,Total Bases,4.5,demon,pre_game,2026-08-08T19:15:00.000-04:00
Max Clark,DET,OF,Total Bases,4.5,demon,pre_game,2026-08-08T19:15:00.000-04:00
Landen Roupp,SF,P,Pitcher Strikeouts,4.5,goblin,pre_game,2026-08-08T19:15:00.000-04:00
Drew Gilbert,SF,OF,Total Bases,4.5,demon,pre_game,2026-08-08T19:15:00.000-04:00
Jackson Jobe,DET,P,Pitcher Strikeouts,4.5,demon,pre_game,2026-08-08T19:15:00.000-04:00
Jackson Jobe,DET,P,Hits Allowed,4.5,demon,pre_game,2026-08-08T19:15:00.000-04:00
Landen Roupp,SF,P,Walks Allowed,4.5,demon,pre_game,2026-08-08T19:15:00.000-04:00
Zach McKinstry,DET,IF,Total Bases,4.5,demon,pre_game,2026-08-08T19:15:00.000-04:00
Christian Koss,SF,IF,Total Bases,4.5,demon,pre_game,2026-08-08T19:15:00.000-04:00
Rafael Devers,SF,IF,Hits+Runs+RBIs,4.5,demon,pre_game,2026-08-08T19:15:00.000-04:00
Gleyber Torres,DET,IF,Hits+Runs+RBIs,4.5,demon,pre_game,2026-08-08T19:15:00.000-04:00
Riley Greene,DET,OF,Hits+Runs+RBIs,4.5,demon,pre_game,2026-08-08T19:15:00.000-04:00
Kevin McGonigle,DET,IF,Hits+Runs+RBIs,4.5,demon,pre_game,2026-08-08T19:15:00.000-04:00
Grant McCray,SF,OF,Hits+Runs+RBIs,4.5,demon,pre_game,2026-08-08T19:15:00.000-04:00
Zach McKinstry,DET,IF,Hits+Runs+RBIs,4.5,demon,pre_game,2026-08-08T19:15:00.000-04:00
Jung Hoo Lee,SF,OF,Hits+Runs+RBIs,4.5,demon,pre_game,2026-08-08T19:15:00.000-04:00
Daniel Susac,SF,C,Hits+Runs+RBIs,4.5,demon,pre_game,2026-08-08T19:15:00.000-04:00
Bryce Eldridge,SF,DH,Hits+Runs+RBIs,4.5,demon,pre_game,2026-08-08T19:15:00.000-04:00
Christian Koss,SF,IF,Hits+Runs+RBIs,4.5,demon,pre_game,2026-08-08T19:15:00.000-04:00
Javier Báez,DET,IF,Total Bases,4.5,demon,pre_game,2026-08-08T19:15:00.000-04:00
Dillon Dingler,DET,C,Hits+Runs+RBIs,4.5,demon,pre_game,2026-08-08T19:15:00.000-04:00
Landen Roupp,SF,P,Hits Allowed,4.5,goblin,pre_game,2026-08-08T19:15:00.000-04:00
Drew Cavanaugh,SF,C,Hits+Runs+RBIs,4.5,demon,pre_game,2026-08-08T19:15:00.000-04:00
Osleivis Basabe,SF,IF,Total Bases,3.5,demon,pre_game,2026-08-08T19:15:00.000-04:00
Colt Keith,DET,IF,Total Bases,3.5,demon,pre_game,2026-08-08T19:15:00.000-04:00
Daniel Susac,SF,C,Total Bases,3.5,demon,pre_game,2026-08-08T19:15:00.000-04:00
Spencer Torkelson,DET,IF,Total Bases,3.5,demon,pre_game,2026-08-08T19:15:00.000-04:00
Grant McCray,SF,OF,Total Bases,3.5,demon,pre_game,2026-08-08T19:15:00.000-04:00
Kevin McGonigle,DET,IF,Total Bases,3.5,demon,pre_game,2026-08-08T19:15:00.000-04:00
Gleyber Torres,DET,IF,Total Bases,3.5,demon,pre_game,2026-08-08T19:15:00.000-04:00
Max Clark,DET,OF,Total Bases,3.5,demon,pre_game,2026-08-08T19:15:00.000-04:00
Javier Báez,DET,IF,Total Bases,3.5,demon,pre_game,2026-08-08T19:15:00.000-04:00
Riley Greene,DET,OF,Total Bases,3.5,demon,pre_game,2026-08-08T19:15:00.000-04:00
Landen Roupp,SF,P,Pitcher Strikeouts,3.5,goblin,pre_game,2026-08-08T19:15:00.000-04:00
Rafael Devers,SF,IF,Total Bases,3.5,demon,pre_game,2026-08-08T19:15:00.000-04:00
Bryce Eldridge,SF,DH,Total Bases,3.5,demon,pre_game,2026-08-08T19:15:00.000-04:00
Christian Koss,SF,IF,Total Bases,3.5,demon,pre_game,2026-08-08T19:15:00.000-04:00
Drew Gilbert,SF,OF,Total Bases,3.5,demon,pre_game,2026-08-08T19:15:00.000-04:00
Zach McKinstry,DET,IF,Total Bases,3.5,demon,pre_game,2026-08-08T19:15:00.000-04:00
Jackson Jobe,DET,P,Pitcher Strikeouts,3.5,goblin,pre_game,2026-08-08T19:15:00.000-04:00
Willy Adames,SF,IF,Total Bases,3.5,demon,pre_game,2026-08-08T19:15:00.000-04:00
Jung Hoo Lee,SF,OF,Total Bases,3.5,demon,pre_game,2026-08-08T19:15:00.000-04:00
Dillon Dingler,DET,C,Total Bases,3.5,demon,pre_game,2026-08-08T19:15:00.000-04:00
Bryce Eldridge,SF,DH,Hits+Runs+RBIs,3.5,demon,pre_game,2026-08-08T19:15:00.000-04:00
Landen Roupp,SF,P,Earned Runs Allowed,3.5,demon,pre_game,2026-08-08T19:15:00.000-04:00
Kevin McGonigle,DET,IF,Hits+Runs+RBIs,3.5,demon,pre_game,2026-08-08T19:15:00.000-04:00
Dillon Dingler,DET,C,Hits+Runs+RBIs,3.5,demon,pre_game,2026-08-08T19:15:00.000-04:00
Osleivis Basabe,SF,IF,Hits+Runs+RBIs,3.5,demon,pre_game,2026-08-08T19:15:00.000-04:00
Jackson Jobe,DET,P,Earned Runs Allowed,3.5,demon,pre_game,2026-08-08T19:15:00.000-04:00
Grant McCray,SF,OF,Hits+Runs+RBIs,3.5,demon,pre_game,2026-08-08T19:15:00.000-04:00
Rafael Devers,SF,IF,Hits+Runs+RBIs,3.5,demon,pre_game,2026-08-08T19:15:00.000-04:00
Spencer Torkelson,DET,IF,Hits+Runs+RBIs,3.5,demon,pre_game,2026-08-08T19:15:00.000-04:00
Colt Keith,DET,IF,Hits+Runs+RBIs,3.5,demon,pre_game,2026-08-08T19:15:00.000-04:00
Zach McKinstry,DET,IF,Hits+Runs+RBIs,3.5,demon,pre_game,2026-08-08T19:15:00.000-04:00
Riley Greene,DET,OF,Hits+Runs+RBIs,3.5,demon,pre_game,2026-08-08T19:15:00.000-04:00
Jung Hoo Lee,SF,OF,Hits+Runs+RBIs,3.5,demon,pre_game,2026-08-08T19:15:00.000-04:00
Drew Gilbert,SF,OF,Hits+Runs+RBIs,3.5,demon,pre_game,2026-08-08T19:15:00.000-04:00
Christian Koss,SF,IF,Hits+Runs+RBIs,3.5,demon,pre_game,2026-08-08T19:15:00.000-04:00
Drew Cavanaugh,SF,C,Total Bases,3.5,demon,pre_game,2026-08-08T19:15:00.000-04:00
Jackson Jobe,DET,P,Hits Allowed,3.5,goblin,pre_game,2026-08-08T19:15:00.000-04:00
Drew Cavanaugh,SF,C,Hits+Runs+RBIs,3.5,demon,pre_game,2026-08-08T19:15:00.000-04:00
Willy Adames,SF,IF,Hits+Runs+RBIs,3.5,demon,pre_game,2026-08-08T19:15:00.000-04:00
Javier Báez,DET,IF,Hits+Runs+RBIs,3.5,demon,pre_game,2026-08-08T19:15:00.000-04:00
Landen Roupp,SF,P,Hits Allowed,3.5,goblin,pre_game,2026-08-08T19:15:00.000-04:00
Gleyber Torres,DET,IF,Hits+Runs+RBIs,3.5,demon,pre_game,2026-08-08T19:15:00.000-04:00
Max Clark,DET,OF,Hits+Runs+RBIs,3.5,demon,pre_game,2026-08-08T19:15:00.000-04:00
Daniel Susac,SF,C,Hits+Runs+RBIs,3.5,demon,pre_game,2026-08-08T19:15:00.000-04:00
Landen Roupp,SF,P,Walks Allowed,3.5,demon,pre_game,2026-08-08T19:15:00.000-04:00
Jackson Jobe,DET,P,Walks Allowed,3.5,demon,pre_game,2026-08-08T19:15:00.000-04:00
Osleivis Basabe,SF,IF,Total Bases,2.5,demon,pre_game,2026-08-08T19:15:00.000-04:00
Daniel Susac,SF,C,Total Bases,2.5,demon,pre_game,2026-08-08T19:15:00.000-04:00
Spencer Torkelson,DET,IF,Total Bases,2.5,demon,pre_game,2026-08-08T19:15:00.000-04:00
Kevin McGonigle,DET,IF,Total Bases,2.5,demon,pre_game,2026-08-08T19:15:00.000-04:00
Grant McCray,SF,OF,Total Bases,2.5,demon,pre_game,2026-08-08T19:15:00.000-04:00
Colt Keith,DET,IF,Total Bases,2.5,demon,pre_game,2026-08-08T19:15:00.000-04:00
Gleyber Torres,DET,IF,Total Bases,2.5,demon,pre_game,2026-08-08T19:15:00.000-04:00
Max Clark,DET,OF,Total Bases,2.5,demon,pre_game,2026-08-08T19:15:00.000-04:00
Javier Báez,DET,IF,Total Bases,2.5,demon,pre_game,2026-08-08T19:15:00.000-04:00
Riley Greene,DET,OF,Total Bases,2.5,demon,pre_game,2026-08-08T19:15:00.000-04:00
Rafael Devers,SF,IF,Total Bases,2.5,demon,pre_game,2026-08-08T19:15:00.000-04:00
Bryce Eldridge,SF,DH,Total Bases,2.5,demon,pre_game,2026-08-08T19:15:00.000-04:00
Christian Koss,SF,IF,Total Bases,2.5,demon,pre_game,2026-08-08T19:15:00.000-04:00
Drew Gilbert,SF,OF,Total Bases,2.5,demon,pre_game,2026-08-08T19:15:00.000-04:00
Zach McKinstry,DET,IF,Total Bases,2.5,demon,pre_game,2026-08-08T19:15:00.000-04:00
Jackson Jobe,DET,P,Pitcher Strikeouts,2.5,goblin,pre_game,2026-08-08T19:15:00.000-04:00
Willy Adames,SF,IF,Total Bases,2.5,demon,pre_game,2026-08-08T19:15:00.000-04:00
Jung Hoo Lee,SF,OF,Total Bases,2.5,demon,pre_game,2026-08-08T19:15:00.000-04:00
Dillon Dingler,DET,C,Total Bases,2.5,demon,pre_game,2026-08-08T19:15:00.000-04:00
Bryce Eldridge,SF,DH,Hitter Strikeouts,2.5,demon,pre_game,2026-08-08T19:15:00.000-04:00
Grant McCray,SF,OF,Hitter Strikeouts,2.5,demon,pre_game,2026-08-08T19:15:00.000-04:00
Dillon Dingler,DET,C,Hitter Strikeouts,2.5,demon,pre_game,2026-08-08T19:15:00.000-04:00
Landen Roupp,SF,P,Earned Runs Allowed,2.5,demon,pre_game,2026-08-08T19:15:00.000-04:00
Willy Adames,SF,IF,Hits,2.5,demon,pre_game,2026-08-08T19:15:00.000-04:00
Kevin McGonigle,DET,IF,Hits,2.5,demon,pre_game,2026-08-08T19:15:00.000-04:00
Riley Greene,DET,OF,RBIs,2.5,demon,pre_game,2026-08-08T19:15:00.000-04:00
Max Clark,DET,OF,Hitter Strikeouts,2.5,demon,pre_game,2026-08-08T19:15:00.000-04:00
Osleivis Basabe,SF,IF,Hits,2.5,demon,pre_game,2026-08-08T19:15:00.000-04:00
Colt Keith,DET,IF,Hits,2.5,demon,pre_game,2026-08-08T19:15:00.000-04:00
Rafael Devers,SF,IF,Hits,2.5,demon,pre_game,2026-08-08T19:15:00.000-04:00
Bryce Eldridge,SF,DH,Hits,2.5,demon,pre_game,2026-08-08T19:15:00.000-04:00
Riley Greene,DET,OF,Hitter Strikeouts,2.5,demon,pre_game,2026-08-08T19:15:00.000-04:00
Jung Hoo Lee,SF,OF,Hits,2.5,demon,pre_game,2026-08-08T19:15:00.000-04:00
Jackson Jobe,DET,P,Walks Allowed,2.5,demon,pre_game,2026-08-08T19:15:00.000-04:00
Gleyber Torres,DET,IF,Hits,2.5,demon,pre_game,2026-08-08T19:15:00.000-04:00
Riley Greene,DET,OF,Hits,2.5,demon,pre_game,2026-08-08T19:15:00.000-04:00
Gleyber Torres,DET,IF,Hitter Strikeouts,2.5,demon,pre_game,2026-08-08T19:15:00.000-04:00
Javier Báez,DET,IF,Hits,2.5,demon,pre_game,2026-08-08T19:15:00.000-04:00
Dillon Dingler,DET,C,RBIs,2.5,demon,pre_game,2026-08-08T19:15:00.000-04:00
Rafael Devers,SF,IF,RBIs,2.5,demon,pre_game,2026-08-08T19:15:00.000-04:00
Dillon Dingler,DET,C,Hits,2.5,demon,pre_game,2026-08-08T19:15:00.000-04:00
Landen Roupp,SF,P,Walks Allowed,2.5,standard,pre_game,2026-08-08T19:15:00.000-04:00
Spencer Torkelson,DET,IF,RBIs,2.5,demon,pre_game,2026-08-08T19:15:00.000-04:00
Spencer Torkelson,DET,IF,Hitter Strikeouts,2.5,demon,pre_game,2026-08-08T19:15:00.000-04:00
Willy Adames,SF,IF,Hitter Strikeouts,2.5,demon,pre_game,2026-08-08T19:15:00.000-04:00
Rafael Devers,SF,IF,Hits+Runs+RBIs,2.5,demon,pre_game,2026-08-08T19:15:00.000-04:00
Gleyber Torres,DET,IF,Hits+Runs+RBIs,2.5,demon,pre_game,2026-08-08T19:15:00.000-04:00
Willy Adames,SF,IF,Hits+Runs+RBIs,2.5,demon,pre_game,2026-08-08T19:15:00.000-04:00
Riley Greene,DET,OF,Hits+Runs+RBIs,2.5,demon,pre_game,2026-08-08T19:15:00.000-04:00
Kevin McGonigle,DET,IF,Hits+Runs+RBIs,2.5,demon,pre_game,2026-08-08T19:15:00.000-04:00
Dillon Dingler,DET,C,Hits+Runs+RBIs,2.5,demon,pre_game,2026-08-08T19:15:00.000-04:00
Osleivis Basabe,SF,IF,Hits+Runs+RBIs,2.5,demon,pre_game,2026-08-08T19:15:00.000-04:00
Colt Keith,DET,IF,Hits+Runs+RBIs,2.5,demon,pre_game,2026-08-08T19:15:00.000-04:00
Bryce Eldridge,SF,DH,Hits+Runs+RBIs,2.5,demon,pre_game,2026-08-08T19:15:00.000-04:00
Zach McKinstry,DET,IF,Hits+Runs+RBIs,2.5,demon,pre_game,2026-08-08T19:15:00.000-04:00
Grant McCray,SF,OF,Hits+Runs+RBIs,2.5,demon,pre_game,2026-08-08T19:15:00.000-04:00
Jung Hoo Lee,SF,OF,Hits+Runs+RBIs,2.5,demon,pre_game,2026-08-08T19:15:00.000-04:00
Drew Gilbert,SF,OF,Hits+Runs+RBIs,2.5,demon,pre_game,2026-08-08T19:15:00.000-04:00
Max Clark,DET,OF,Hits+Runs+RBIs,2.5,demon,pre_game,2026-08-08T19:15:00.000-04:00
Daniel Susac,SF,C,Hits+Runs+RBIs,2.5,demon,pre_game,2026-08-08T19:15:00.000-04:00
Javier Báez,DET,IF,Hits+Runs+RBIs,2.5,demon,pre_game,2026-08-08T19:15:00.000-04:00
Spencer Torkelson,DET,IF,Hits+Runs+RBIs,2.5,demon,pre_game,2026-08-08T19:15:00.000-04:00
Christian Koss,SF,IF,Hits+Runs+RBIs,2.5,demon,pre_game,2026-08-08T19:15:00.000-04:00
Daniel Susac,SF,C,Hits,2.5,demon,pre_game,2026-08-08T19:15:00.000-04:00
Max Clark,DET,OF,Hits,2.5,demon,pre_game,2026-08-08T19:15:00.000-04:00
Zach McKinstry,DET,IF,Hits,2.5,demon,pre_game,2026-08-08T19:15:00.000-04:00
Willy Adames,SF,IF,RBIs,2.5,demon,pre_game,2026-08-08T19:15:00.000-04:00
Colt Keith,DET,IF,RBIs,2.5,demon,pre_game,2026-08-08T19:15:00.000-04:00
Spencer Torkelson,DET,IF,Hits,2.5,demon,pre_game,2026-08-08T19:15:00.000-04:00
Jackson Jobe,DET,P,Hits Allowed,2.5,goblin,pre_game,2026-08-08T19:15:00.000-04:00
Jackson Jobe,DET,P,Earned Runs Allowed,2.5,demon,pre_game,2026-08-08T19:15:00.000-04:00
Drew Cavanaugh,SF,C,Hits+Runs+RBIs,2.5,demon,pre_game,2026-08-08T19:15:00.000-04:00
Jung Hoo Lee,SF,OF,Hits+Runs+RBIs,1.5,goblin,pre_game,2026-08-08T19:15:00.000-04:00
Osleivis Basabe,SF,IF,Hits+Runs+RBIs,1.5,demon,pre_game,2026-08-08T19:15:00.000-04:00
Zach McKinstry,DET,IF,RBIs,1.5,demon,pre_game,2026-08-08T19:15:00.000-04:00
Grant McCray,SF,OF,RBIs,1.5,demon,pre_game,2026-08-08T19:15:00.000-04:00
Jung Hoo Lee,SF,OF,RBIs,1.5,demon,pre_game,2026-08-08T19:15:00.000-04:00
Dillon Dingler,DET,C,Runs,1.5,demon,pre_game,2026-08-08T19:15:00.000-04:00
Gleyber Torres,DET,IF,Runs,1.5,demon,pre_game,2026-08-08T19:15:00.000-04:00
Kevin McGonigle,DET,IF,Hits+Runs+RBIs,1.5,goblin,pre_game,2026-08-08T19:15:00.000-04:00
Zach McKinstry,DET,IF,Runs,1.5,demon,pre_game,2026-08-08T19:15:00.000-04:00
Osleivis Basabe,SF,IF,RBIs,1.5,demon,pre_game,2026-08-08T19:15:00.000-04:00
Christian Koss,SF,IF,RBIs,1.5,demon,pre_game,2026-08-08T19:15:00.000-04:00
Osleivis Basabe,SF,IF,Total Bases,1.5,demon,pre_game,2026-08-08T19:15:00.000-04:00
Kevin McGonigle,DET,IF,RBIs,1.5,demon,pre_game,2026-08-08T19:15:00.000-04:00
Drew Gilbert,SF,OF,RBIs,1.5,demon,pre_game,2026-08-08T19:15:00.000-04:00
Zach McKinstry,DET,IF,Hits+Runs+RBIs,1.5,demon,pre_game,2026-08-08T19:15:00.000-04:00
Colt Keith,DET,IF,Total Bases,1.5,demon,pre_game,2026-08-08T19:15:00.000-04:00
Daniel Susac,SF,C,Total Bases,1.5,demon,pre_game,2026-08-08T19:15:00.000-04:00
Colt Keith,DET,IF,Hits,1.5,demon,pre_game,2026-08-08T19:15:00.000-04:00
Spencer Torkelson,DET,IF,Total Bases,1.5,demon,pre_game,2026-08-08T19:15:00.000-04:00
Bryce Eldridge,SF,DH,RBIs,1.5,demon,pre_game,2026-08-08T19:15:00.000-04:00
Willy Adames,SF,IF,Hits+Runs+RBIs,1.5,demon,pre_game,2026-08-08T19:15:00.000-04:00
Kevin McGonigle,DET,IF,Hits,1.5,demon,pre_game,2026-08-08T19:15:00.000-04:00
Osleivis Basabe,SF,IF,Runs,1.5,demon,pre_game,2026-08-08T19:15:00.000-04:00
Grant McCray,SF,OF,Total Bases,1.5,demon,pre_game,2026-08-08T19:15:00.000-04:00
Kevin McGonigle,DET,IF,Total Bases,1.5,demon,pre_game,2026-08-08T19:15:00.000-04:00
Gleyber Torres,DET,IF,Hits,1.5,demon,pre_game,2026-08-08T19:15:00.000-04:00
Max Clark,DET,OF,Runs,1.5,demon,pre_game,2026-08-08T19:15:00.000-04:00
Dillon Dingler,DET,C,Hits,1.5,demon,pre_game,2026-08-08T19:15:00.000-04:00
Spencer Torkelson,DET,IF,Runs,1.5,demon,pre_game,2026-08-08T19:15:00.000-04:00
Gleyber Torres,DET,IF,Total Bases,1.5,demon,pre_game,2026-08-08T19:15:00.000-04:00
Max Clark,DET,OF,Hits+Runs+RBIs,1.5,demon,pre_game,2026-08-08T19:15:00.000-04:00
Spencer Torkelson,DET,IF,Hits,1.5,demon,pre_game,2026-08-08T19:15:00.000-04:00
Grant McCray,SF,OF,Hits+Runs+RBIs,1.5,demon,pre_game,2026-08-08T19:15:00.000-04:00
Javier Báez,DET,IF,RBIs,1.5,demon,pre_game,2026-08-08T19:15:00.000-04:00
Max Clark,DET,OF,Hits,1.5,demon,pre_game,2026-08-08T19:15:00.000-04:00
Daniel Susac,SF,C,RBIs,1.5,demon,pre_game,2026-08-08T19:15:00.000-04:00
Rafael Devers,SF,IF,Runs,1.5,demon,pre_game,2026-08-08T19:15:00.000-04:00
Bryce Eldridge,SF,DH,Hits,1.5,demon,pre_game,2026-08-08T19:15:00.000-04:00
Javier Báez,DET,IF,Total Bases,1.5,demon,pre_game,2026-08-08T19:15:00.000-04:00
Max Clark,DET,OF,Total Bases,1.5,demon,pre_game,2026-08-08T19:15:00.000-04:00
Gleyber Torres,DET,IF,RBIs,1.5,demon,pre_game,2026-08-08T19:15:00.000-04:00
Grant McCray,SF,OF,Runs,1.5,demon,pre_game,2026-08-08T19:15:00.000-04:00
Willy Adames,SF,IF,Hits,1.5,demon,pre_game,2026-08-08T19:15:00.000-04:00
Osleivis Basabe,SF,IF,Hits,1.5,demon,pre_game,2026-08-08T19:15:00.000-04:00
Daniel Susac,SF,C,Hits,1.5,demon,pre_game,2026-08-08T19:15:00.000-04:00
Riley Greene,DET,OF,Total Bases,1.5,demon,pre_game,2026-08-08T19:15:00.000-04:00
Max Clark,DET,OF,RBIs,1.5,demon,pre_game,2026-08-08T19:15:00.000-04:00
Christian Koss,SF,IF,Hits,1.5,demon,pre_game,2026-08-08T19:15:00.000-04:00
Daniel Susac,SF,C,Runs,1.5,demon,pre_game,2026-08-08T19:15:00.000-04:00
Bryce Eldridge,SF,DH,Runs,1.5,demon,pre_game,2026-08-08T19:15:00.000-04:00
Rafael Devers,SF,IF,Total Bases,1.5,demon,pre_game,2026-08-08T19:15:00.000-04:00
Javier Báez,DET,IF,Runs,1.5,demon,pre_game,2026-08-08T19:15:00.000-04:00
Grant McCray,SF,OF,Hits,1.5,demon,pre_game,2026-08-08T19:15:00.000-04:00
Javier Báez,DET,IF,Hits,1.5,demon,pre_game,2026-08-08T19:15:00.000-04:00
Rafael Devers,SF,IF,Hits,1.5,demon,pre_game,2026-08-08T19:15:00.000-04:00
Bryce Eldridge,SF,DH,Total Bases,1.5,demon,pre_game,2026-08-08T19:15:00.000-04:00
Riley Greene,DET,OF,Runs,1.5,demon,pre_game,2026-08-08T19:15:00.000-04:00
Christian Koss,SF,IF,Total Bases,1.5,demon,pre_game,2026-08-08T19:15:00.000-04:00
Drew Gilbert,SF,OF,Total Bases,1.5,demon,pre_game,2026-08-08T19:15:00.000-04:00
Christian Koss,SF,IF,Hits+Runs+RBIs,1.5,demon,pre_game,2026-08-08T19:15:00.000-04:00
Drew Gilbert,SF,OF,Hits,1.5,demon,pre_game,2026-08-08T19:15:00.000-04:00
Colt Keith,DET,IF,Hits+Runs+RBIs,1.5,demon,pre_game,2026-08-08T19:15:00.000-04:00
Dillon Dingler,DET,C,Hits+Runs+RBIs,1.5,goblin,pre_game,2026-08-08T19:15:00.000-04:00
Zach McKinstry,DET,IF,Total Bases,1.5,demon,pre_game,2026-08-08T19:15:00.000-04:00
Drew Gilbert,SF,OF,Hits+Runs+RBIs,1.5,demon,pre_game,2026-08-08T19:15:00.000-04:00
Zach McKinstry,DET,IF,Hits,1.5,demon,pre_game,2026-08-08T19:15:00.000-04:00
Jung Hoo Lee,SF,OF,Runs,1.5,demon,pre_game,2026-08-08T19:15:00.000-04:00
Colt Keith,DET,IF,Runs,1.5,demon,pre_game,2026-08-08T19:15:00.000-04:00
Riley Greene,DET,OF,Hits,1.5,demon,pre_game,2026-08-08T19:15:00.000-04:00
Drew Gilbert,SF,OF,Runs,1.5,demon,pre_game,2026-08-08T19:15:00.000-04:00
Kevin McGonigle,DET,IF,Runs,1.5,demon,pre_game,2026-08-08T19:15:00.000-04:00
Willy Adames,SF,IF,Total Bases,1.5,demon,pre_game,2026-08-08T19:15:00.000-04:00
Jung Hoo Lee,SF,OF,Hits,1.5,demon,pre_game,2026-08-08T19:15:00.000-04:00
Jung Hoo Lee,SF,OF,Total Bases,1.5,demon,pre_game,2026-08-08T19:15:00.000-04:00
Dillon Dingler,DET,C,Total Bases,1.5,demon,pre_game,2026-08-08T19:15:00.000-04:00
Willy Adames,SF,IF,Runs,1.5,demon,pre_game,2026-08-08T19:15:00.000-04:00
Javier Báez,DET,IF,Hitter Strikeouts,1.5,demon,pre_game,2026-08-08T19:15:00.000-04:00
Drew Cavanaugh,SF,C,RBIs,1.5,demon,pre_game,2026-08-08T19:15:00.000-04:00
Osleivis Basabe,SF,IF,Hitter Strikeouts,1.5,demon,pre_game,2026-08-08T19:15:00.000-04:00
Dillon Dingler,DET,C,Hitter Strikeouts,1.5,demon,pre_game,2026-08-08T19:15:00.000-04:00
Drew Cavanaugh,SF,C,Runs,1.5,demon,pre_game,2026-08-08T19:15:00.000-04:00
Rafael Devers,SF,IF,Hits+Runs+RBIs,1.5,standard,pre_game,2026-08-08T19:15:00.000-04:00
Spencer Torkelson,DET,IF,Hits+Runs+RBIs,1.5,demon,pre_game,2026-08-08T19:15:00.000-04:00
Drew Gilbert,SF,OF,Hitter Strikeouts,1.5,demon,pre_game,2026-08-08T19:15:00.000-04:00
Jung Hoo Lee,SF,OF,Singles,1.5,demon,pre_game,2026-08-08T19:15:00.000-04:00
Zach McKinstry,DET,IF,Hitter Strikeouts,1.5,demon,pre_game,2026-08-08T19:15:00.000-04:00
Jackson Jobe,DET,P,Earned Runs Allowed,1.5,goblin,pre_game,2026-08-08T19:15:00.000-04:00
Rafael Devers,SF,IF,Hitter Strikeouts,1.5,demon,pre_game,2026-08-08T19:15:00.000-04:00
Drew Cavanaugh,SF,C,Hitter Strikeouts,1.5,demon,pre_game,2026-08-08T19:15:00.000-04:00
Kevin McGonigle,DET,IF,Walks,1.5,demon,pre_game,2026-08-08T19:15:00.000-04:00
Christian Koss,SF,IF,Hitter Strikeouts,1.5,demon,pre_game,2026-08-08T19:15:00.000-04:00
Bryce Eldridge,SF,DH,Hits+Runs+RBIs,1.5,standard,pre_game,2026-08-08T19:15:00.000-04:00
Colt Keith,DET,IF,Hitter Strikeouts,1.5,demon,pre_game,2026-08-08T19:15:00.000-04:00
Max Clark,DET,OF,Hitter Strikeouts,1.5,demon,pre_game,2026-08-08T19:15:00.000-04:00
Riley Greene,DET,OF,Hitter Strikeouts,1.5,demon,pre_game,2026-08-08T19:15:00.000-04:00
Kevin McGonigle,DET,IF,Hitter Strikeouts,1.5,demon,pre_game,2026-08-08T19:15:00.000-04:00
Jung Hoo Lee,SF,OF,Hitter Strikeouts,1.5,demon,pre_game,2026-08-08T19:15:00.000-04:00
Jackson Jobe,DET,P,Walks Allowed,1.5,standard,pre_game,2026-08-08T19:15:00.000-04:00
Javier Báez,DET,IF,Hits+Runs+RBIs,1.5,demon,pre_game,2026-08-08T19:15:00.000-04:00
Kevin McGonigle,DET,IF,Singles,1.5,demon,pre_game,2026-08-08T19:15:00.000-04:00
Drew Cavanaugh,SF,C,Hits,1.5,demon,pre_game,2026-08-08T19:15:00.000-04:00
Gleyber Torres,DET,IF,Hitter Strikeouts,1.5,demon,pre_game,2026-08-08T19:15:00.000-04:00
Gleyber Torres,DET,IF,Hits+Runs+RBIs,1.5,standard,pre_game,2026-08-08T19:15:00.000-04:00
Gleyber Torres,DET,IF,Singles,1.5,demon,pre_game,2026-08-08T19:15:00.000-04:00
Javier Báez,DET,IF,Singles,1.5,demon,pre_game,2026-08-08T19:15:00.000-04:00
Dillon Dingler,DET,C,Singles,1.5,demon,pre_game,2026-08-08T19:15:00.000-04:00
Riley Greene,DET,OF,Hits+Runs+RBIs,1.5,standard,pre_game,2026-08-08T19:15:00.000-04:00
Daniel Susac,SF,C,Hits+Runs+RBIs,1.5,demon,pre_game,2026-08-08T19:15:00.000-04:00
Spencer Torkelson,DET,IF,Hitter Strikeouts,1.5,demon,pre_game,2026-08-08T19:15:00.000-04:00
Grant McCray,SF,OF,Hitter Strikeouts,1.5,demon,pre_game,2026-08-08T19:15:00.000-04:00
Willy Adames,SF,IF,Hitter Strikeouts,1.5,demon,pre_game,2026-08-08T19:15:00.000-04:00
Bryce Eldridge,SF,DH,Hitter Strikeouts,1.5,demon,pre_game,2026-08-08T19:15:00.000-04:00
Landen Roupp,SF,P,Earned Runs Allowed,1.5,goblin,pre_game,2026-08-08T19:15:00.000-04:00
Landen Roupp,SF,P,Walks Allowed,1.5,goblin,pre_game,2026-08-08T19:15:00.000-04:00
Drew Cavanaugh,SF,C,Hits+Runs+RBIs,1.5,demon,pre_game,2026-08-08T19:15:00.000-04:00
Javier Báez,DET,IF,Hits+Runs+RBIs,0.5,goblin,pre_game,2026-08-08T19:15:00.000-04:00
Zach McKinstry,DET,IF,RBIs,0.5,demon,pre_game,2026-08-08T19:15:00.000-04:00
Jung Hoo Lee,SF,OF,Hits+Runs+RBIs,0.5,goblin,pre_game,2026-08-08T19:15:00.000-04:00
Jung Hoo Lee,SF,OF,RBIs,0.5,demon,pre_game,2026-08-08T19:15:00.000-04:00
Dillon Dingler,DET,C,Runs,0.5,demon,pre_game,2026-08-08T19:15:00.000-04:00
Osleivis Basabe,SF,IF,RBIs,0.5,demon,pre_game,2026-08-08T19:15:00.000-04:00
Kevin McGonigle,DET,IF,Hits+Runs+RBIs,0.5,goblin,pre_game,2026-08-08T19:15:00.000-04:00
Grant McCray,SF,OF,RBIs,0.5,demon,pre_game,2026-08-08T19:15:00.000-04:00
Gleyber Torres,DET,IF,Runs,0.5,demon,pre_game,2026-08-08T19:15:00.000-04:00
Bryce Eldridge,SF,DH,Hits+Runs+RBIs,0.5,goblin,pre_game,2026-08-08T19:15:00.000-04:00
Spencer Torkelson,DET,IF,Home Runs,0.5,demon,pre_game,2026-08-08T19:15:00.000-04:00
Riley Greene,DET,OF,RBIs,0.5,demon,pre_game,2026-08-08T19:15:00.000-04:00
Riley Greene,DET,OF,Doubles,0.5,demon,pre_game,2026-08-08T19:15:00.000-04:00
Christian Koss,SF,IF,RBIs,0.5,demon,pre_game,2026-08-08T19:15:00.000-04:00
Kevin McGonigle,DET,IF,RBIs,0.5,demon,pre_game,2026-08-08T19:15:00.000-04:00
Drew Gilbert,SF,OF,RBIs,0.5,demon,pre_game,2026-08-08T19:15:00.000-04:00
Daniel Susac,SF,C,Hits+Runs+RBIs,0.5,goblin,pre_game,2026-08-08T19:15:00.000-04:00
Zach McKinstry,DET,IF,Hits+Runs+RBIs,0.5,goblin,pre_game,2026-08-08T19:15:00.000-04:00
Grant McCray,SF,OF,Stolen Bases,0.5,demon,pre_game,2026-08-08T19:15:00.000-04:00
Spencer Torkelson,DET,IF,RBIs,0.5,demon,pre_game,2026-08-08T19:15:00.000-04:00
Colt Keith,DET,IF,Hits,0.5,goblin,pre_game,2026-08-08T19:15:00.000-04:00
Bryce Eldridge,SF,DH,RBIs,0.5,demon,pre_game,2026-08-08T19:15:00.000-04:00
Osleivis Basabe,SF,IF,Hits+Runs+RBIs,0.5,goblin,pre_game,2026-08-08T19:15:00.000-04:00
Willy Adames,SF,IF,Hits+Runs+RBIs,0.5,goblin,pre_game,2026-08-08T19:15:00.000-04:00
Bryce Eldridge,SF,DH,Home Runs,0.5,demon,pre_game,2026-08-08T19:15:00.000-04:00
Kevin McGonigle,DET,IF,Hits,0.5,goblin,pre_game,2026-08-08T19:15:00.000-04:00
Zach McKinstry,DET,IF,Runs,0.5,demon,pre_game,2026-08-08T19:15:00.000-04:00
Osleivis Basabe,SF,IF,Runs,0.5,demon,pre_game,2026-08-08T19:15:00.000-04:00
Spencer Torkelson,DET,IF,Singles,0.5,demon,pre_game,2026-08-08T19:15:00.000-04:00
Dillon Dingler,DET,C,Hits,0.5,goblin,pre_game,2026-08-08T19:15:00.000-04:00
Gleyber Torres,DET,IF,Hits,0.5,goblin,pre_game,2026-08-08T19:15:00.000-04:00
Max Clark,DET,OF,Runs,0.5,demon,pre_game,2026-08-08T19:15:00.000-04:00
Rafael Devers,SF,IF,Doubles,0.5,demon,pre_game,2026-08-08T19:15:00.000-04:00
Willy Adames,SF,IF,Home Runs,0.5,demon,pre_game,2026-08-08T19:15:00.000-04:00
Osleivis Basabe,SF,IF,Stolen Bases,0.5,demon,pre_game,2026-08-08T19:15:00.000-04:00
Spencer Torkelson,DET,IF,Runs,0.5,demon,pre_game,2026-08-08T19:15:00.000-04:00
Rafael Devers,SF,IF,Singles,0.5,demon,pre_game,2026-08-08T19:15:00.000-04:00
Max Clark,DET,OF,Hits+Runs+RBIs,0.5,goblin,pre_game,2026-08-08T19:15:00.000-04:00
Willy Adames,SF,IF,Stolen Bases,0.5,demon,pre_game,2026-08-08T19:15:00.000-04:00
Spencer Torkelson,DET,IF,Doubles,0.5,demon,pre_game,2026-08-08T19:15:00.000-04:00
Spencer Torkelson,DET,IF,Hits,0.5,goblin,pre_game,2026-08-08T19:15:00.000-04:00
Colt Keith,DET,IF,RBIs,0.5,demon,pre_game,2026-08-08T19:15:00.000-04:00
Grant McCray,SF,OF,Hits+Runs+RBIs,0.5,goblin,pre_game,2026-08-08T19:15:00.000-04:00
Riley Greene,DET,OF,Stolen Bases,0.5,demon,pre_game,2026-08-08T19:15:00.000-04:00
Javier Báez,DET,IF,RBIs,0.5,demon,pre_game,2026-08-08T19:15:00.000-04:00
Drew Gilbert,SF,OF,Doubles,0.5,demon,pre_game,2026-08-08T19:15:00.000-04:00
Colt Keith,DET,IF,Stolen Bases,0.5,demon,pre_game,2026-08-08T19:15:00.000-04:00
Zach McKinstry,DET,IF,Stolen Bases,0.5,demon,pre_game,2026-08-08T19:15:00.000-04:00
Max Clark,DET,OF,Hits,0.5,goblin,pre_game,2026-08-08T19:15:00.000-04:00
Grant McCray,SF,OF,Home Runs,0.5,demon,pre_game,2026-08-08T19:15:00.000-04:00
Rafael Devers,SF,IF,Runs,0.5,demon,pre_game,2026-08-08T19:15:00.000-04:00
Bryce Eldridge,SF,DH,Hits,0.5,goblin,pre_game,2026-08-08T19:15:00.000-04:00
Max Clark,DET,OF,Doubles,0.5,demon,pre_game,2026-08-08T19:15:00.000-04:00
Daniel Susac,SF,C,RBIs,0.5,demon,pre_game,2026-08-08T19:15:00.000-04:00
Osleivis Basabe,SF,IF,Doubles,0.5,demon,pre_game,2026-08-08T19:15:00.000-04:00
Bryce Eldridge,SF,DH,Singles,0.5,demon,pre_game,2026-08-08T19:15:00.000-04:00
Bryce Eldridge,SF,DH,Doubles,0.5,demon,pre_game,2026-08-08T19:15:00.000-04:00
Gleyber Torres,DET,IF,RBIs,0.5,demon,pre_game,2026-08-08T19:15:00.000-04:00
Colt Keith,DET,IF,Singles,0.5,demon,pre_game,2026-08-08T19:15:00.000-04:00
Kevin McGonigle,DET,IF,Doubles,0.5,demon,pre_game,2026-08-08T19:15:00.000-04:00
Grant McCray,SF,OF,Runs,0.5,demon,pre_game,2026-08-08T19:15:00.000-04:00
Jung Hoo Lee,SF,OF,Doubles,0.5,demon,pre_game,2026-08-08T19:15:00.000-04:00
Willy Adames,SF,IF,Hits,0.5,goblin,pre_game,2026-08-08T19:15:00.000-04:00
Dillon Dingler,DET,C,Doubles,0.5,demon,pre_game,2026-08-08T19:15:00.000-04:00
Osleivis Basabe,SF,IF,Hits,0.5,goblin,pre_game,2026-08-08T19:15:00.000-04:00
Daniel Susac,SF,C,Hits,0.5,goblin,pre_game,2026-08-08T19:15:00.000-04:00
Max Clark,DET,OF,Stolen Bases,0.5,demon,pre_game,2026-08-08T19:15:00.000-04:00
Drew Gilbert,SF,OF,Stolen Bases,0.5,demon,pre_game,2026-08-08T19:15:00.000-04:00
Jung Hoo Lee,SF,OF,Stolen Bases,0.5,demon,pre_game,2026-08-08T19:15:00.000-04:00
Willy Adames,SF,IF,RBIs,0.5,demon,pre_game,2026-08-08T19:15:00.000-04:00
Max Clark,DET,OF,RBIs,0.5,demon,pre_game,2026-08-08T19:15:00.000-04:00
Colt Keith,DET,IF,Home Runs,0.5,demon,pre_game,2026-08-08T19:15:00.000-04:00
Dillon Dingler,DET,C,Home Runs,0.5,demon,pre_game,2026-08-08T19:15:00.000-04:00
Kevin McGonigle,DET,IF,Home Runs,0.5,demon,pre_game,2026-08-08T19:15:00.000-04:00
Bryce Eldridge,SF,DH,Stolen Bases,0.5,demon,pre_game,2026-08-08T19:15:00.000-04:00
Willy Adames,SF,IF,Doubles,0.5,demon,pre_game,2026-08-08T19:15:00.000-04:00
Christian Koss,SF,IF,Hits,0.5,goblin,pre_game,2026-08-08T19:15:00.000-04:00
Daniel Susac,SF,C,Runs,0.5,demon,pre_game,2026-08-08T19:15:00.000-04:00
Daniel Susac,SF,C,Doubles,0.5,demon,pre_game,2026-08-08T19:15:00.000-04:00
Kevin McGonigle,DET,IF,Stolen Bases,0.5,demon,pre_game,2026-08-08T19:15:00.000-04:00
Javier Báez,DET,IF,Runs,0.5,demon,pre_game,2026-08-08T19:15:00.000-04:00
Javier Báez,DET,IF,Hits,0.5,goblin,pre_game,2026-08-08T19:15:00.000-04:00
Grant McCray,SF,OF,Doubles,0.5,demon,pre_game,2026-08-08T19:15:00.000-04:00
Gleyber Torres,DET,IF,Hits+Runs+RBIs,0.5,goblin,pre_game,2026-08-08T19:15:00.000-04:00
Christian Koss,SF,IF,Runs,0.5,demon,pre_game,2026-08-08T19:15:00.000-04:00
Rafael Devers,SF,IF,Hits,0.5,goblin,pre_game,2026-08-08T19:15:00.000-04:00
Christian Koss,SF,IF,Home Runs,0.5,demon,pre_game,2026-08-08T19:15:00.000-04:00
Rafael Devers,SF,IF,Hits+Runs+RBIs,0.5,goblin,pre_game,2026-08-08T19:15:00.000-04:00
Jung Hoo Lee,SF,OF,Home Runs,0.5,demon,pre_game,2026-08-08T19:15:00.000-04:00
Drew Gilbert,SF,OF,Home Runs,0.5,demon,pre_game,2026-08-08T19:15:00.000-04:00
Riley Greene,DET,OF,Runs,0.5,demon,pre_game,2026-08-08T19:15:00.000-04:00
Gleyber Torres,DET,IF,Doubles,0.5,demon,pre_game,2026-08-08T19:15:00.000-04:00
Riley Greene,DET,OF,Hits+Runs+RBIs,0.5,goblin,pre_game,2026-08-08T19:15:00.000-04:00
Javier Báez,DET,IF,Doubles,0.5,demon,pre_game,2026-08-08T19:15:00.000-04:00
Zach McKinstry,DET,IF,Home Runs,0.5,demon,pre_game,2026-08-08T19:15:00.000-04:00
Dillon Dingler,DET,C,RBIs,0.5,demon,pre_game,2026-08-08T19:15:00.000-04:00
Daniel Susac,SF,C,Stolen Bases,0.5,demon,pre_game,2026-08-08T19:15:00.000-04:00
Christian Koss,SF,IF,Hits+Runs+RBIs,0.5,goblin,pre_game,2026-08-08T19:15:00.000-04:00
Zach McKinstry,DET,IF,Doubles,0.5,demon,pre_game,2026-08-08T19:15:00.000-04:00
Javier Báez,DET,IF,Home Runs,0.5,demon,pre_game,2026-08-08T19:15:00.000-04:00
Drew Gilbert,SF,OF,Hits,0.5,goblin,pre_game,2026-08-08T19:15:00.000-04:00
Christian Koss,SF,IF,Stolen Bases,0.5,demon,pre_game,2026-08-08T19:15:00.000-04:00
Colt Keith,DET,IF,Hits+Runs+RBIs,0.5,goblin,pre_game,2026-08-08T19:15:00.000-04:00
Grant McCray,SF,OF,Singles,0.5,demon,pre_game,2026-08-08T19:15:00.000-04:00
Dillon Dingler,DET,C,Hits+Runs+RBIs,0.5,goblin,pre_game,2026-08-08T19:15:00.000-04:00
Osleivis Basabe,SF,IF,Home Runs,0.5,demon,pre_game,2026-08-08T19:15:00.000-04:00
Drew Gilbert,SF,OF,Hits+Runs+RBIs,0.5,goblin,pre_game,2026-08-08T19:15:00.000-04:00
Riley Greene,DET,OF,Home Runs,0.5,demon,pre_game,2026-08-08T19:15:00.000-04:00
Spencer Torkelson,DET,IF,Hits+Runs+RBIs,0.5,goblin,pre_game,2026-08-08T19:15:00.000-04:00
Willy Adames,SF,IF,Singles,0.5,demon,pre_game,2026-08-08T19:15:00.000-04:00
Christian Koss,SF,IF,Doubles,0.5,demon,pre_game,2026-08-08T19:15:00.000-04:00
Zach McKinstry,DET,IF,Hits,0.5,goblin,pre_game,2026-08-08T19:15:00.000-04:00
Jung Hoo Lee,SF,OF,Runs,0.5,demon,pre_game,2026-08-08T19:15:00.000-04:00
Colt Keith,DET,IF,Runs,0.5,demon,pre_game,2026-08-08T19:15:00.000-04:00
Riley Greene,DET,OF,Hits,0.5,goblin,pre_game,2026-08-08T19:15:00.000-04:00
Daniel Susac,SF,C,Home Runs,0.5,demon,pre_game,2026-08-08T19:15:00.000-04:00
Drew Gilbert,SF,OF,Runs,0.5,demon,pre_game,2026-08-08T19:15:00.000-04:00
Rafael Devers,SF,IF,Home Runs,0.5,demon,pre_game,2026-08-08T19:15:00.000-04:00
Colt Keith,DET,IF,Doubles,0.5,demon,pre_game,2026-08-08T19:15:00.000-04:00
Max Clark,DET,OF,Home Runs,0.5,demon,pre_game,2026-08-08T19:15:00.000-04:00
Gleyber Torres,DET,IF,Singles,0.5,goblin,pre_game,2026-08-08T19:15:00.000-04:00
Jung Hoo Lee,SF,OF,Hits,0.5,goblin,pre_game,2026-08-08T19:15:00.000-04:00
Jung Hoo Lee,SF,OF,Singles,0.5,goblin,pre_game,2026-08-08T19:15:00.000-04:00
Javier Báez,DET,IF,Stolen Bases,0.5,demon,pre_game,2026-08-08T19:15:00.000-04:00
Gleyber Torres,DET,IF,Home Runs,0.5,demon,pre_game,2026-08-08T19:15:00.000-04:00
Rafael Devers,SF,IF,RBIs,0.5,demon,pre_game,2026-08-08T19:15:00.000-04:00
Christian Koss,SF,IF,Singles,0.5,demon,pre_game,2026-08-08T19:15:00.000-04:00
Willy Adames,SF,IF,Runs,0.5,demon,pre_game,2026-08-08T19:15:00.000-04:00
Landen Roupp,SF,P,Earned Runs Allowed,0.5,goblin,pre_game,2026-08-08T19:15:00.000-04:00
Jung Hoo Lee,SF,OF,Walks,0.5,demon,pre_game,2026-08-08T19:15:00.000-04:00
Drew Gilbert,SF,OF,Total Bases,0.5,goblin,pre_game,2026-08-08T19:15:00.000-04:00
Drew Gilbert,SF,OF,Walks,0.5,demon,pre_game,2026-08-08T19:15:00.000-04:00
Rafael Devers,SF,IF,Total Bases,0.5,goblin,pre_game,2026-08-08T19:15:00.000-04:00
Spencer Torkelson,DET,IF,Walks,0.5,demon,pre_game,2026-08-08T19:15:00.000-04:00
Christian Koss,SF,IF,Total Bases,0.5,goblin,pre_game,2026-08-08T19:15:00.000-04:00
Drew Cavanaugh,SF,C,Doubles,0.5,demon,pre_game,2026-08-08T19:15:00.000-04:00
Drew Cavanaugh,SF,C,Home Runs,0.5,demon,pre_game,2026-08-08T19:15:00.000-04:00
Max Clark,DET,OF,Walks,0.5,demon,pre_game,2026-08-08T19:15:00.000-04:00
Willy Adames,SF,IF,Total Bases,0.5,goblin,pre_game,2026-08-08T19:15:00.000-04:00
Jackson Jobe,DET,P,Walks Allowed,0.5,goblin,pre_game,2026-08-08T19:15:00.000-04:00
Drew Cavanaugh,SF,C,RBIs,0.5,demon,pre_game,2026-08-08T19:15:00.000-04:00
Bryce Eldridge,SF,DH,Hitter Strikeouts,0.5,goblin,pre_game,2026-08-08T19:15:00.000-04:00
Rafael Devers,SF,IF,Walks,0.5,demon,pre_game,2026-08-08T19:15:00.000-04:00
Drew Cavanaugh,SF,C,Runs,0.5,demon,pre_game,2026-08-08T19:15:00.000-04:00
Grant McCray,SF,OF,Hitter Strikeouts,0.5,goblin,pre_game,2026-08-08T19:15:00.000-04:00
Colt Keith,DET,IF,Walks,0.5,demon,pre_game,2026-08-08T19:15:00.000-04:00
Bryce Eldridge,SF,DH,Total Bases,0.5,goblin,pre_game,2026-08-08T19:15:00.000-04:00
Willy Adames,SF,IF,Walks,0.5,demon,pre_game,2026-08-08T19:15:00.000-04:00
Drew Cavanaugh,SF,C,Triples,0.5,demon,pre_game,2026-08-08T19:15:00.000-04:00
Dillon Dingler,DET,C,Walks,0.5,demon,pre_game,2026-08-08T19:15:00.000-04:00
Osleivis Basabe,SF,IF,Walks,0.5,demon,pre_game,2026-08-08T19:15:00.000-04:00
Riley Greene,DET,OF,Total Bases,0.5,goblin,pre_game,2026-08-08T19:15:00.000-04:00
Gleyber Torres,DET,IF,Total Bases,0.5,goblin,pre_game,2026-08-08T19:15:00.000-04:00
Riley Greene,DET,OF,Walks,0.5,demon,pre_game,2026-08-08T19:15:00.000-04:00
Jackson Jobe,DET,P,Earned Runs Allowed,0.5,goblin,pre_game,2026-08-08T19:15:00.000-04:00
Max Clark,DET,OF,Total Bases,0.5,goblin,pre_game,2026-08-08T19:15:00.000-04:00
Dillon Dingler,DET,C,Total Bases,0.5,goblin,pre_game,2026-08-08T19:15:00.000-04:00
Osleivis Basabe,SF,IF,Singles,0.5,demon,pre_game,2026-08-08T19:15:00.000-04:00
Bryce Eldridge,SF,DH,Walks,0.5,demon,pre_game,2026-08-08T19:15:00.000-04:00
Jung Hoo Lee,SF,OF,Triples,0.5,demon,pre_game,2026-08-08T19:15:00.000-04:00
Gleyber Torres,DET,IF,Walks,0.5,demon,pre_game,2026-08-08T19:15:00.000-04:00
Bryce Eldridge,SF,DH,Runs,0.5,demon,pre_game,2026-08-08T19:15:00.000-04:00
Drew Cavanaugh,SF,C,Total Bases,0.5,standard,pre_game,2026-08-08T19:15:00.000-04:00
Zach McKinstry,DET,IF,Total Bases,0.5,goblin,pre_game,2026-08-08T19:15:00.000-04:00
Kevin McGonigle,DET,IF,Walks,0.5,standard,pre_game,2026-08-08T19:15:00.000-04:00
Grant McCray,SF,OF,Walks,0.5,demon,pre_game,2026-08-08T19:15:00.000-04:00
Drew Cavanaugh,SF,C,Hits+Runs+RBIs,0.5,goblin,pre_game,2026-08-08T19:15:00.000-04:00
Javier Báez,DET,IF,Total Bases,0.5,goblin,pre_game,2026-08-08T19:15:00.000-04:00
Colt Keith,DET,IF,Total Bases,0.5,goblin,pre_game,2026-08-08T19:15:00.000-04:00
Grant McCray,SF,OF,Total Bases,0.5,standard,pre_game,2026-08-08T19:15:00.000-04:00
Zach McKinstry,DET,IF,Walks,0.5,demon,pre_game,2026-08-08T19:15:00.000-04:00
Kevin McGonigle,DET,IF,Total Bases,0.5,goblin,pre_game,2026-08-08T19:15:00.000-04:00
Spencer Torkelson,DET,IF,Total Bases,0.5,goblin,pre_game,2026-08-08T19:15:00.000-04:00
Jung Hoo Lee,SF,OF,Total Bases,0.5,goblin,pre_game,2026-08-08T19:15:00.000-04:00
Zach McKinstry,DET,IF,Singles,0.5,demon,pre_game,2026-08-08T19:15:00.000-04:00
Drew Cavanaugh,SF,C,Hits,0.5,standard,pre_game,2026-08-08T19:15:00.000-04:00
Osleivis Basabe,SF,IF,Total Bases,0.5,goblin,pre_game,2026-08-08T19:15:00.000-04:00
Drew Cavanaugh,SF,C,Singles,0.5,demon,pre_game,2026-08-08T19:15:00.000-04:00
Grant McCray,SF,OF,Hits,0.5,standard,pre_game,2026-08-08T19:15:00.000-04:00
Drew Gilbert,SF,OF,Singles,0.5,demon,pre_game,2026-08-08T19:15:00.000-04:00
Javier Báez,DET,IF,Singles,0.5,standard,pre_game,2026-08-08T19:15:00.000-04:00
Spencer Torkelson,DET,IF,Hitter Strikeouts,0.5,goblin,pre_game,2026-08-08T19:15:00.000-04:00
Drew Cavanaugh,SF,C,Walks,0.5,demon,pre_game,2026-08-08T19:15:00.000-04:00
Willy Adames,SF,IF,Hitter Strikeouts,0.5,goblin,pre_game,2026-08-08T19:15:00.000-04:00
Kevin McGonigle,DET,IF,Runs,0.5,standard,pre_game,2026-08-08T19:15:00.000-04:00
Jackson Jobe + Landen Roupp,DET/SF,P,1st Inning Runs Allowed,0.5,standard,pre_game,2026-08-08T19:15:00.000-04:00
Jackson Jobe + Landen Roupp,DET/SF,P,1st Inning Walks Allowed,0.5,goblin,pre_game,2026-08-08T19:15:00.000-04:00
Riley Greene,DET,OF,Hitter Strikeouts,0.5,goblin,pre_game,2026-08-08T19:15:00.000-04:00
Christian Koss,SF,IF,Walks,0.5,demon,pre_game,2026-08-08T19:15:00.000-04:00
Daniel Susac,SF,C,Total Bases,0.5,goblin,pre_game,2026-08-08T19:15:00.000-04:00
Gleyber Torres,DET,IF,Hitter Strikeouts,0.5,goblin,pre_game,2026-08-08T19:15:00.000-04:00
Kevin McGonigle,DET,IF,Hitter Strikeouts,0.5,goblin,pre_game,2026-08-08T19:15:00.000-04:00
Javier Báez,DET,IF,Hitter Strikeouts,0.5,goblin,pre_game,2026-08-08T19:15:00.000-04:00
Dillon Dingler,DET,C,Hitter Strikeouts,0.5,goblin,pre_game,2026-08-08T19:15:00.000-04:00
Max Clark,DET,OF,Hitter Strikeouts,0.5,goblin,pre_game,2026-08-08T19:15:00.000-04:00
Colt Keith,DET,IF,Hitter Strikeouts,0.5,goblin,pre_game,2026-08-08T19:15:00.000-04:00
Daniel Susac,SF,C,Hitter Strikeouts,0.5,goblin,pre_game,2026-08-08T19:15:00.000-04:00
Jung Hoo Lee,SF,OF,Hitter Strikeouts,0.5,demon,pre_game,2026-08-08T19:15:00.000-04:00
Rafael Devers,SF,IF,Hitter Strikeouts,0.5,goblin,pre_game,2026-08-08T19:15:00.000-04:00
Christian Koss,SF,IF,Hitter Strikeouts,0.5,goblin,pre_game,2026-08-08T19:15:00.000-04:00
Osleivis Basabe,SF,IF,Hitter Strikeouts,0.5,goblin,pre_game,2026-08-08T19:15:00.000-04:00
Max Clark,DET,OF,Singles,0.5,demon,pre_game,2026-08-08T19:15:00.000-04:00
Daniel Susac,SF,C,Singles,0.5,demon,pre_game,2026-08-08T19:15:00.000-04:00
Riley Greene,DET,OF,Singles,0.5,demon,pre_game,2026-08-08T19:15:00.000-04:00
Kevin McGonigle,DET,IF,Singles,0.5,standard,pre_game,2026-08-08T19:15:00.000-04:00
Dillon Dingler,DET,C,Triples,0.5,demon,pre_game,2026-08-08T19:15:00.000-04:00
Dillon Dingler,DET,C,Singles,0.5,standard,pre_game,2026-08-08T19:15:00.000-04:00
Anthony Kay,CWS,P,Pitching Outs,20.5,demon,pre_game,2026-08-08T19:15:00.000-04:00
Gavin Williams,CLE,P,Pitching Outs,20.5,demon,pre_game,2026-08-08T19:15:00.000-04:00
Anthony Kay,CWS,P,Pitching Outs,17.5,demon,pre_game,2026-08-08T19:15:00.000-04:00
Anthony Kay,CWS,P,Pitching Outs,15.5,standard,pre_game,2026-08-08T19:15:00.000-04:00
Anthony Kay,CWS,P,Pitching Outs,14.5,goblin,pre_game,2026-08-08T19:15:00.000-04:00
Gavin Williams,CLE,P,Pitching Outs,14.5,goblin,pre_game,2026-08-08T19:15:00.000-04:00
Gavin Williams + Anthony Kay,CLE/CWS,P,Pitcher Strikeouts (Combo),12.5,demon,pre_game,2026-08-08T19:15:00.000-04:00
Gavin Williams,CLE,P,Pitcher Strikeouts,12.5,demon,pre_game,2026-08-08T19:15:00.000-04:00
Gavin Williams,CLE,P,Pitcher Strikeouts,10.5,demon,pre_game,2026-08-08T19:15:00.000-04:00
Gavin Williams,CLE,P,Pitcher Strikeouts,9.5,demon,pre_game,2026-08-08T19:15:00.000-04:00
Gavin Williams,CLE,P,Pitcher Strikeouts,8.5,demon,pre_game,2026-08-08T19:15:00.000-04:00
Anthony Kay,CWS,P,Hits Allowed,8.5,demon,pre_game,2026-08-08T19:15:00.000-04:00
Anthony Kay,CWS,P,Pitcher Strikeouts,7.5,demon,pre_game,2026-08-08T19:15:00.000-04:00
Gavin Williams,CLE,P,Hits Allowed,7.5,demon,pre_game,2026-08-08T19:15:00.000-04:00
Anthony Kay,CWS,P,Hits Allowed,6.5,demon,pre_game,2026-08-08T19:15:00.000-04:00
Anthony Kay,CWS,P,Pitcher Strikeouts,6.5,demon,pre_game,2026-08-08T19:15:00.000-04:00
Gavin Williams,CLE,P,Pitcher Strikeouts,6.5,goblin,pre_game,2026-08-08T19:15:00.000-04:00
José Ramírez,CLE,IF,Hits+Runs+RBIs,6.5,demon,pre_game,2026-08-08T19:15:00.000-04:00
Jo Adell,CLE,OF,Hits+Runs+RBIs,6.5,demon,pre_game,2026-08-08T19:15:00.000-04:00
Anthony Kay,CWS,P,Earned Runs Allowed,6.5,demon,pre_game,2026-08-08T19:15:00.000-04:00
Jo Adell,CLE,OF,Total Bases,5.5,demon,pre_game,2026-08-08T19:15:00.000-04:00
Rhys Hoskins,CLE,IF,Hits+Runs+RBIs,5.5,demon,pre_game,2026-08-08T19:15:00.000-04:00
Munetaka Murakami,CWS,IF,Total Bases,5.5,demon,pre_game,2026-08-08T19:15:00.000-04:00
José Ramírez,CLE,IF,Total Bases,5.5,demon,pre_game,2026-08-08T19:15:00.000-04:00
Brayan Rocchio,CLE,IF,Hits+Runs+RBIs,5.5,demon,pre_game,2026-08-08T19:15:00.000-04:00
Anthony Kay,CWS,P,Pitcher Strikeouts,5.5,demon,pre_game,2026-08-08T19:15:00.000-04:00
Gavin Williams,CLE,P,Pitcher Strikeouts,5.5,goblin,pre_game,2026-08-08T19:15:00.000-04:00
Chase DeLauter,CLE,OF,Total Bases,5.5,demon,pre_game,2026-08-08T19:15:00.000-04:00
Miguel Vargas,CWS,IF,Total Bases,5.5,demon,pre_game,2026-08-08T19:15:00.000-04:00
Angel Martínez,CLE,OF,Hits+Runs+RBIs,5.5,demon,pre_game,2026-08-08T19:15:00.000-04:00
Chase DeLauter,CLE,OF,Hits+Runs+RBIs,5.5,demon,pre_game,2026-08-08T19:15:00.000-04:00
Gavin Williams,CLE,P,Hits Allowed,5.5,demon,pre_game,2026-08-08T19:15:00.000-04:00
Steven Kwan,CLE,OF,Hits+Runs+RBIs,5.5,demon,pre_game,2026-08-08T19:15:00.000-04:00
Angel Genao,CLE,IF,Total Bases,5.5,demon,pre_game,2026-08-08T19:15:00.000-04:00
Miguel Vargas,CWS,IF,Hits+Runs+RBIs,5.5,demon,pre_game,2026-08-08T19:15:00.000-04:00
Anthony Kay,CWS,P,Hits Allowed,5.5,demon,pre_game,2026-08-08T19:15:00.000-04:00
Gavin Williams,CLE,P,Earned Runs Allowed,5.5,demon,pre_game,2026-08-08T19:15:00.000-04:00
Colson Montgomery,CWS,IF,Hits+Runs+RBIs,5.5,demon,pre_game,2026-08-08T19:15:00.000-04:00
Munetaka Murakami,CWS,IF,Hits+Runs+RBIs,5.5,demon,pre_game,2026-08-08T19:15:00.000-04:00
Chase DeLauter,CLE,OF,Hits+Runs+RBIs,4.5,demon,pre_game,2026-08-08T19:15:00.000-04:00
Jo Adell,CLE,OF,Hits+Runs+RBIs,4.5,demon,pre_game,2026-08-08T19:15:00.000-04:00
Austin Hedges,CLE,C,Hits+Runs+RBIs,4.5,demon,pre_game,2026-08-08T19:15:00.000-04:00
Sam Antonacci,CWS,OF,Hits+Runs+RBIs,4.5,demon,pre_game,2026-08-08T19:15:00.000-04:00
Angel Martínez,CLE,OF,Total Bases,4.5,demon,pre_game,2026-08-08T19:15:00.000-04:00
Andrew Benintendi,CWS,DH,Total Bases,4.5,demon,pre_game,2026-08-08T19:15:00.000-04:00
Colson Montgomery,CWS,IF,Total Bases,4.5,demon,pre_game,2026-08-08T19:15:00.000-04:00
Sam Antonacci,CWS,OF,Total Bases,4.5,demon,pre_game,2026-08-08T19:15:00.000-04:00
Rhys Hoskins,CLE,IF,Total Bases,4.5,demon,pre_game,2026-08-08T19:15:00.000-04:00
Angel Genao,CLE,IF,Hits+Runs+RBIs,4.5,demon,pre_game,2026-08-08T19:15:00.000-04:00
Andrew Benintendi,CWS,DH,Hits+Runs+RBIs,4.5,demon,pre_game,2026-08-08T19:15:00.000-04:00
Anthony Kay,CWS,P,Pitcher Strikeouts,4.5,demon,pre_game,2026-08-08T19:15:00.000-04:00
Chase Meidroth,CWS,IF,Hits+Runs+RBIs,4.5,demon,pre_game,2026-08-08T19:15:00.000-04:00
Steven Kwan,CLE,OF,Hits+Runs+RBIs,4.5,demon,pre_game,2026-08-08T19:15:00.000-04:00
José Ramírez,CLE,IF,Hits+Runs+RBIs,4.5,demon,pre_game,2026-08-08T19:15:00.000-04:00
Braden Montgomery,CWS,OF,Hits+Runs+RBIs,4.5,demon,pre_game,2026-08-08T19:15:00.000-04:00
Angel Martínez,CLE,OF,Hits+Runs+RBIs,4.5,demon,pre_game,2026-08-08T19:15:00.000-04:00
Steven Kwan,CLE,OF,Total Bases,4.5,demon,pre_game,2026-08-08T19:15:00.000-04:00
Brayan Rocchio,CLE,IF,Total Bases,4.5,demon,pre_game,2026-08-08T19:15:00.000-04:00
Austin Hedges,CLE,C,Total Bases,4.5,demon,pre_game,2026-08-08T19:15:00.000-04:00
Drew Romo,CWS,C,Hits+Runs+RBIs,4.5,demon,pre_game,2026-08-08T19:15:00.000-04:00
Braden Montgomery,CWS,OF,Total Bases,4.5,demon,pre_game,2026-08-08T19:15:00.000-04:00
Tristan Peters,CWS,OF,Total Bases,4.5,demon,pre_game,2026-08-08T19:15:00.000-04:00
Tristan Peters,CWS,OF,Hits+Runs+RBIs,4.5,demon,pre_game,2026-08-08T19:15:00.000-04:00
Edgar Quero,CWS,C,Hits+Runs+RBIs,4.5,demon,pre_game,2026-08-08T19:15:00.000-04:00
Travis Bazzana,CLE,IF,Total Bases,4.5,demon,pre_game,2026-08-08T19:15:00.000-04:00
Travis Bazzana,CLE,IF,Hits+Runs+RBIs,4.5,demon,pre_game,2026-08-08T19:15:00.000-04:00
Anthony Kay,CWS,P,Walks Allowed,4.5,demon,pre_game,2026-08-08T19:15:00.000-04:00
Anthony Kay,CWS,P,Hits Allowed,4.5,standard,pre_game,2026-08-08T19:15:00.000-04:00
Edgar Quero,CWS,C,Total Bases,4.5,demon,pre_game,2026-08-08T19:15:00.000-04:00
Gavin Williams,CLE,P,Hits Allowed,4.5,demon,pre_game,2026-08-08T19:15:00.000-04:00
Anthony Kay,CWS,P,Pitcher Strikeouts,4.0,standard,pre_game,2026-08-08T19:15:00.000-04:00
Gavin Williams,CLE,P,Earned Runs Allowed,3.5,demon,pre_game,2026-08-08T19:15:00.000-04:00
Angel Martínez,CLE,OF,Total Bases,3.5,demon,pre_game,2026-08-08T19:15:00.000-04:00
Braden Montgomery,CWS,OF,Total Bases,3.5,demon,pre_game,2026-08-08T19:15:00.000-04:00
Rhys Hoskins,CLE,IF,Total Bases,3.5,demon,pre_game,2026-08-08T19:15:00.000-04:00
Tristan Peters,CWS,OF,Hits+Runs+RBIs,3.5,demon,pre_game,2026-08-08T19:15:00.000-04:00
Jo Adell,CLE,OF,Total Bases,3.5,demon,pre_game,2026-08-08T19:15:00.000-04:00
Chase DeLauter,CLE,OF,Hits+Runs+RBIs,3.5,demon,pre_game,2026-08-08T19:15:00.000-04:00
Miguel Vargas,CWS,IF,Total Bases,3.5,demon,pre_game,2026-08-08T19:15:00.000-04:00
Sam Antonacci,CWS,OF,Hits+Runs+RBIs,3.5,demon,pre_game,2026-08-08T19:15:00.000-04:00
Miguel Vargas,CWS,IF,Hits+Runs+RBIs,3.5,demon,pre_game,2026-08-08T19:15:00.000-04:00
Munetaka Murakami,CWS,IF,Hits+Runs+RBIs,3.5,demon,pre_game,2026-08-08T19:15:00.000-04:00
Gavin Williams,CLE,P,Hits Allowed,3.5,goblin,pre_game,2026-08-08T19:15:00.000-04:00
Tristan Peters,CWS,OF,Total Bases,3.5,demon,pre_game,2026-08-08T19:15:00.000-04:00
Chase Meidroth,CWS,IF,Total Bases,3.5,demon,pre_game,2026-08-08T19:15:00.000-04:00
Andrew Benintendi,CWS,DH,Hits+Runs+RBIs,3.5,demon,pre_game,2026-08-08T19:15:00.000-04:00
Drew Romo,CWS,C,Hits+Runs+RBIs,3.5,demon,pre_game,2026-08-08T19:15:00.000-04:00
Angel Genao,CLE,IF,Hits+Runs+RBIs,3.5,demon,pre_game,2026-08-08T19:15:00.000-04:00
Munetaka Murakami,CWS,IF,Total Bases,3.5,demon,pre_game,2026-08-08T19:15:00.000-04:00
Austin Hedges,CLE,C,Total Bases,3.5,demon,pre_game,2026-08-08T19:15:00.000-04:00
José Ramírez,CLE,IF,Total Bases,3.5,demon,pre_game,2026-08-08T19:15:00.000-04:00
Colson Montgomery,CWS,IF,Hits+Runs+RBIs,3.5,demon,pre_game,2026-08-08T19:15:00.000-04:00
Anthony Kay,CWS,P,Hits Allowed,3.5,goblin,pre_game,2026-08-08T19:15:00.000-04:00
Brayan Rocchio,CLE,IF,Total Bases,3.5,demon,pre_game,2026-08-08T19:15:00.000-04:00
Braden Montgomery,CWS,OF,Hits+Runs+RBIs,3.5,demon,pre_game,2026-08-08T19:15:00.000-04:00
Sam Antonacci,CWS,OF,Total Bases,3.5,demon,pre_game,2026-08-08T19:15:00.000-04:00
Angel Genao,CLE,IF,Total Bases,3.5,demon,pre_game,2026-08-08T19:15:00.000-04:00
Jo Adell,CLE,OF,Hits+Runs+RBIs,3.5,demon,pre_game,2026-08-08T19:15:00.000-04:00
Angel Martínez,CLE,OF,Hits+Runs+RBIs,3.5,demon,pre_game,2026-08-08T19:15:00.000-04:00
Rhys Hoskins,CLE,IF,Hits+Runs+RBIs,3.5,demon,pre_game,2026-08-08T19:15:00.000-04:00
Andrew Benintendi,CWS,DH,Total Bases,3.5,demon,pre_game,2026-08-08T19:15:00.000-04:00
Steven Kwan,CLE,OF,Hits+Runs+RBIs,3.5,demon,pre_game,2026-08-08T19:15:00.000-04:00
Chase Meidroth,CWS,IF,Hits+Runs+RBIs,3.5,demon,pre_game,2026-08-08T19:15:00.000-04:00
Colson Montgomery,CWS,IF,Total Bases,3.5,demon,pre_game,2026-08-08T19:15:00.000-04:00
Brayan Rocchio,CLE,IF,Hits+Runs+RBIs,3.5,demon,pre_game,2026-08-08T19:15:00.000-04:00
Drew Romo,CWS,C,Total Bases,3.5,demon,pre_game,2026-08-08T19:15:00.000-04:00
Munetaka Murakami,CWS,IF,Hitter Strikeouts,3.5,demon,pre_game,2026-08-08T19:15:00.000-04:00
Anthony Kay,CWS,P,Earned Runs Allowed,3.5,demon,pre_game,2026-08-08T19:15:00.000-04:00
Austin Hedges,CLE,C,Hits+Runs+RBIs,3.5,demon,pre_game,2026-08-08T19:15:00.000-04:00
Chase DeLauter,CLE,OF,Total Bases,3.5,demon,pre_game,2026-08-08T19:15:00.000-04:00
Steven Kwan,CLE,OF,Total Bases,3.5,demon,pre_game,2026-08-08T19:15:00.000-04:00
José Ramírez,CLE,IF,Hits+Runs+RBIs,3.5,demon,pre_game,2026-08-08T19:15:00.000-04:00
Anthony Kay,CWS,P,Pitcher Strikeouts,3.5,goblin,pre_game,2026-08-08T19:15:00.000-04:00
Travis Bazzana,CLE,IF,Total Bases,3.5,demon,pre_game,2026-08-08T19:15:00.000-04:00
Edgar Quero,CWS,C,Hits+Runs+RBIs,3.5,demon,pre_game,2026-08-08T19:15:00.000-04:00
Travis Bazzana,CLE,IF,Hits+Runs+RBIs,3.5,demon,pre_game,2026-08-08T19:15:00.000-04:00
Edgar Quero,CWS,C,Total Bases,3.5,demon,pre_game,2026-08-08T19:15:00.000-04:00
Gavin Williams,CLE,P,Walks Allowed,3.5,demon,pre_game,2026-08-08T19:15:00.000-04:00
Anthony Kay,CWS,P,Earned Runs Allowed,2.5,demon,pre_game,2026-08-08T19:15:00.000-04:00
Munetaka Murakami,CWS,IF,RBIs,2.5,demon,pre_game,2026-08-08T19:15:00.000-04:00
José Ramírez,CLE,IF,Hits,2.5,demon,pre_game,2026-08-08T19:15:00.000-04:00
Rhys Hoskins,CLE,IF,RBIs,2.5,demon,pre_game,2026-08-08T19:15:00.000-04:00
Miguel Vargas,CWS,IF,RBIs,2.5,demon,pre_game,2026-08-08T19:15:00.000-04:00
Steven Kwan,CLE,OF,Hits,2.5,demon,pre_game,2026-08-08T19:15:00.000-04:00
Anthony Kay,CWS,P,Walks Allowed,2.5,demon,pre_game,2026-08-08T19:15:00.000-04:00
José Ramírez,CLE,IF,RBIs,2.5,demon,pre_game,2026-08-08T19:15:00.000-04:00
Rhys Hoskins,CLE,IF,Hitter Strikeouts,2.5,demon,pre_game,2026-08-08T19:15:00.000-04:00
Jo Adell,CLE,OF,Hits,2.5,demon,pre_game,2026-08-08T19:15:00.000-04:00
Angel Martínez,CLE,OF,Hits,2.5,demon,pre_game,2026-08-08T19:15:00.000-04:00
Chase DeLauter,CLE,OF,Hits,2.5,demon,pre_game,2026-08-08T19:15:00.000-04:00
Colson Montgomery,CWS,IF,RBIs,2.5,demon,pre_game,2026-08-08T19:15:00.000-04:00
Sam Antonacci,CWS,OF,Hits,2.5,demon,pre_game,2026-08-08T19:15:00.000-04:00
Colson Montgomery,CWS,IF,Hitter Strikeouts,2.5,demon,pre_game,2026-08-08T19:15:00.000-04:00
Jo Adell,CLE,OF,RBIs,2.5,demon,pre_game,2026-08-08T19:15:00.000-04:00
Miguel Vargas,CWS,IF,Hitter Strikeouts,2.5,demon,pre_game,2026-08-08T19:15:00.000-04:00
Braden Montgomery,CWS,OF,Hitter Strikeouts,2.5,demon,pre_game,2026-08-08T19:15:00.000-04:00
Munetaka Murakami,CWS,IF,Hitter Strikeouts,2.5,demon,pre_game,2026-08-08T19:15:00.000-04:00
Drew Romo,CWS,C,Hitter Strikeouts,2.5,demon,pre_game,2026-08-08T19:15:00.000-04:00
Jo Adell,CLE,OF,Hitter Strikeouts,2.5,demon,pre_game,2026-08-08T19:15:00.000-04:00
Gavin Williams,CLE,P,Walks Allowed,2.5,demon,pre_game,2026-08-08T19:15:00.000-04:00
Andrew Benintendi,CWS,DH,Hitter Strikeouts,2.5,demon,pre_game,2026-08-08T19:15:00.000-04:00
Miguel Vargas,CWS,IF,Hits+Runs+RBIs,2.5,demon,pre_game,2026-08-08T19:15:00.000-04:00
José Ramírez,CLE,IF,Hits+Runs+RBIs,2.5,demon,pre_game,2026-08-08T19:15:00.000-04:00
Chase Meidroth,CWS,IF,Hits+Runs+RBIs,2.5,demon,pre_game,2026-08-08T19:15:00.000-04:00
Drew Romo,CWS,C,Hits+Runs+RBIs,2.5,demon,pre_game,2026-08-08T19:15:00.000-04:00
Brayan Rocchio,CLE,IF,Hits,2.5,demon,pre_game,2026-08-08T19:15:00.000-04:00
Rhys Hoskins,CLE,IF,Total Bases,2.5,demon,pre_game,2026-08-08T19:15:00.000-04:00
José Ramírez,CLE,IF,Total Bases,2.5,demon,pre_game,2026-08-08T19:15:00.000-04:00
Munetaka Murakami,CWS,IF,Hits+Runs+RBIs,2.5,demon,pre_game,2026-08-08T19:15:00.000-04:00
Rhys Hoskins,CLE,IF,Hits+Runs+RBIs,2.5,demon,pre_game,2026-08-08T19:15:00.000-04:00
Tristan Peters,CWS,OF,Hits+Runs+RBIs,2.5,demon,pre_game,2026-08-08T19:15:00.000-04:00
Angel Genao,CLE,IF,Hits+Runs+RBIs,2.5,demon,pre_game,2026-08-08T19:15:00.000-04:00
Braden Montgomery,CWS,OF,Hits+Runs+RBIs,2.5,demon,pre_game,2026-08-08T19:15:00.000-04:00
Sam Antonacci,CWS,OF,Hits+Runs+RBIs,2.5,demon,pre_game,2026-08-08T19:15:00.000-04:00
Anthony Kay,CWS,P,Pitcher Strikeouts,2.5,goblin,pre_game,2026-08-08T19:15:00.000-04:00
Jo Adell,CLE,OF,Hits+Runs+RBIs,2.5,demon,pre_game,2026-08-08T19:15:00.000-04:00
Miguel Vargas,CWS,IF,Hits,2.5,demon,pre_game,2026-08-08T19:15:00.000-04:00
Andrew Benintendi,CWS,DH,Total Bases,2.5,demon,pre_game,2026-08-08T19:15:00.000-04:00
Colson Montgomery,CWS,IF,Hits+Runs+RBIs,2.5,demon,pre_game,2026-08-08T19:15:00.000-04:00
Sam Antonacci,CWS,OF,Total Bases,2.5,demon,pre_game,2026-08-08T19:15:00.000-04:00
Chase DeLauter,CLE,OF,Hits+Runs+RBIs,2.5,demon,pre_game,2026-08-08T19:15:00.000-04:00
Braden Montgomery,CWS,OF,Total Bases,2.5,demon,pre_game,2026-08-08T19:15:00.000-04:00
Jo Adell,CLE,OF,Total Bases,2.5,demon,pre_game,2026-08-08T19:15:00.000-04:00
Andrew Benintendi,CWS,DH,Hits+Runs+RBIs,2.5,demon,pre_game,2026-08-08T19:15:00.000-04:00
Angel Martínez,CLE,OF,Total Bases,2.5,demon,pre_game,2026-08-08T19:15:00.000-04:00
Austin Hedges,CLE,C,Total Bases,2.5,demon,pre_game,2026-08-08T19:15:00.000-04:00
Munetaka Murakami,CWS,IF,Total Bases,2.5,demon,pre_game,2026-08-08T19:15:00.000-04:00
Steven Kwan,CLE,OF,Hits+Runs+RBIs,2.5,demon,pre_game,2026-08-08T19:15:00.000-04:00
Colson Montgomery,CWS,IF,Total Bases,2.5,demon,pre_game,2026-08-08T19:15:00.000-04:00
Drew Romo,CWS,C,Total Bases,2.5,demon,pre_game,2026-08-08T19:15:00.000-04:00
Austin Hedges,CLE,C,Hits+Runs+RBIs,2.5,demon,pre_game,2026-08-08T19:15:00.000-04:00
Miguel Vargas,CWS,IF,Total Bases,2.5,demon,pre_game,2026-08-08T19:15:00.000-04:00
Brayan Rocchio,CLE,IF,Hits+Runs+RBIs,2.5,demon,pre_game,2026-08-08T19:15:00.000-04:00
Steven Kwan,CLE,OF,Total Bases,2.5,demon,pre_game,2026-08-08T19:15:00.000-04:00
Angel Genao,CLE,IF,Total Bases,2.5,demon,pre_game,2026-08-08T19:15:00.000-04:00
Angel Martínez,CLE,OF,Hits+Runs+RBIs,2.5,demon,pre_game,2026-08-08T19:15:00.000-04:00
Tristan Peters,CWS,OF,Total Bases,2.5,demon,pre_game,2026-08-08T19:15:00.000-04:00
Brayan Rocchio,CLE,IF,Total Bases,2.5,demon,pre_game,2026-08-08T19:15:00.000-04:00
Chase Meidroth,CWS,IF,Total Bases,2.5,demon,pre_game,2026-08-08T19:15:00.000-04:00
Chase DeLauter,CLE,OF,Total Bases,2.5,demon,pre_game,2026-08-08T19:15:00.000-04:00
Braden Montgomery,CWS,OF,Hits,2.5,demon,pre_game,2026-08-08T19:15:00.000-04:00
Angel Genao,CLE,IF,Hits,2.5,demon,pre_game,2026-08-08T19:15:00.000-04:00
Gavin Williams,CLE,P,Hits Allowed,2.5,goblin,pre_game,2026-08-08T19:15:00.000-04:00
Chase Meidroth,CWS,IF,Hitter Strikeouts,2.5,demon,pre_game,2026-08-08T19:15:00.000-04:00
Angel Martínez,CLE,OF,RBIs,2.5,demon,pre_game,2026-08-08T19:15:00.000-04:00
Chase DeLauter,CLE,OF,RBIs,2.5,demon,pre_game,2026-08-08T19:15:00.000-04:00
Gavin Williams,CLE,P,Earned Runs Allowed,2.5,demon,pre_game,2026-08-08T19:15:00.000-04:00
Anthony Kay,CWS,P,Hits Allowed,2.5,goblin,pre_game,2026-08-08T19:15:00.000-04:00
Sam Antonacci,CWS,OF,Hitter Strikeouts,2.5,demon,pre_game,2026-08-08T19:15:00.000-04:00
Travis Bazzana,CLE,IF,Total Bases,2.5,demon,pre_game,2026-08-08T19:15:00.000-04:00
Travis Bazzana,CLE,IF,Hits,2.5,demon,pre_game,2026-08-08T19:15:00.000-04:00
Edgar Quero,CWS,C,Hits+Runs+RBIs,2.5,demon,pre_game,2026-08-08T19:15:00.000-04:00
Travis Bazzana,CLE,IF,Hits+Runs+RBIs,2.5,demon,pre_game,2026-08-08T19:15:00.000-04:00
Edgar Quero,CWS,C,Total Bases,2.5,demon,pre_game,2026-08-08T19:15:00.000-04:00
Tristan Peters,CWS,OF,Hitter Strikeouts,2.5,demon,pre_game,2026-08-08T19:15:00.000-04:00
José Ramírez,CLE,IF,Total Bases,1.5,demon,pre_game,2026-08-08T19:15:00.000-04:00
Anthony Kay,CWS,P,Walks Allowed,1.5,goblin,pre_game,2026-08-08T19:15:00.000-04:00
Chase DeLauter,CLE,OF,Hits+Runs+RBIs,1.5,standard,pre_game,2026-08-08T19:15:00.000-04:00
Brayan Rocchio,CLE,IF,Hits+Runs+RBIs,1.5,demon,pre_game,2026-08-08T19:15:00.000-04:00
Chase DeLauter,CLE,OF,Total Bases,1.5,demon,pre_game,2026-08-08T19:15:00.000-04:00
Munetaka Murakami,CWS,IF,Hits+Runs+RBIs,1.5,demon,pre_game,2026-08-08T19:15:00.000-04:00
Steven Kwan,CLE,OF,Hits+Runs+RBIs,1.5,standard,pre_game,2026-08-08T19:15:00.000-04:00
Chase Meidroth,CWS,IF,Hits+Runs+RBIs,1.5,demon,pre_game,2026-08-08T19:15:00.000-04:00
Gavin Williams,CLE,P,Walks Allowed,1.5,standard,pre_game,2026-08-08T19:15:00.000-04:00
Jo Adell,CLE,OF,Total Bases,1.5,demon,pre_game,2026-08-08T19:15:00.000-04:00
Angel Martínez,CLE,OF,Total Bases,1.5,demon,pre_game,2026-08-08T19:15:00.000-04:00
Sam Antonacci,CWS,OF,Total Bases,1.5,demon,pre_game,2026-08-08T19:15:00.000-04:00
Rhys Hoskins,CLE,IF,Hits+Runs+RBIs,1.5,demon,pre_game,2026-08-08T19:15:00.000-04:00
Angel Genao,CLE,IF,Hits+Runs+RBIs,1.5,demon,pre_game,2026-08-08T19:15:00.000-04:00
Steven Kwan,CLE,OF,Total Bases,1.5,demon,pre_game,2026-08-08T19:15:00.000-04:00
Braden Montgomery,CWS,OF,Hits+Runs+RBIs,1.5,demon,pre_game,2026-08-08T19:15:00.000-04:00
Angel Martínez,CLE,OF,Hits+Runs+RBIs,1.5,standard,pre_game,2026-08-08T19:15:00.000-04:00
Colson Montgomery,CWS,IF,Hits+Runs+RBIs,1.5,demon,pre_game,2026-08-08T19:15:00.000-04:00
José Ramírez,CLE,IF,Hits+Runs+RBIs,1.5,goblin,pre_game,2026-08-08T19:15:00.000-04:00
José Ramírez,CLE,IF,Hits,1.5,demon,pre_game,2026-08-08T19:15:00.000-04:00
Jo Adell,CLE,OF,Hits+Runs+RBIs,1.5,standard,pre_game,2026-08-08T19:15:00.000-04:00
Angel Genao,CLE,IF,RBIs,1.5,demon,pre_game,2026-08-08T19:15:00.000-04:00
Andrew Benintendi,CWS,DH,RBIs,1.5,demon,pre_game,2026-08-08T19:15:00.000-04:00
Chase Meidroth,CWS,IF,RBIs,1.5,demon,pre_game,2026-08-08T19:15:00.000-04:00
Tristan Peters,CWS,OF,RBIs,1.5,demon,pre_game,2026-08-08T19:15:00.000-04:00
Angel Martínez,CLE,OF,Runs,1.5,demon,pre_game,2026-08-08T19:15:00.000-04:00
Austin Hedges,CLE,C,RBIs,1.5,demon,pre_game,2026-08-08T19:15:00.000-04:00
Drew Romo,CWS,C,RBIs,1.5,demon,pre_game,2026-08-08T19:15:00.000-04:00
Sam Antonacci,CWS,OF,RBIs,1.5,demon,pre_game,2026-08-08T19:15:00.000-04:00
Angel Genao,CLE,IF,Runs,1.5,demon,pre_game,2026-08-08T19:15:00.000-04:00
Andrew Benintendi,CWS,DH,Hits,1.5,demon,pre_game,2026-08-08T19:15:00.000-04:00
Chase DeLauter,CLE,OF,Hits,1.5,demon,pre_game,2026-08-08T19:15:00.000-04:00
Jo Adell,CLE,OF,Runs,1.5,demon,pre_game,2026-08-08T19:15:00.000-04:00
Colson Montgomery,CWS,IF,Runs,1.5,demon,pre_game,2026-08-08T19:15:00.000-04:00
Munetaka Murakami,CWS,IF,Hits,1.5,demon,pre_game,2026-08-08T19:15:00.000-04:00
Steven Kwan,CLE,OF,Runs,1.5,demon,pre_game,2026-08-08T19:15:00.000-04:00
Steven Kwan,CLE,OF,Hits,1.5,demon,pre_game,2026-08-08T19:15:00.000-04:00
Colson Montgomery,CWS,IF,Hits,1.5,demon,pre_game,2026-08-08T19:15:00.000-04:00
Angel Martínez,CLE,OF,Hits,1.5,demon,pre_game,2026-08-08T19:15:00.000-04:00
Jo Adell,CLE,OF,Hits,1.5,demon,pre_game,2026-08-08T19:15:00.000-04:00
Munetaka Murakami,CWS,IF,Runs,1.5,demon,pre_game,2026-08-08T19:15:00.000-04:00
Miguel Vargas,CWS,IF,Runs,1.5,demon,pre_game,2026-08-08T19:15:00.000-04:00
Braden Montgomery,CWS,OF,Hits,1.5,demon,pre_game,2026-08-08T19:15:00.000-04:00
Brayan Rocchio,CLE,IF,Hitter Strikeouts,1.5,demon,pre_game,2026-08-08T19:15:00.000-04:00
Miguel Vargas,CWS,IF,Hits,1.5,demon,pre_game,2026-08-08T19:15:00.000-04:00
Chase Meidroth,CWS,IF,Hits,1.5,demon,pre_game,2026-08-08T19:15:00.000-04:00
Andrew Benintendi,CWS,DH,Runs,1.5,demon,pre_game,2026-08-08T19:15:00.000-04:00
Chase Meidroth,CWS,IF,Runs,1.5,demon,pre_game,2026-08-08T19:15:00.000-04:00
Braden Montgomery,CWS,OF,RBIs,1.5,demon,pre_game,2026-08-08T19:15:00.000-04:00
Brayan Rocchio,CLE,IF,RBIs,1.5,demon,pre_game,2026-08-08T19:15:00.000-04:00
Tristan Peters,CWS,OF,Hitter Strikeouts,1.5,demon,pre_game,2026-08-08T19:15:00.000-04:00
Steven Kwan,CLE,OF,RBIs,1.5,demon,pre_game,2026-08-08T19:15:00.000-04:00
Rhys Hoskins,CLE,IF,Runs,1.5,demon,pre_game,2026-08-08T19:15:00.000-04:00
Steven Kwan,CLE,OF,Hitter Strikeouts,1.5,demon,pre_game,2026-08-08T19:15:00.000-04:00
Sam Antonacci,CWS,OF,Hitter Strikeouts,1.5,demon,pre_game,2026-08-08T19:15:00.000-04:00
Sam Antonacci,CWS,OF,Hits,1.5,demon,pre_game,2026-08-08T19:15:00.000-04:00
Brayan Rocchio,CLE,IF,Hits,1.5,demon,pre_game,2026-08-08T19:15:00.000-04:00
Chase Meidroth,CWS,IF,Hitter Strikeouts,1.5,demon,pre_game,2026-08-08T19:15:00.000-04:00
Angel Martínez,CLE,OF,Hitter Strikeouts,1.5,demon,pre_game,2026-08-08T19:15:00.000-04:00
Brayan Rocchio,CLE,IF,Runs,1.5,demon,pre_game,2026-08-08T19:15:00.000-04:00
Sam Antonacci,CWS,OF,Runs,1.5,demon,pre_game,2026-08-08T19:15:00.000-04:00
Steven Kwan,CLE,OF,Singles,1.5,demon,pre_game,2026-08-08T19:15:00.000-04:00
Drew Romo,CWS,C,Hits,1.5,demon,pre_game,2026-08-08T19:15:00.000-04:00
Austin Hedges,CLE,C,Hits,1.5,demon,pre_game,2026-08-08T19:15:00.000-04:00
José Ramírez,CLE,IF,Singles,1.5,demon,pre_game,2026-08-08T19:15:00.000-04:00
Austin Hedges,CLE,C,Runs,1.5,demon,pre_game,2026-08-08T19:15:00.000-04:00
Miguel Vargas,CWS,IF,Hits+Runs+RBIs,1.5,demon,pre_game,2026-08-08T19:15:00.000-04:00
Chase DeLauter,CLE,OF,Runs,1.5,demon,pre_game,2026-08-08T19:15:00.000-04:00
Angel Genao,CLE,IF,Hits,1.5,demon,pre_game,2026-08-08T19:15:00.000-04:00
Angel Martínez,CLE,OF,Singles,1.5,demon,pre_game,2026-08-08T19:15:00.000-04:00
Chase DeLauter,CLE,OF,Hitter Strikeouts,1.5,demon,pre_game,2026-08-08T19:15:00.000-04:00
José Ramírez,CLE,IF,Hitter Strikeouts,1.5,demon,pre_game,2026-08-08T19:15:00.000-04:00
Brayan Rocchio,CLE,IF,Singles,1.5,demon,pre_game,2026-08-08T19:15:00.000-04:00
Tristan Peters,CWS,OF,Hits,1.5,demon,pre_game,2026-08-08T19:15:00.000-04:00
José Ramírez,CLE,IF,Runs,1.5,demon,pre_game,2026-08-08T19:15:00.000-04:00
Angel Genao,CLE,IF,Hitter Strikeouts,1.5,demon,pre_game,2026-08-08T19:15:00.000-04:00
Rhys Hoskins,CLE,IF,Hits,1.5,demon,pre_game,2026-08-08T19:15:00.000-04:00
Jo Adell,CLE,OF,Hitter Strikeouts,1.5,demon,pre_game,2026-08-08T19:15:00.000-04:00
Chase DeLauter,CLE,OF,Singles,1.5,demon,pre_game,2026-08-08T19:15:00.000-04:00
Andrew Benintendi,CWS,DH,Hitter Strikeouts,1.5,demon,pre_game,2026-08-08T19:15:00.000-04:00
Sam Antonacci,CWS,OF,Singles,1.5,demon,pre_game,2026-08-08T19:15:00.000-04:00
Austin Hedges,CLE,C,Hitter Strikeouts,1.5,demon,pre_game,2026-08-08T19:15:00.000-04:00
Rhys Hoskins,CLE,IF,Hitter Strikeouts,1.5,demon,pre_game,2026-08-08T19:15:00.000-04:00
Tristan Peters,CWS,OF,Hits+Runs+RBIs,1.5,demon,pre_game,2026-08-08T19:15:00.000-04:00
Andrew Benintendi,CWS,DH,Hits+Runs+RBIs,1.5,demon,pre_game,2026-08-08T19:15:00.000-04:00
Rhys Hoskins,CLE,IF,Total Bases,1.5,demon,pre_game,2026-08-08T19:15:00.000-04:00
Braden Montgomery,CWS,OF,Total Bases,1.5,demon,pre_game,2026-08-08T19:15:00.000-04:00
Austin Hedges,CLE,C,Hits+Runs+RBIs,1.5,demon,pre_game,2026-08-08T19:15:00.000-04:00
Andrew Benintendi,CWS,DH,Total Bases,1.5,demon,pre_game,2026-08-08T19:15:00.000-04:00
Drew Romo,CWS,C,Hits+Runs+RBIs,1.5,demon,pre_game,2026-08-08T19:15:00.000-04:00
Colson Montgomery,CWS,IF,Total Bases,1.5,demon,pre_game,2026-08-08T19:15:00.000-04:00
Miguel Vargas,CWS,IF,Total Bases,1.5,demon,pre_game,2026-08-08T19:15:00.000-04:00
Austin Hedges,CLE,C,Total Bases,1.5,demon,pre_game,2026-08-08T19:15:00.000-04:00
Munetaka Murakami,CWS,IF,Total Bases,1.5,demon,pre_game,2026-08-08T19:15:00.000-04:00
Drew Romo,CWS,C,Total Bases,1.5,demon,pre_game,2026-08-08T19:15:00.000-04:00
Angel Genao,CLE,IF,Total Bases,1.5,demon,pre_game,2026-08-08T19:15:00.000-04:00
Tristan Peters,CWS,OF,Total Bases,1.5,demon,pre_game,2026-08-08T19:15:00.000-04:00
Brayan Rocchio,CLE,IF,Total Bases,1.5,demon,pre_game,2026-08-08T19:15:00.000-04:00
Chase Meidroth,CWS,IF,Total Bases,1.5,demon,pre_game,2026-08-08T19:15:00.000-04:00
Tristan Peters,CWS,OF,Runs,1.5,demon,pre_game,2026-08-08T19:15:00.000-04:00
Sam Antonacci,CWS,OF,Hits+Runs+RBIs,1.5,demon,pre_game,2026-08-08T19:15:00.000-04:00
Anthony Kay,CWS,P,Earned Runs Allowed,1.5,goblin,pre_game,2026-08-08T19:15:00.000-04:00
Braden Montgomery,CWS,OF,Hitter Strikeouts,1.5,demon,pre_game,2026-08-08T19:15:00.000-04:00
Miguel Vargas,CWS,IF,Hitter Strikeouts,1.5,demon,pre_game,2026-08-08T19:15:00.000-04:00
Drew Romo,CWS,C,Hitter Strikeouts,1.5,demon,pre_game,2026-08-08T19:15:00.000-04:00
Colson Montgomery,CWS,IF,Hitter Strikeouts,1.5,goblin,pre_game,2026-08-08T19:15:00.000-04:00
Munetaka Murakami,CWS,IF,Hitter Strikeouts,1.5,goblin,pre_game,2026-08-08T19:15:00.000-04:00
Travis Bazzana,CLE,IF,Hits,1.5,demon,pre_game,2026-08-08T19:15:00.000-04:00
Travis Bazzana,CLE,IF,Total Bases,1.5,demon,pre_game,2026-08-08T19:15:00.000-04:00
Edgar Quero,CWS,C,Hits+Runs+RBIs,1.5,demon,pre_game,2026-08-08T19:15:00.000-04:00
Travis Bazzana,CLE,IF,Hits+Runs+RBIs,1.5,demon,pre_game,2026-08-08T19:15:00.000-04:00
Edgar Quero,CWS,C,RBIs,1.5,demon,pre_game,2026-08-08T19:15:00.000-04:00
Travis Bazzana,CLE,IF,RBIs,1.5,demon,pre_game,2026-08-08T19:15:00.000-04:00
Edgar Quero,CWS,C,Total Bases,1.5,demon,pre_game,2026-08-08T19:15:00.000-04:00
Edgar Quero,CWS,C,Hits,1.5,demon,pre_game,2026-08-08T19:15:00.000-04:00
Edgar Quero,CWS,C,Runs,1.5,demon,pre_game,2026-08-08T19:15:00.000-04:00
Travis Bazzana,CLE,IF,Runs,1.5,demon,pre_game,2026-08-08T19:15:00.000-04:00
Travis Bazzana,CLE,IF,Hitter Strikeouts,1.5,demon,pre_game,2026-08-08T19:15:00.000-04:00
Gavin Williams,CLE,P,Earned Runs Allowed,1.5,standard,pre_game,2026-08-08T19:15:00.000-04:00
Angel Genao,CLE,IF,Home Runs,0.5,demon,pre_game,2026-08-08T19:15:00.000-04:00
Chase Meidroth,CWS,IF,Home Runs,0.5,demon,pre_game,2026-08-08T19:15:00.000-04:00
Brayan Rocchio,CLE,IF,Home Runs,0.5,demon,pre_game,2026-08-08T19:15:00.000-04:00
Drew Romo,CWS,C,Home Runs,0.5,demon,pre_game,2026-08-08T19:15:00.000-04:00
Steven Kwan,CLE,OF,Home Runs,0.5,demon,pre_game,2026-08-08T19:15:00.000-04:00
Braden Montgomery,CWS,OF,Home Runs,0.5,demon,pre_game,2026-08-08T19:15:00.000-04:00
Angel Martínez,CLE,OF,Home Runs,0.5,demon,pre_game,2026-08-08T19:15:00.000-04:00
Jo Adell,CLE,OF,Home Runs,0.5,demon,pre_game,2026-08-08T19:15:00.000-04:00
Chase DeLauter,CLE,OF,Home Runs,0.5,demon,pre_game,2026-08-08T19:15:00.000-04:00
Miguel Vargas,CWS,IF,Home Runs,0.5,demon,pre_game,2026-08-08T19:15:00.000-04:00
Colson Montgomery,CWS,IF,Home Runs,0.5,demon,pre_game,2026-08-08T19:15:00.000-04:00
Andrew Benintendi,CWS,DH,Home Runs,0.5,demon,pre_game,2026-08-08T19:15:00.000-04:00
Sam Antonacci,CWS,OF,Home Runs,0.5,demon,pre_game,2026-08-08T19:15:00.000-04:00
Austin Hedges,CLE,C,Home Runs,0.5,demon,pre_game,2026-08-08T19:15:00.000-04:00
Tristan Peters,CWS,OF,Home Runs,0.5,demon,pre_game,2026-08-08T19:15:00.000-04:00
Sam Antonacci,CWS,OF,Stolen Bases,0.5,demon,pre_game,2026-08-08T19:15:00.000-04:00
Chase DeLauter,CLE,OF,Stolen Bases,0.5,demon,pre_game,2026-08-08T19:15:00.000-04:00
Sam Antonacci,CWS,OF,RBIs,0.5,demon,pre_game,2026-08-08T19:15:00.000-04:00
Munetaka Murakami,CWS,IF,Home Runs,0.5,demon,pre_game,2026-08-08T19:15:00.000-04:00
Drew Romo,CWS,C,Total Bases,0.5,demon,pre_game,2026-08-08T19:15:00.000-04:00
Drew Romo,CWS,C,RBIs,0.5,demon,pre_game,2026-08-08T19:15:00.000-04:00
Austin Hedges,CLE,C,RBIs,0.5,demon,pre_game,2026-08-08T19:15:00.000-04:00
Jo Adell,CLE,OF,RBIs,0.5,demon,pre_game,2026-08-08T19:15:00.000-04:00
José Ramírez,CLE,IF,Home Runs,0.5,demon,pre_game,2026-08-08T19:15:00.000-04:00
Rhys Hoskins,CLE,IF,Home Runs,0.5,demon,pre_game,2026-08-08T19:15:00.000-04:00
Andrew Benintendi,CWS,DH,RBIs,0.5,demon,pre_game,2026-08-08T19:15:00.000-04:00
Miguel Vargas,CWS,IF,Stolen Bases,0.5,demon,pre_game,2026-08-08T19:15:00.000-04:00
José Ramírez,CLE,IF,Stolen Bases,0.5,demon,pre_game,2026-08-08T19:15:00.000-04:00
Colson Montgomery,CWS,IF,RBIs,0.5,demon,pre_game,2026-08-08T19:15:00.000-04:00
Rhys Hoskins,CLE,IF,Total Bases,0.5,standard,pre_game,2026-08-08T19:15:00.000-04:00
Angel Genao,CLE,IF,RBIs,0.5,demon,pre_game,2026-08-08T19:15:00.000-04:00
Chase Meidroth,CWS,IF,Runs,0.5,demon,pre_game,2026-08-08T19:15:00.000-04:00
Colson Montgomery,CWS,IF,Runs,0.5,demon,pre_game,2026-08-08T19:15:00.000-04:00
Rhys Hoskins,CLE,IF,RBIs,0.5,demon,pre_game,2026-08-08T19:15:00.000-04:00
Brayan Rocchio,CLE,IF,Total Bases,0.5,goblin,pre_game,2026-08-08T19:15:00.000-04:00
Sam Antonacci,CWS,OF,Walks,0.5,demon,pre_game,2026-08-08T19:15:00.000-04:00
Miguel Vargas,CWS,IF,Total Bases,0.5,goblin,pre_game,2026-08-08T19:15:00.000-04:00
Chase DeLauter,CLE,OF,RBIs,0.5,demon,pre_game,2026-08-08T19:15:00.000-04:00
Tristan Peters,CWS,OF,Hits+Runs+RBIs,0.5,goblin,pre_game,2026-08-08T19:15:00.000-04:00
Andrew Benintendi,CWS,DH,Total Bases,0.5,standard,pre_game,2026-08-08T19:15:00.000-04:00
Braden Montgomery,CWS,OF,RBIs,0.5,demon,pre_game,2026-08-08T19:15:00.000-04:00
Braden Montgomery,CWS,OF,Total Bases,0.5,goblin,pre_game,2026-08-08T19:15:00.000-04:00
Steven Kwan,CLE,OF,RBIs,0.5,demon,pre_game,2026-08-08T19:15:00.000-04:00
Tristan Peters,CWS,OF,Stolen Bases,0.5,demon,pre_game,2026-08-08T19:15:00.000-04:00
Andrew Benintendi,CWS,DH,Runs,0.5,demon,pre_game,2026-08-08T19:15:00.000-04:00
José Ramírez,CLE,IF,RBIs,0.5,demon,pre_game,2026-08-08T19:15:00.000-04:00
Chase Meidroth,CWS,IF,Total Bases,0.5,goblin,pre_game,2026-08-08T19:15:00.000-04:00
Braden Montgomery,CWS,OF,Runs,0.5,demon,pre_game,2026-08-08T19:15:00.000-04:00
Chase DeLauter,CLE,OF,Hits,0.5,goblin,pre_game,2026-08-08T19:15:00.000-04:00
Rhys Hoskins,CLE,IF,Walks,0.5,demon,pre_game,2026-08-08T19:15:00.000-04:00
Jo Adell,CLE,OF,Stolen Bases,0.5,demon,pre_game,2026-08-08T19:15:00.000-04:00
Drew Romo,CWS,C,Hits+Runs+RBIs,0.5,standard,pre_game,2026-08-08T19:15:00.000-04:00
Brayan Rocchio,CLE,IF,RBIs,0.5,demon,pre_game,2026-08-08T19:15:00.000-04:00
Miguel Vargas,CWS,IF,Hits,0.5,goblin,pre_game,2026-08-08T19:15:00.000-04:00
Munetaka Murakami,CWS,IF,RBIs,0.5,demon,pre_game,2026-08-08T19:15:00.000-04:00
Steven Kwan,CLE,OF,Hits,0.5,goblin,pre_game,2026-08-08T19:15:00.000-04:00
Angel Martínez,CLE,OF,Stolen Bases,0.5,demon,pre_game,2026-08-08T19:15:00.000-04:00
Munetaka Murakami,CWS,IF,Hits,0.5,standard,pre_game,2026-08-08T19:15:00.000-04:00
Andrew Benintendi,CWS,DH,Hits+Runs+RBIs,0.5,goblin,pre_game,2026-08-08T19:15:00.000-04:00
Jo Adell,CLE,OF,Hits,0.5,goblin,pre_game,2026-08-08T19:15:00.000-04:00
Tristan Peters,CWS,OF,RBIs,0.5,demon,pre_game,2026-08-08T19:15:00.000-04:00
Andrew Benintendi,CWS,DH,Walks,0.5,demon,pre_game,2026-08-08T19:15:00.000-04:00
Drew Romo,CWS,C,Runs,0.5,demon,pre_game,2026-08-08T19:15:00.000-04:00
Angel Martínez,CLE,OF,Hits,0.5,goblin,pre_game,2026-08-08T19:15:00.000-04:00
Jo Adell,CLE,OF,Runs,0.5,demon,pre_game,2026-08-08T19:15:00.000-04:00
Steven Kwan,CLE,OF,Runs,0.5,demon,pre_game,2026-08-08T19:15:00.000-04:00
Angel Martínez,CLE,OF,Runs,0.5,demon,pre_game,2026-08-08T19:15:00.000-04:00
Tristan Peters,CWS,OF,Hits,0.5,standard,pre_game,2026-08-08T19:15:00.000-04:00
Brayan Rocchio,CLE,IF,Stolen Bases,0.5,demon,pre_game,2026-08-08T19:15:00.000-04:00
Chase Meidroth,CWS,IF,RBIs,0.5,demon,pre_game,2026-08-08T19:15:00.000-04:00
Steven Kwan,CLE,OF,Stolen Bases,0.5,demon,pre_game,2026-08-08T19:15:00.000-04:00
Chase Meidroth,CWS,IF,Walks,0.5,demon,pre_game,2026-08-08T19:15:00.000-04:00
Braden Montgomery,CWS,OF,Hits,0.5,goblin,pre_game,2026-08-08T19:15:00.000-04:00
Tristan Peters,CWS,OF,Walks,0.5,demon,pre_game,2026-08-08T19:15:00.000-04:00
Sam Antonacci,CWS,OF,Runs,0.5,demon,pre_game,2026-08-08T19:15:00.000-04:00
Munetaka Murakami,CWS,IF,Total Bases,0.5,standard,pre_game,2026-08-08T19:15:00.000-04:00
Tristan Peters,CWS,OF,Runs,0.5,demon,pre_game,2026-08-08T19:15:00.000-04:00
Brayan Rocchio,CLE,IF,Hits,0.5,goblin,pre_game,2026-08-08T19:15:00.000-04:00
Tristan Peters,CWS,OF,Total Bases,0.5,standard,pre_game,2026-08-08T19:15:00.000-04:00
Colson Montgomery,CWS,IF,Total Bases,0.5,standard,pre_game,2026-08-08T19:15:00.000-04:00
Steven Kwan,CLE,OF,Walks,0.5,demon,pre_game,2026-08-08T19:15:00.000-04:00
Angel Martínez,CLE,OF,Walks,0.5,demon,pre_game,2026-08-08T19:15:00.000-04:00
Braden Montgomery,CWS,OF,Walks,0.5,demon,pre_game,2026-08-08T19:15:00.000-04:00
Chase DeLauter,CLE,OF,Walks,0.5,demon,pre_game,2026-08-08T19:15:00.000-04:00
Austin Hedges,CLE,C,Runs,0.5,demon,pre_game,2026-08-08T19:15:00.000-04:00
Brayan Rocchio,CLE,IF,Runs,0.5,demon,pre_game,2026-08-08T19:15:00.000-04:00
Angel Genao,CLE,IF,Total Bases,0.5,goblin,pre_game,2026-08-08T19:15:00.000-04:00
José Ramírez,CLE,IF,Walks,0.5,demon,pre_game,2026-08-08T19:15:00.000-04:00
Drew Romo,CWS,C,Hits,0.5,demon,pre_game,2026-08-08T19:15:00.000-04:00
Angel Genao,CLE,IF,Runs,0.5,demon,pre_game,2026-08-08T19:15:00.000-04:00
Austin Hedges,CLE,C,Total Bases,0.5,standard,pre_game,2026-08-08T19:15:00.000-04:00
Miguel Vargas,CWS,IF,Runs,0.5,demon,pre_game,2026-08-08T19:15:00.000-04:00
Austin Hedges,CLE,C,Hits,0.5,standard,pre_game,2026-08-08T19:15:00.000-04:00
Miguel Vargas,CWS,IF,RBIs,0.5,demon,pre_game,2026-08-08T19:15:00.000-04:00
Angel Martínez,CLE,OF,RBIs,0.5,demon,pre_game,2026-08-08T19:15:00.000-04:00
Munetaka Murakami,CWS,IF,Runs,0.5,demon,pre_game,2026-08-08T19:15:00.000-04:00
Jo Adell,CLE,OF,Walks,0.5,demon,pre_game,2026-08-08T19:15:00.000-04:00
Angel Genao,CLE,IF,Hits,0.5,goblin,pre_game,2026-08-08T19:15:00.000-04:00
Sam Antonacci,CWS,OF,Hits,0.5,goblin,pre_game,2026-08-08T19:15:00.000-04:00
Colson Montgomery,CWS,IF,Walks,0.5,demon,pre_game,2026-08-08T19:15:00.000-04:00
Rhys Hoskins,CLE,IF,Runs,0.5,demon,pre_game,2026-08-08T19:15:00.000-04:00
Colson Montgomery,CWS,IF,Hits,0.5,standard,pre_game,2026-08-08T19:15:00.000-04:00
Brayan Rocchio,CLE,IF,Walks,0.5,demon,pre_game,2026-08-08T19:15:00.000-04:00
Rhys Hoskins,CLE,IF,Hits,0.5,standard,pre_game,2026-08-08T19:15:00.000-04:00
Chase Meidroth,CWS,IF,Hits,0.5,goblin,pre_game,2026-08-08T19:15:00.000-04:00
Austin Hedges,CLE,C,Hits+Runs+RBIs,0.5,goblin,pre_game,2026-08-08T19:15:00.000-04:00
Angel Genao,CLE,IF,Walks,0.5,demon,pre_game,2026-08-08T19:15:00.000-04:00
Miguel Vargas,CWS,IF,Walks,0.5,demon,pre_game,2026-08-08T19:15:00.000-04:00
Austin Hedges,CLE,C,Walks,0.5,demon,pre_game,2026-08-08T19:15:00.000-04:00
José Ramírez,CLE,IF,Total Bases,0.5,goblin,pre_game,2026-08-08T19:15:00.000-04:00
Braden Montgomery,CWS,OF,Singles,0.5,demon,pre_game,2026-08-08T19:15:00.000-04:00
Miguel Vargas,CWS,IF,Hits+Runs+RBIs,0.5,goblin,pre_game,2026-08-08T19:15:00.000-04:00
Drew Romo,CWS,C,Singles,0.5,demon,pre_game,2026-08-08T19:15:00.000-04:00
Drew Romo,CWS,C,Hitter Strikeouts,0.5,goblin,pre_game,2026-08-08T19:15:00.000-04:00
Andrew Benintendi,CWS,DH,Doubles,0.5,demon,pre_game,2026-08-08T19:15:00.000-04:00
Braden Montgomery,CWS,OF,Doubles,0.5,demon,pre_game,2026-08-08T19:15:00.000-04:00
Andrew Benintendi,CWS,DH,Hits,0.5,goblin,pre_game,2026-08-08T19:15:00.000-04:00
Anthony Kay,CWS,P,Walks Allowed,0.5,goblin,pre_game,2026-08-08T19:15:00.000-04:00
Colson Montgomery,CWS,IF,Doubles,0.5,demon,pre_game,2026-08-08T19:15:00.000-04:00
Rhys Hoskins,CLE,IF,Hitter Strikeouts,0.5,goblin,pre_game,2026-08-08T19:15:00.000-04:00
Anthony Kay,CWS,P,Earned Runs Allowed,0.5,goblin,pre_game,2026-08-08T19:15:00.000-04:00
Austin Hedges,CLE,C,Stolen Bases,0.5,demon,pre_game,2026-08-08T19:15:00.000-04:00
Miguel Vargas,CWS,IF,Singles,0.5,demon,pre_game,2026-08-08T19:15:00.000-04:00
Chase Meidroth,CWS,IF,Stolen Bases,0.5,demon,pre_game,2026-08-08T19:15:00.000-04:00
José Ramírez,CLE,IF,Hits,0.5,goblin,pre_game,2026-08-08T19:15:00.000-04:00
Munetaka Murakami,CWS,IF,Hits+Runs+RBIs,0.5,goblin,pre_game,2026-08-08T19:15:00.000-04:00
Braden Montgomery,CWS,OF,Stolen Bases,0.5,demon,pre_game,2026-08-08T19:15:00.000-04:00
Sam Antonacci,CWS,OF,Hits+Runs+RBIs,0.5,goblin,pre_game,2026-08-08T19:15:00.000-04:00
Miguel Vargas,CWS,IF,Doubles,0.5,demon,pre_game,2026-08-08T19:15:00.000-04:00
Brayan Rocchio,CLE,IF,Doubles,0.5,demon,pre_game,2026-08-08T19:15:00.000-04:00
Andrew Benintendi,CWS,DH,Singles,0.5,demon,pre_game,2026-08-08T19:15:00.000-04:00
Munetaka Murakami,CWS,IF,Singles,0.5,demon,pre_game,2026-08-08T19:15:00.000-04:00
Gavin Williams,CLE,P,Earned Runs Allowed,0.5,goblin,pre_game,2026-08-08T19:15:00.000-04:00
Steven Kwan,CLE,OF,Singles,0.5,goblin,pre_game,2026-08-08T19:15:00.000-04:00
Angel Genao,CLE,IF,Hits+Runs+RBIs,0.5,goblin,pre_game,2026-08-08T19:15:00.000-04:00
Chase DeLauter,CLE,OF,Doubles,0.5,demon,pre_game,2026-08-08T19:15:00.000-04:00
Angel Genao,CLE,IF,Stolen Bases,0.5,demon,pre_game,2026-08-08T19:15:00.000-04:00
Chase DeLauter,CLE,OF,Hits+Runs+RBIs,0.5,goblin,pre_game,2026-08-08T19:15:00.000-04:00
Chase Meidroth,CWS,IF,Doubles,0.5,demon,pre_game,2026-08-08T19:15:00.000-04:00
Angel Martínez,CLE,OF,Total Bases,0.5,goblin,pre_game,2026-08-08T19:15:00.000-04:00
Angel Genao,CLE,IF,Singles,0.5,demon,pre_game,2026-08-08T19:15:00.000-04:00
Rhys Hoskins,CLE,IF,Doubles,0.5,demon,pre_game,2026-08-08T19:15:00.000-04:00
Angel Genao,CLE,IF,Doubles,0.5,demon,pre_game,2026-08-08T19:15:00.000-04:00
Tristan Peters,CWS,OF,Singles,0.5,demon,pre_game,2026-08-08T19:15:00.000-04:00
Jo Adell,CLE,OF,Total Bases,0.5,goblin,pre_game,2026-08-08T19:15:00.000-04:00
Braden Montgomery,CWS,OF,Hits+Runs+RBIs,0.5,goblin,pre_game,2026-08-08T19:15:00.000-04:00
Sam Antonacci,CWS,OF,Total Bases,0.5,goblin,pre_game,2026-08-08T19:15:00.000-04:00
Chase DeLauter,CLE,OF,Runs,0.5,demon,pre_game,2026-08-08T19:15:00.000-04:00
Austin Hedges,CLE,C,Singles,0.5,demon,pre_game,2026-08-08T19:15:00.000-04:00
Jo Adell,CLE,OF,Hits+Runs+RBIs,0.5,goblin,pre_game,2026-08-08T19:15:00.000-04:00
Rhys Hoskins,CLE,IF,Hits+Runs+RBIs,0.5,goblin,pre_game,2026-08-08T19:15:00.000-04:00
Angel Martínez,CLE,OF,Hits+Runs+RBIs,0.5,goblin,pre_game,2026-08-08T19:15:00.000-04:00
José Ramírez,CLE,IF,Doubles,0.5,demon,pre_game,2026-08-08T19:15:00.000-04:00
Steven Kwan,CLE,OF,Hits+Runs+RBIs,0.5,goblin,pre_game,2026-08-08T19:15:00.000-04:00
Angel Martínez,CLE,OF,Doubles,0.5,demon,pre_game,2026-08-08T19:15:00.000-04:00
Chase Meidroth,CWS,IF,Hits+Runs+RBIs,0.5,goblin,pre_game,2026-08-08T19:15:00.000-04:00
Munetaka Murakami,CWS,IF,Stolen Bases,0.5,demon,pre_game,2026-08-08T19:15:00.000-04:00
Brayan Rocchio,CLE,IF,Singles,0.5,standard,pre_game,2026-08-08T19:15:00.000-04:00
Brayan Rocchio,CLE,IF,Hits+Runs+RBIs,0.5,goblin,pre_game,2026-08-08T19:15:00.000-04:00
Rhys Hoskins,CLE,IF,Singles,0.5,demon,pre_game,2026-08-08T19:15:00.000-04:00
Miguel Vargas,CWS,IF,Hitter Strikeouts,0.5,goblin,pre_game,2026-08-08T19:15:00.000-04:00
Braden Montgomery,CWS,OF,Hitter Strikeouts,0.5,goblin,pre_game,2026-08-08T19:15:00.000-04:00
Munetaka Murakami,CWS,IF,Doubles,0.5,demon,pre_game,2026-08-08T19:15:00.000-04:00
Rhys Hoskins,CLE,IF,Stolen Bases,0.5,demon,pre_game,2026-08-08T19:15:00.000-04:00
Steven Kwan,CLE,OF,Doubles,0.5,demon,pre_game,2026-08-08T19:15:00.000-04:00
Gavin Williams,CLE,P,Walks Allowed,0.5,goblin,pre_game,2026-08-08T19:15:00.000-04:00
Austin Hedges,CLE,C,Doubles,0.5,demon,pre_game,2026-08-08T19:15:00.000-04:00
Sam Antonacci,CWS,OF,Doubles,0.5,demon,pre_game,2026-08-08T19:15:00.000-04:00
Tristan Peters,CWS,OF,Doubles,0.5,demon,pre_game,2026-08-08T19:15:00.000-04:00
Drew Romo,CWS,C,Doubles,0.5,demon,pre_game,2026-08-08T19:15:00.000-04:00
Colson Montgomery,CWS,IF,Singles,0.5,demon,pre_game,2026-08-08T19:15:00.000-04:00
Chase DeLauter,CLE,OF,Total Bases,0.5,goblin,pre_game,2026-08-08T19:15:00.000-04:00
Steven Kwan,CLE,OF,Total Bases,0.5,goblin,pre_game,2026-08-08T19:15:00.000-04:00
José Ramírez,CLE,IF,Hits+Runs+RBIs,0.5,goblin,pre_game,2026-08-08T19:15:00.000-04:00
Chase DeLauter,CLE,OF,Singles,0.5,standard,pre_game,2026-08-08T19:15:00.000-04:00
Jo Adell,CLE,OF,Singles,0.5,demon,pre_game,2026-08-08T19:15:00.000-04:00
Sam Antonacci,CWS,OF,Singles,0.5,standard,pre_game,2026-08-08T19:15:00.000-04:00
Colson Montgomery,CWS,IF,Hits+Runs+RBIs,0.5,goblin,pre_game,2026-08-08T19:15:00.000-04:00
Jo Adell,CLE,OF,Doubles,0.5,demon,pre_game,2026-08-08T19:15:00.000-04:00
Gavin Williams + Anthony Kay,CLE/CWS,P,1st Inning Walks Allowed,0.5,standard,pre_game,2026-08-08T19:15:00.000-04:00
Munetaka Murakami,CWS,IF,Walks,0.5,demon,pre_game,2026-08-08T19:15:00.000-04:00
Drew Romo,CWS,C,Stolen Bases,0.5,demon,pre_game,2026-08-08T19:15:00.000-04:00
Andrew Benintendi,CWS,DH,Stolen Bases,0.5,demon,pre_game,2026-08-08T19:15:00.000-04:00
Jo Adell,CLE,OF,Hitter Strikeouts,0.5,goblin,pre_game,2026-08-08T19:15:00.000-04:00
Angel Martínez,CLE,OF,Singles,0.5,standard,pre_game,2026-08-08T19:15:00.000-04:00
Andrew Benintendi,CWS,DH,Hitter Strikeouts,0.5,goblin,pre_game,2026-08-08T19:15:00.000-04:00
Chase Meidroth,CWS,IF,Hitter Strikeouts,0.5,goblin,pre_game,2026-08-08T19:15:00.000-04:00
Tristan Peters,CWS,OF,Hitter Strikeouts,0.5,goblin,pre_game,2026-08-08T19:15:00.000-04:00
Sam Antonacci,CWS,OF,Hitter Strikeouts,0.5,goblin,pre_game,2026-08-08T19:15:00.000-04:00
Drew Romo,CWS,C,Walks,0.5,demon,pre_game,2026-08-08T19:15:00.000-04:00
Chase Meidroth,CWS,IF,Singles,0.5,demon,pre_game,2026-08-08T19:15:00.000-04:00
Angel Martínez,CLE,OF,Hitter Strikeouts,0.5,goblin,pre_game,2026-08-08T19:15:00.000-04:00
Austin Hedges,CLE,C,Hitter Strikeouts,0.5,goblin,pre_game,2026-08-08T19:15:00.000-04:00
Angel Genao,CLE,IF,Hitter Strikeouts,0.5,goblin,pre_game,2026-08-08T19:15:00.000-04:00
Chase DeLauter,CLE,OF,Hitter Strikeouts,0.5,goblin,pre_game,2026-08-08T19:15:00.000-04:00
Brayan Rocchio,CLE,IF,Hitter Strikeouts,0.5,goblin,pre_game,2026-08-08T19:15:00.000-04:00
José Ramírez,CLE,IF,Singles,0.5,standard,pre_game,2026-08-08T19:15:00.000-04:00
Edgar Quero,CWS,C,Home Runs,0.5,demon,pre_game,2026-08-08T19:15:00.000-04:00
Travis Bazzana,CLE,IF,Doubles,0.5,demon,pre_game,2026-08-08T19:15:00.000-04:00
Edgar Quero,CWS,C,Doubles,0.5,demon,pre_game,2026-08-08T19:15:00.000-04:00
Edgar Quero,CWS,C,Singles,0.5,demon,pre_game,2026-08-08T19:15:00.000-04:00
Travis Bazzana,CLE,IF,Home Runs,0.5,demon,pre_game,2026-08-08T19:15:00.000-04:00
Edgar Quero,CWS,C,Hits+Runs+RBIs,0.5,goblin,pre_game,2026-08-08T19:15:00.000-04:00
Travis Bazzana,CLE,IF,Singles,0.5,demon,pre_game,2026-08-08T19:15:00.000-04:00
Travis Bazzana,CLE,IF,Hits,0.5,goblin,pre_game,2026-08-08T19:15:00.000-04:00
Travis Bazzana,CLE,IF,Total Bases,0.5,goblin,pre_game,2026-08-08T19:15:00.000-04:00
Edgar Quero,CWS,C,Hitter Strikeouts,0.5,goblin,pre_game,2026-08-08T19:15:00.000-04:00
Travis Bazzana,CLE,IF,RBIs,0.5,demon,pre_game,2026-08-08T19:15:00.000-04:00
Edgar Quero,CWS,C,RBIs,0.5,demon,pre_game,2026-08-08T19:15:00.000-04:00
Travis Bazzana,CLE,IF,Hits+Runs+RBIs,0.5,goblin,pre_game,2026-08-08T19:15:00.000-04:00
Edgar Quero,CWS,C,Total Bases,0.5,standard,pre_game,2026-08-08T19:15:00.000-04:00
Edgar Quero,CWS,C,Hits,0.5,standard,pre_game,2026-08-08T19:15:00.000-04:00
Edgar Quero,CWS,C,Runs,0.5,demon,pre_game,2026-08-08T19:15:00.000-04:00
Travis Bazzana,CLE,IF,Runs,0.5,demon,pre_game,2026-08-08T19:15:00.000-04:00
José Ramírez,CLE,IF,Runs,0.5,demon,pre_game,2026-08-08T19:15:00.000-04:00
Matthew Liberatore,STL,P,Pitching Outs,20.5,demon,pre_game,2026-08-08T19:15:00.000-04:00
Kyle Freeland,COL,P,Pitching Outs,20.5,demon,pre_game,2026-08-08T19:15:00.000-04:00
Matthew Liberatore,STL,P,Pitching Outs,17.5,standard,pre_game,2026-08-08T19:15:00.000-04:00
Matthew Liberatore,STL,P,Pitching Outs,14.5,goblin,pre_game,2026-08-08T19:15:00.000-04:00
Kyle Freeland,COL,P,Pitching Outs,14.5,goblin,pre_game,2026-08-08T19:15:00.000-04:00
Kyle Freeland,COL,P,Hits Allowed,10.5,demon,pre_game,2026-08-08T19:15:00.000-04:00
Kyle Freeland + Matthew Liberatore,COL/STL,P,Pitcher Strikeouts (Combo),9.5,demon,pre_game,2026-08-08T19:15:00.000-04:00
Matthew Liberatore,STL,P,Hits Allowed,9.5,demon,pre_game,2026-08-08T19:15:00.000-04:00
Matthew Liberatore,STL,P,Pitcher Strikeouts,8.5,demon,pre_game,2026-08-08T19:15:00.000-04:00
Matthew Liberatore,STL,P,Pitcher Strikeouts,7.5,demon,pre_game,2026-08-08T19:15:00.000-04:00
Kyle Freeland,COL,P,Earned Runs Allowed,7.5,demon,pre_game,2026-08-08T19:15:00.000-04:00
Matthew Liberatore,STL,P,Hits Allowed,7.5,demon,pre_game,2026-08-08T19:15:00.000-04:00
Kyle Freeland,COL,P,Hits Allowed,7.5,demon,pre_game,2026-08-08T19:15:00.000-04:00
Matthew Liberatore,STL,P,Pitcher Strikeouts,6.5,demon,pre_game,2026-08-08T19:15:00.000-04:00
Kyle Freeland,COL,P,Pitcher Strikeouts,6.5,demon,pre_game,2026-08-08T19:15:00.000-04:00
Ivan Herrera,STL,DH,Hits+Runs+RBIs,6.5,demon,pre_game,2026-08-08T19:15:00.000-04:00
Matthew Liberatore,STL,P,Hits Allowed,6.5,demon,pre_game,2026-08-08T19:15:00.000-04:00
Alec Burleson,STL,IF,Hits+Runs+RBIs,6.5,demon,pre_game,2026-08-08T19:15:00.000-04:00
Jordan Walker,STL,OF,Hits+Runs+RBIs,6.5,demon,pre_game,2026-08-08T19:15:00.000-04:00
Hunter Goodman,COL,C,Hits+Runs+RBIs,6.5,demon,pre_game,2026-08-08T19:15:00.000-04:00
Jordan Walker,STL,OF,Total Bases,6.5,demon,pre_game,2026-08-08T19:15:00.000-04:00
Matthew Liberatore,STL,P,Earned Runs Allowed,6.5,demon,pre_game,2026-08-08T19:15:00.000-04:00
JJ Wetherholt,STL,IF,Hits+Runs+RBIs,6.5,demon,pre_game,2026-08-08T19:15:00.000-04:00
Kyle Freeland,COL,P,Hits Allowed,6.5,demon,pre_game,2026-08-08T19:15:00.000-04:00
Matthew Liberatore,STL,P,Pitcher Strikeouts,5.5,demon,pre_game,2026-08-08T19:15:00.000-04:00
Kyle Freeland,COL,P,Pitcher Strikeouts,5.5,demon,pre_game,2026-08-08T19:15:00.000-04:00
Nelson Velázquez,STL,OF,Total Bases,5.5,demon,pre_game,2026-08-08T19:15:00.000-04:00
Cole Carrigg,COL,OF,Total Bases,5.5,demon,pre_game,2026-08-08T19:15:00.000-04:00
Alec Burleson,STL,IF,Total Bases,5.5,demon,pre_game,2026-08-08T19:15:00.000-04:00
JJ Wetherholt,STL,IF,Total Bases,5.5,demon,pre_game,2026-08-08T19:15:00.000-04:00
Matthew Liberatore,STL,P,Hits Allowed,5.5,standard,pre_game,2026-08-08T19:15:00.000-04:00
Ivan Herrera,STL,DH,Total Bases,5.5,demon,pre_game,2026-08-08T19:15:00.000-04:00
Blaze Jordan,STL,IF,Total Bases,5.5,demon,pre_game,2026-08-08T19:15:00.000-04:00
Kyle Karros,COL,IF,Total Bases,5.5,demon,pre_game,2026-08-08T19:15:00.000-04:00
Cole Carrigg,COL,OF,Hits+Runs+RBIs,5.5,demon,pre_game,2026-08-08T19:15:00.000-04:00
Blaze Jordan,STL,IF,Hits+Runs+RBIs,5.5,demon,pre_game,2026-08-08T19:15:00.000-04:00
Kyle Karros,COL,IF,Hits+Runs+RBIs,5.5,demon,pre_game,2026-08-08T19:15:00.000-04:00
Masyn Winn,STL,IF,Hits+Runs+RBIs,5.5,demon,pre_game,2026-08-08T19:15:00.000-04:00
Hunter Goodman,COL,C,Total Bases,5.5,demon,pre_game,2026-08-08T19:15:00.000-04:00
Kyle Freeland,COL,P,Hits Allowed,5.5,goblin,pre_game,2026-08-08T19:15:00.000-04:00
Ezequiel Tovar,COL,IF,Hits+Runs+RBIs,5.5,demon,pre_game,2026-08-08T19:15:00.000-04:00
Willi Castro,COL,IF,Hits+Runs+RBIs,5.5,demon,pre_game,2026-08-08T19:15:00.000-04:00
Jake McCarthy,COL,OF,Hits+Runs+RBIs,5.5,demon,pre_game,2026-08-08T19:15:00.000-04:00
TJ Rumfield,COL,IF,Hits+Runs+RBIs,5.5,demon,pre_game,2026-08-08T19:15:00.000-04:00
Matthew Liberatore,STL,P,Pitcher Strikeouts,4.5,goblin,pre_game,2026-08-08T19:15:00.000-04:00
Kyle Freeland,COL,P,Pitcher Strikeouts,4.5,demon,pre_game,2026-08-08T19:15:00.000-04:00
Masyn Winn,STL,IF,Total Bases,4.5,demon,pre_game,2026-08-08T19:15:00.000-04:00
Jordan Beck,COL,OF,Total Bases,4.5,demon,pre_game,2026-08-08T19:15:00.000-04:00
Jake McCarthy,COL,OF,Total Bases,4.5,demon,pre_game,2026-08-08T19:15:00.000-04:00
Tyler Freeman,COL,OF,Total Bases,4.5,demon,pre_game,2026-08-08T19:15:00.000-04:00
Pedro Pagés,STL,C,Total Bases,4.5,demon,pre_game,2026-08-08T19:15:00.000-04:00
Jordan Walker,STL,OF,Total Bases,4.5,demon,pre_game,2026-08-08T19:15:00.000-04:00
TJ Rumfield,COL,IF,Total Bases,4.5,demon,pre_game,2026-08-08T19:15:00.000-04:00
Everson Pereira,STL,OF,Total Bases,4.5,demon,pre_game,2026-08-08T19:15:00.000-04:00
Willi Castro,COL,IF,Total Bases,4.5,demon,pre_game,2026-08-08T19:15:00.000-04:00
Ezequiel Tovar,COL,IF,Total Bases,4.5,demon,pre_game,2026-08-08T19:15:00.000-04:00
Cole Carrigg,COL,OF,Hits+Runs+RBIs,4.5,demon,pre_game,2026-08-08T19:15:00.000-04:00
Blaze Jordan,STL,IF,Hits+Runs+RBIs,4.5,demon,pre_game,2026-08-08T19:15:00.000-04:00
Kyle Karros,COL,IF,Hits+Runs+RBIs,4.5,demon,pre_game,2026-08-08T19:15:00.000-04:00
Masyn Winn,STL,IF,Hits+Runs+RBIs,4.5,demon,pre_game,2026-08-08T19:15:00.000-04:00
Matthew Liberatore,STL,P,Hits Allowed,4.5,goblin,pre_game,2026-08-08T19:15:00.000-04:00
Kyle Freeland,COL,P,Hits Allowed,4.5,goblin,pre_game,2026-08-08T19:15:00.000-04:00
Kyle Freeland,COL,P,Earned Runs Allowed,4.5,demon,pre_game,2026-08-08T19:15:00.000-04:00
Nelson Velázquez,STL,OF,Hits+Runs+RBIs,4.5,demon,pre_game,2026-08-08T19:15:00.000-04:00
Everson Pereira,STL,OF,Hits+Runs+RBIs,4.5,demon,pre_game,2026-08-08T19:15:00.000-04:00
Jordan Walker,STL,OF,Hits+Runs+RBIs,4.5,demon,pre_game,2026-08-08T19:15:00.000-04:00
Pedro Pagés,STL,C,Hits+Runs+RBIs,4.5,demon,pre_game,2026-08-08T19:15:00.000-04:00
Alec Burleson,STL,IF,Hits+Runs+RBIs,4.5,demon,pre_game,2026-08-08T19:15:00.000-04:00
Ivan Herrera,STL,DH,Hits+Runs+RBIs,4.5,demon,pre_game,2026-08-08T19:15:00.000-04:00
JJ Wetherholt,STL,IF,Hits+Runs+RBIs,4.5,demon,pre_game,2026-08-08T19:15:00.000-04:00
Jake McCarthy,COL,OF,Hits+Runs+RBIs,4.5,demon,pre_game,2026-08-08T19:15:00.000-04:00
TJ Rumfield,COL,IF,Hits+Runs+RBIs,4.5,demon,pre_game,2026-08-08T19:15:00.000-04:00
Hunter Goodman,COL,C,Hits+Runs+RBIs,4.5,demon,pre_game,2026-08-08T19:15:00.000-04:00
Jordan Beck,COL,OF,Hits+Runs+RBIs,4.5,demon,pre_game,2026-08-08T19:15:00.000-04:00
Tyler Freeman,COL,OF,Hits+Runs+RBIs,4.5,demon,pre_game,2026-08-08T19:15:00.000-04:00
Mickey Moniak,COL,OF,Hits+Runs+RBIs,4.5,demon,pre_game,2026-08-08T19:15:00.000-04:00
José Fermín,STL,OF,Hits+Runs+RBIs,4.5,demon,pre_game,2026-08-08T19:15:00.000-04:00
Mickey Moniak,COL,OF,Total Bases,4.5,demon,pre_game,2026-08-08T19:15:00.000-04:00
José Fermín,STL,OF,Total Bases,4.5,demon,pre_game,2026-08-08T19:15:00.000-04:00
Matthew Liberatore,STL,P,Pitcher Strikeouts,3.5,goblin,pre_game,2026-08-08T19:15:00.000-04:00
Kyle Freeland,COL,P,Pitcher Strikeouts,3.5,standard,pre_game,2026-08-08T19:15:00.000-04:00
Cole Carrigg,COL,OF,Total Bases,3.5,demon,pre_game,2026-08-08T19:15:00.000-04:00
Jordan Walker,STL,OF,Total Bases,3.5,demon,pre_game,2026-08-08T19:15:00.000-04:00
Pedro Pagés,STL,C,Total Bases,3.5,demon,pre_game,2026-08-08T19:15:00.000-04:00
Tyler Freeman,COL,OF,Total Bases,3.5,demon,pre_game,2026-08-08T19:15:00.000-04:00
Nelson Velázquez,STL,OF,Total Bases,3.5,demon,pre_game,2026-08-08T19:15:00.000-04:00
Jordan Beck,COL,OF,Total Bases,3.5,demon,pre_game,2026-08-08T19:15:00.000-04:00
Kyle Karros,COL,IF,Total Bases,3.5,demon,pre_game,2026-08-08T19:15:00.000-04:00
Hunter Goodman,COL,C,Total Bases,3.5,demon,pre_game,2026-08-08T19:15:00.000-04:00
Alec Burleson,STL,IF,Total Bases,3.5,demon,pre_game,2026-08-08T19:15:00.000-04:00
Ivan Herrera,STL,DH,Total Bases,3.5,demon,pre_game,2026-08-08T19:15:00.000-04:00
JJ Wetherholt,STL,IF,Total Bases,3.5,demon,pre_game,2026-08-08T19:15:00.000-04:00
TJ Rumfield,COL,IF,Total Bases,3.5,demon,pre_game,2026-08-08T19:15:00.000-04:00
Masyn Winn,STL,IF,Total Bases,3.5,demon,pre_game,2026-08-08T19:15:00.000-04:00
Blaze Jordan,STL,IF,Total Bases,3.5,demon,pre_game,2026-08-08T19:15:00.000-04:00
Everson Pereira,STL,OF,Total Bases,3.5,demon,pre_game,2026-08-08T19:15:00.000-04:00
Jake McCarthy,COL,OF,Total Bases,3.5,demon,pre_game,2026-08-08T19:15:00.000-04:00
Willi Castro,COL,IF,Total Bases,3.5,demon,pre_game,2026-08-08T19:15:00.000-04:00
Ezequiel Tovar,COL,IF,Total Bases,3.5,demon,pre_game,2026-08-08T19:15:00.000-04:00
Kyle Freeland,COL,P,Earned Runs Allowed,3.5,demon,pre_game,2026-08-08T19:15:00.000-04:00
Hunter Goodman,COL,C,Hits+Runs+RBIs,3.5,demon,pre_game,2026-08-08T19:15:00.000-04:00
Tyler Freeman,COL,OF,Hits+Runs+RBIs,3.5,demon,pre_game,2026-08-08T19:15:00.000-04:00
TJ Rumfield,COL,IF,Hits+Runs+RBIs,3.5,demon,pre_game,2026-08-08T19:15:00.000-04:00
Jake McCarthy,COL,OF,Hits+Runs+RBIs,3.5,demon,pre_game,2026-08-08T19:15:00.000-04:00
Masyn Winn,STL,IF,Hits+Runs+RBIs,3.5,demon,pre_game,2026-08-08T19:15:00.000-04:00
Jordan Beck,COL,OF,Hits+Runs+RBIs,3.5,demon,pre_game,2026-08-08T19:15:00.000-04:00
Ivan Herrera,STL,DH,Hits+Runs+RBIs,3.5,demon,pre_game,2026-08-08T19:15:00.000-04:00
Blaze Jordan,STL,IF,Hits+Runs+RBIs,3.5,demon,pre_game,2026-08-08T19:15:00.000-04:00
Matthew Liberatore,STL,P,Earned Runs Allowed,3.5,demon,pre_game,2026-08-08T19:15:00.000-04:00
Matthew Liberatore,STL,P,Hits Allowed,3.5,goblin,pre_game,2026-08-08T19:15:00.000-04:00
Ezequiel Tovar,COL,IF,Hits+Runs+RBIs,3.5,demon,pre_game,2026-08-08T19:15:00.000-04:00
Nathan Church,STL,OF,Total Bases,3.5,demon,pre_game,2026-08-08T19:15:00.000-04:00
Nathan Church,STL,OF,Hits+Runs+RBIs,3.5,demon,pre_game,2026-08-08T19:15:00.000-04:00
Alec Burleson,STL,IF,Hits+Runs+RBIs,3.5,demon,pre_game,2026-08-08T19:15:00.000-04:00
Jordan Walker,STL,OF,Hits+Runs+RBIs,3.5,demon,pre_game,2026-08-08T19:15:00.000-04:00
Kyle Karros,COL,IF,Hits+Runs+RBIs,3.5,demon,pre_game,2026-08-08T19:15:00.000-04:00
Pedro Pagés,STL,C,Hits+Runs+RBIs,3.5,demon,pre_game,2026-08-08T19:15:00.000-04:00
Cole Carrigg,COL,OF,Hits+Runs+RBIs,3.5,demon,pre_game,2026-08-08T19:15:00.000-04:00
JJ Wetherholt,STL,IF,Hits+Runs+RBIs,3.5,demon,pre_game,2026-08-08T19:15:00.000-04:00
Willi Castro,COL,IF,Hits+Runs+RBIs,3.5,demon,pre_game,2026-08-08T19:15:00.000-04:00
Matthew Liberatore,STL,P,Walks Allowed,3.5,demon,pre_game,2026-08-08T19:15:00.000-04:00
Kyle Freeland,COL,P,Walks Allowed,3.5,demon,pre_game,2026-08-08T19:15:00.000-04:00
Everson Pereira,STL,OF,Hits+Runs+RBIs,3.5,demon,pre_game,2026-08-08T19:15:00.000-04:00
Nelson Velázquez,STL,OF,Hits+Runs+RBIs,3.5,demon,pre_game,2026-08-08T19:15:00.000-04:00
Mickey Moniak,COL,OF,Total Bases,3.5,demon,pre_game,2026-08-08T19:15:00.000-04:00
José Fermín,STL,OF,Hits+Runs+RBIs,3.5,demon,pre_game,2026-08-08T19:15:00.000-04:00
José Fermín,STL,OF,Total Bases,3.5,demon,pre_game,2026-08-08T19:15:00.000-04:00
Mickey Moniak,COL,OF,Hits+Runs+RBIs,3.5,demon,pre_game,2026-08-08T19:15:00.000-04:00
Kyle Freeland,COL,P,Hits Allowed,3.5,goblin,pre_game,2026-08-08T19:15:00.000-04:00
Kyle Freeland,COL,P,Pitcher Strikeouts,2.5,goblin,pre_game,2026-08-08T19:15:00.000-04:00
Tyler Freeman,COL,OF,Total Bases,2.5,demon,pre_game,2026-08-08T19:15:00.000-04:00
Jordan Beck,COL,OF,Total Bases,2.5,demon,pre_game,2026-08-08T19:15:00.000-04:00
Jake McCarthy,COL,OF,Total Bases,2.5,demon,pre_game,2026-08-08T19:15:00.000-04:00
JJ Wetherholt,STL,IF,Total Bases,2.5,demon,pre_game,2026-08-08T19:15:00.000-04:00
Ivan Herrera,STL,DH,Total Bases,2.5,demon,pre_game,2026-08-08T19:15:00.000-04:00
TJ Rumfield,COL,IF,Total Bases,2.5,demon,pre_game,2026-08-08T19:15:00.000-04:00
Blaze Jordan,STL,IF,Total Bases,2.5,demon,pre_game,2026-08-08T19:15:00.000-04:00
Hunter Goodman,COL,C,Total Bases,2.5,demon,pre_game,2026-08-08T19:15:00.000-04:00
Kyle Karros,COL,IF,Total Bases,2.5,demon,pre_game,2026-08-08T19:15:00.000-04:00
Alec Burleson,STL,IF,Total Bases,2.5,demon,pre_game,2026-08-08T19:15:00.000-04:00
Jordan Walker,STL,OF,Total Bases,2.5,demon,pre_game,2026-08-08T19:15:00.000-04:00
Nelson Velázquez,STL,OF,Total Bases,2.5,demon,pre_game,2026-08-08T19:15:00.000-04:00
Pedro Pagés,STL,C,Total Bases,2.5,demon,pre_game,2026-08-08T19:15:00.000-04:00
Masyn Winn,STL,IF,Total Bases,2.5,demon,pre_game,2026-08-08T19:15:00.000-04:00
Cole Carrigg,COL,OF,Total Bases,2.5,demon,pre_game,2026-08-08T19:15:00.000-04:00
Everson Pereira,STL,OF,Total Bases,2.5,demon,pre_game,2026-08-08T19:15:00.000-04:00
Willi Castro,COL,IF,Total Bases,2.5,demon,pre_game,2026-08-08T19:15:00.000-04:00
Ezequiel Tovar,COL,IF,Total Bases,2.5,demon,pre_game,2026-08-08T19:15:00.000-04:00
Matthew Liberatore,STL,P,Earned Runs Allowed,2.5,demon,pre_game,2026-08-08T19:15:00.000-04:00
Ivan Herrera,STL,DH,Hits+Runs+RBIs,2.5,demon,pre_game,2026-08-08T19:15:00.000-04:00
Jordan Walker,STL,OF,Hits+Runs+RBIs,2.5,demon,pre_game,2026-08-08T19:15:00.000-04:00
Tyler Freeman,COL,OF,Hits,2.5,demon,pre_game,2026-08-08T19:15:00.000-04:00
Masyn Winn,STL,IF,Hits,2.5,demon,pre_game,2026-08-08T19:15:00.000-04:00
Hunter Goodman,COL,C,Hits,2.5,demon,pre_game,2026-08-08T19:15:00.000-04:00
Alec Burleson,STL,IF,Hits,2.5,demon,pre_game,2026-08-08T19:15:00.000-04:00
JJ Wetherholt,STL,IF,Hits,2.5,demon,pre_game,2026-08-08T19:15:00.000-04:00
Cole Carrigg,COL,OF,Hitter Strikeouts,2.5,demon,pre_game,2026-08-08T19:15:00.000-04:00
Jordan Walker,STL,OF,Hits,2.5,demon,pre_game,2026-08-08T19:15:00.000-04:00
Hunter Goodman,COL,C,RBIs,2.5,demon,pre_game,2026-08-08T19:15:00.000-04:00
Blaze Jordan,STL,IF,Hits,2.5,demon,pre_game,2026-08-08T19:15:00.000-04:00
Jordan Walker,STL,OF,RBIs,2.5,demon,pre_game,2026-08-08T19:15:00.000-04:00
Blaze Jordan,STL,IF,RBIs,2.5,demon,pre_game,2026-08-08T19:15:00.000-04:00
Alec Burleson,STL,IF,RBIs,2.5,demon,pre_game,2026-08-08T19:15:00.000-04:00
Ivan Herrera,STL,DH,RBIs,2.5,demon,pre_game,2026-08-08T19:15:00.000-04:00
Jake McCarthy,COL,OF,Hits,2.5,demon,pre_game,2026-08-08T19:15:00.000-04:00
TJ Rumfield,COL,IF,Hits,2.5,demon,pre_game,2026-08-08T19:15:00.000-04:00
Jordan Beck,COL,OF,Hitter Strikeouts,2.5,demon,pre_game,2026-08-08T19:15:00.000-04:00
Cole Carrigg,COL,OF,Hits,2.5,demon,pre_game,2026-08-08T19:15:00.000-04:00
Willi Castro,COL,IF,Hits,2.5,demon,pre_game,2026-08-08T19:15:00.000-04:00
Hunter Goodman,COL,C,Hitter Strikeouts,2.5,demon,pre_game,2026-08-08T19:15:00.000-04:00
Ivan Herrera,STL,DH,Hits,2.5,demon,pre_game,2026-08-08T19:15:00.000-04:00
Kyle Karros,COL,IF,Hits,2.5,demon,pre_game,2026-08-08T19:15:00.000-04:00
Willi Castro,COL,IF,Hitter Strikeouts,2.5,demon,pre_game,2026-08-08T19:15:00.000-04:00
Cole Carrigg,COL,OF,Hits+Runs+RBIs,2.5,demon,pre_game,2026-08-08T19:15:00.000-04:00
Blaze Jordan,STL,IF,Hits+Runs+RBIs,2.5,demon,pre_game,2026-08-08T19:15:00.000-04:00
Kyle Karros,COL,IF,Hits+Runs+RBIs,2.5,demon,pre_game,2026-08-08T19:15:00.000-04:00
Masyn Winn,STL,IF,Hits+Runs+RBIs,2.5,demon,pre_game,2026-08-08T19:15:00.000-04:00
Jordan Walker,STL,OF,Hitter Strikeouts,2.5,demon,pre_game,2026-08-08T19:15:00.000-04:00
Cole Carrigg,COL,OF,RBIs,2.5,demon,pre_game,2026-08-08T19:15:00.000-04:00
Kyle Freeland,COL,P,Earned Runs Allowed,2.5,goblin,pre_game,2026-08-08T19:15:00.000-04:00
Nelson Velázquez,STL,OF,Hits+Runs+RBIs,2.5,demon,pre_game,2026-08-08T19:15:00.000-04:00
Everson Pereira,STL,OF,Hits+Runs+RBIs,2.5,demon,pre_game,2026-08-08T19:15:00.000-04:00
Nelson Velázquez,STL,OF,Hits,2.5,demon,pre_game,2026-08-08T19:15:00.000-04:00
Nelson Velázquez,STL,OF,RBIs,2.5,demon,pre_game,2026-08-08T19:15:00.000-04:00
Pedro Pagés,STL,C,Hits+Runs+RBIs,2.5,demon,pre_game,2026-08-08T19:15:00.000-04:00
Alec Burleson,STL,IF,Hits+Runs+RBIs,2.5,demon,pre_game,2026-08-08T19:15:00.000-04:00
JJ Wetherholt,STL,IF,Hits+Runs+RBIs,2.5,demon,pre_game,2026-08-08T19:15:00.000-04:00
Everson Pereira,STL,OF,RBIs,2.5,demon,pre_game,2026-08-08T19:15:00.000-04:00
Willi Castro,COL,IF,Hits+Runs+RBIs,2.5,demon,pre_game,2026-08-08T19:15:00.000-04:00
TJ Rumfield,COL,IF,Hits+Runs+RBIs,2.5,demon,pre_game,2026-08-08T19:15:00.000-04:00
Jake McCarthy,COL,OF,Hits+Runs+RBIs,2.5,demon,pre_game,2026-08-08T19:15:00.000-04:00
Ezequiel Tovar,COL,IF,Hits+Runs+RBIs,2.5,demon,pre_game,2026-08-08T19:15:00.000-04:00
Hunter Goodman,COL,C,Hits+Runs+RBIs,2.5,demon,pre_game,2026-08-08T19:15:00.000-04:00
Jordan Beck,COL,OF,Hits+Runs+RBIs,2.5,demon,pre_game,2026-08-08T19:15:00.000-04:00
Tyler Freeman,COL,OF,Hits+Runs+RBIs,2.5,demon,pre_game,2026-08-08T19:15:00.000-04:00
José Fermín,STL,OF,Hits,2.5,demon,pre_game,2026-08-08T19:15:00.000-04:00
Mickey Moniak,COL,OF,Total Bases,2.5,demon,pre_game,2026-08-08T19:15:00.000-04:00
José Fermín,STL,OF,Total Bases,2.5,demon,pre_game,2026-08-08T19:15:00.000-04:00
José Fermín,STL,OF,Hits+Runs+RBIs,2.5,demon,pre_game,2026-08-08T19:15:00.000-04:00
Mickey Moniak,COL,OF,Hits,2.5,demon,pre_game,2026-08-08T19:15:00.000-04:00
Mickey Moniak,COL,OF,Hits+Runs+RBIs,2.5,demon,pre_game,2026-08-08T19:15:00.000-04:00
Blaze Jordan,STL,IF,Total Bases,1.5,demon,pre_game,2026-08-08T19:15:00.000-04:00
Tyler Freeman,COL,OF,Total Bases,1.5,demon,pre_game,2026-08-08T19:15:00.000-04:00
Jordan Beck,COL,OF,Total Bases,1.5,demon,pre_game,2026-08-08T19:15:00.000-04:00
Nelson Velázquez,STL,OF,Total Bases,1.5,demon,pre_game,2026-08-08T19:15:00.000-04:00
Kyle Karros,COL,IF,Total Bases,1.5,demon,pre_game,2026-08-08T19:15:00.000-04:00
Cole Carrigg,COL,OF,Total Bases,1.5,demon,pre_game,2026-08-08T19:15:00.000-04:00
Alec Burleson,STL,IF,Total Bases,1.5,demon,pre_game,2026-08-08T19:15:00.000-04:00
Willi Castro,COL,IF,RBIs,1.5,demon,pre_game,2026-08-08T19:15:00.000-04:00
Nelson Velázquez,STL,OF,Hits,1.5,demon,pre_game,2026-08-08T19:15:00.000-04:00
Alec Burleson,STL,IF,Hits,1.5,demon,pre_game,2026-08-08T19:15:00.000-04:00
Pedro Pagés,STL,C,RBIs,1.5,demon,pre_game,2026-08-08T19:15:00.000-04:00
JJ Wetherholt,STL,IF,RBIs,1.5,demon,pre_game,2026-08-08T19:15:00.000-04:00
Masyn Winn,STL,IF,Hits,1.5,demon,pre_game,2026-08-08T19:15:00.000-04:00
Jake McCarthy,COL,OF,Total Bases,1.5,demon,pre_game,2026-08-08T19:15:00.000-04:00
Jordan Beck,COL,OF,Hits,1.5,demon,pre_game,2026-08-08T19:15:00.000-04:00
Pedro Pagés,STL,C,Hits,1.5,demon,pre_game,2026-08-08T19:15:00.000-04:00
Jake McCarthy,COL,OF,RBIs,1.5,demon,pre_game,2026-08-08T19:15:00.000-04:00
TJ Rumfield,COL,IF,Hits,1.5,demon,pre_game,2026-08-08T19:15:00.000-04:00
Ezequiel Tovar,COL,IF,Hits,1.5,demon,pre_game,2026-08-08T19:15:00.000-04:00
Pedro Pagés,STL,C,Total Bases,1.5,demon,pre_game,2026-08-08T19:15:00.000-04:00
Cole Carrigg,COL,OF,Hits,1.5,demon,pre_game,2026-08-08T19:15:00.000-04:00
TJ Rumfield,COL,IF,Total Bases,1.5,demon,pre_game,2026-08-08T19:15:00.000-04:00
Masyn Winn,STL,IF,Total Bases,1.5,demon,pre_game,2026-08-08T19:15:00.000-04:00
Everson Pereira,STL,OF,Runs,1.5,demon,pre_game,2026-08-08T19:15:00.000-04:00
Masyn Winn,STL,IF,RBIs,1.5,demon,pre_game,2026-08-08T19:15:00.000-04:00
Tyler Freeman,COL,OF,RBIs,1.5,demon,pre_game,2026-08-08T19:15:00.000-04:00
Hunter Goodman,COL,C,Hits,1.5,demon,pre_game,2026-08-08T19:15:00.000-04:00
Willi Castro,COL,IF,Hits,1.5,demon,pre_game,2026-08-08T19:15:00.000-04:00
Hunter Goodman,COL,C,Runs,1.5,demon,pre_game,2026-08-08T19:15:00.000-04:00
Blaze Jordan,STL,IF,Hits,1.5,demon,pre_game,2026-08-08T19:15:00.000-04:00
Jake McCarthy,COL,OF,Hits,1.5,demon,pre_game,2026-08-08T19:15:00.000-04:00
Jordan Walker,STL,OF,Hits,1.5,demon,pre_game,2026-08-08T19:15:00.000-04:00
Ezequiel Tovar,COL,IF,Runs,1.5,demon,pre_game,2026-08-08T19:15:00.000-04:00
Tyler Freeman,COL,OF,Hits,1.5,demon,pre_game,2026-08-08T19:15:00.000-04:00
Alec Burleson,STL,IF,Runs,1.5,demon,pre_game,2026-08-08T19:15:00.000-04:00
Jordan Walker,STL,OF,Runs,1.5,demon,pre_game,2026-08-08T19:15:00.000-04:00
Everson Pereira,STL,OF,Total Bases,1.5,demon,pre_game,2026-08-08T19:15:00.000-04:00
JJ Wetherholt,STL,IF,Hits+Runs+RBIs,1.5,goblin,pre_game,2026-08-08T19:15:00.000-04:00
TJ Rumfield,COL,IF,Runs,1.5,demon,pre_game,2026-08-08T19:15:00.000-04:00
TJ Rumfield,COL,IF,RBIs,1.5,demon,pre_game,2026-08-08T19:15:00.000-04:00
Ivan Herrera,STL,DH,Hits+Runs+RBIs,1.5,goblin,pre_game,2026-08-08T19:15:00.000-04:00
Everson Pereira,STL,OF,Hits+Runs+RBIs,1.5,demon,pre_game,2026-08-08T19:15:00.000-04:00
Willi Castro,COL,IF,Runs,1.5,demon,pre_game,2026-08-08T19:15:00.000-04:00
Jordan Walker,STL,OF,Hits+Runs+RBIs,1.5,goblin,pre_game,2026-08-08T19:15:00.000-04:00
Willi Castro,COL,IF,Total Bases,1.5,demon,pre_game,2026-08-08T19:15:00.000-04:00
Masyn Winn,STL,IF,Runs,1.5,demon,pre_game,2026-08-08T19:15:00.000-04:00
Jordan Beck,COL,OF,Runs,1.5,demon,pre_game,2026-08-08T19:15:00.000-04:00
Ivan Herrera,STL,DH,Hits,1.5,demon,pre_game,2026-08-08T19:15:00.000-04:00
Jordan Beck,COL,OF,Hits+Runs+RBIs,1.5,demon,pre_game,2026-08-08T19:15:00.000-04:00
Pedro Pagés,STL,C,Runs,1.5,demon,pre_game,2026-08-08T19:15:00.000-04:00
Blaze Jordan,STL,IF,Runs,1.5,demon,pre_game,2026-08-08T19:15:00.000-04:00
JJ Wetherholt,STL,IF,Hits,1.5,demon,pre_game,2026-08-08T19:15:00.000-04:00
Ezequiel Tovar,COL,IF,Total Bases,1.5,demon,pre_game,2026-08-08T19:15:00.000-04:00
Kyle Karros,COL,IF,RBIs,1.5,demon,pre_game,2026-08-08T19:15:00.000-04:00
Cole Carrigg,COL,OF,Runs,1.5,demon,pre_game,2026-08-08T19:15:00.000-04:00
Ezequiel Tovar,COL,IF,Hits+Runs+RBIs,1.5,demon,pre_game,2026-08-08T19:15:00.000-04:00
Kyle Karros,COL,IF,Hits,1.5,demon,pre_game,2026-08-08T19:15:00.000-04:00
Jake McCarthy,COL,OF,Runs,1.5,demon,pre_game,2026-08-08T19:15:00.000-04:00
Everson Pereira,STL,OF,Hits,1.5,demon,pre_game,2026-08-08T19:15:00.000-04:00
Tyler Freeman,COL,OF,Runs,1.5,demon,pre_game,2026-08-08T19:15:00.000-04:00
Alec Burleson,STL,IF,Hits+Runs+RBIs,1.5,goblin,pre_game,2026-08-08T19:15:00.000-04:00
JJ Wetherholt,STL,IF,Runs,1.5,demon,pre_game,2026-08-08T19:15:00.000-04:00
Nelson Velázquez,STL,OF,Runs,1.5,demon,pre_game,2026-08-08T19:15:00.000-04:00
Pedro Pagés,STL,C,Hits+Runs+RBIs,1.5,demon,pre_game,2026-08-08T19:15:00.000-04:00
Jordan Beck,COL,OF,RBIs,1.5,demon,pre_game,2026-08-08T19:15:00.000-04:00
Ivan Herrera,STL,DH,Runs,1.5,demon,pre_game,2026-08-08T19:15:00.000-04:00
Kyle Karros,COL,IF,Runs,1.5,demon,pre_game,2026-08-08T19:15:00.000-04:00
José Fermín,STL,OF,Total Bases,1.5,demon,pre_game,2026-08-08T19:15:00.000-04:00
Kyle Freeland,COL,P,Walks Allowed,1.5,demon,pre_game,2026-08-08T19:15:00.000-04:00
TJ Rumfield,COL,IF,Hits+Runs+RBIs,1.5,standard,pre_game,2026-08-08T19:15:00.000-04:00
Hunter Goodman,COL,C,Total Bases,1.5,demon,pre_game,2026-08-08T19:15:00.000-04:00
Blaze Jordan,STL,IF,Hits+Runs+RBIs,1.5,standard,pre_game,2026-08-08T19:15:00.000-04:00
Jake McCarthy,COL,OF,Hits+Runs+RBIs,1.5,standard,pre_game,2026-08-08T19:15:00.000-04:00
JJ Wetherholt,STL,IF,Total Bases,1.5,demon,pre_game,2026-08-08T19:15:00.000-04:00
Kyle Karros,COL,IF,Hits+Runs+RBIs,1.5,standard,pre_game,2026-08-08T19:15:00.000-04:00
José Fermín,STL,OF,Hits+Runs+RBIs,1.5,standard,pre_game,2026-08-08T19:15:00.000-04:00
Hunter Goodman,COL,C,Hits+Runs+RBIs,1.5,standard,pre_game,2026-08-08T19:15:00.000-04:00
Jordan Walker,STL,OF,Total Bases,1.5,standard,pre_game,2026-08-08T19:15:00.000-04:00
Masyn Winn,STL,IF,Hits+Runs+RBIs,1.5,standard,pre_game,2026-08-08T19:15:00.000-04:00
Matthew Liberatore,STL,P,Walks Allowed,1.5,demon,pre_game,2026-08-08T19:15:00.000-04:00
Cole Carrigg,COL,OF,Hits+Runs+RBIs,1.5,standard,pre_game,2026-08-08T19:15:00.000-04:00
TJ Rumfield,COL,IF,Singles,1.5,demon,pre_game,2026-08-08T19:15:00.000-04:00
Ivan Herrera,STL,DH,Singles,1.5,demon,pre_game,2026-08-08T19:15:00.000-04:00
Alec Burleson,STL,IF,Singles,1.5,demon,pre_game,2026-08-08T19:15:00.000-04:00
Jordan Walker,STL,OF,Singles,1.5,demon,pre_game,2026-08-08T19:15:00.000-04:00
Nathan Church,STL,OF,Singles,1.5,demon,pre_game,2026-08-08T19:15:00.000-04:00
Alec Burleson,STL,IF,Hitter Strikeouts,1.5,demon,pre_game,2026-08-08T19:15:00.000-04:00
Nathan Church,STL,OF,RBIs,1.5,demon,pre_game,2026-08-08T19:15:00.000-04:00
Jake McCarthy,COL,OF,Stolen Bases,1.5,demon,pre_game,2026-08-08T19:15:00.000-04:00
Kyle Karros,COL,IF,Singles,1.5,demon,pre_game,2026-08-08T19:15:00.000-04:00
Jordan Walker,STL,OF,Hitter Strikeouts,1.5,demon,pre_game,2026-08-08T19:15:00.000-04:00
Tyler Freeman,COL,OF,Singles,1.5,demon,pre_game,2026-08-08T19:15:00.000-04:00
Masyn Winn,STL,IF,Hitter Strikeouts,1.5,demon,pre_game,2026-08-08T19:15:00.000-04:00
Cole Carrigg,COL,OF,Singles,1.5,demon,pre_game,2026-08-08T19:15:00.000-04:00
Blaze Jordan,STL,IF,Singles,1.5,demon,pre_game,2026-08-08T19:15:00.000-04:00
JJ Wetherholt,STL,IF,Singles,1.5,demon,pre_game,2026-08-08T19:15:00.000-04:00
Cole Carrigg,COL,OF,Hitter Strikeouts,1.5,demon,pre_game,2026-08-08T19:15:00.000-04:00
Nathan Church,STL,OF,Hits,1.5,demon,pre_game,2026-08-08T19:15:00.000-04:00
Masyn Winn,STL,IF,Singles,1.5,demon,pre_game,2026-08-08T19:15:00.000-04:00
Nathan Church,STL,OF,Runs,1.5,demon,pre_game,2026-08-08T19:15:00.000-04:00
Ezequiel Tovar,COL,IF,Hitter Strikeouts,1.5,demon,pre_game,2026-08-08T19:15:00.000-04:00
Nathan Church,STL,OF,Hits+Runs+RBIs,1.5,demon,pre_game,2026-08-08T19:15:00.000-04:00
Ivan Herrera,STL,DH,Hitter Strikeouts,1.5,demon,pre_game,2026-08-08T19:15:00.000-04:00
Tyler Freeman,COL,OF,Hits+Runs+RBIs,1.5,demon,pre_game,2026-08-08T19:15:00.000-04:00
TJ Rumfield,COL,IF,Hitter Strikeouts,1.5,demon,pre_game,2026-08-08T19:15:00.000-04:00
Kyle Karros,COL,IF,Hitter Strikeouts,1.5,demon,pre_game,2026-08-08T19:15:00.000-04:00
Jake McCarthy,COL,OF,Singles,1.5,demon,pre_game,2026-08-08T19:15:00.000-04:00
Blaze Jordan,STL,IF,Hitter Strikeouts,1.5,demon,pre_game,2026-08-08T19:15:00.000-04:00
JJ Wetherholt,STL,IF,Hitter Strikeouts,1.5,demon,pre_game,2026-08-08T19:15:00.000-04:00
Jordan Beck,COL,OF,Hitter Strikeouts,1.5,demon,pre_game,2026-08-08T19:15:00.000-04:00
Tyler Freeman,COL,OF,Hitter Strikeouts,1.5,demon,pre_game,2026-08-08T19:15:00.000-04:00
Willi Castro,COL,IF,Hits+Runs+RBIs,1.5,demon,pre_game,2026-08-08T19:15:00.000-04:00
Jake McCarthy,COL,OF,Hitter Strikeouts,1.5,demon,pre_game,2026-08-08T19:15:00.000-04:00
Pedro Pagés,STL,C,Hitter Strikeouts,1.5,demon,pre_game,2026-08-08T19:15:00.000-04:00
Nathan Church,STL,OF,Hitter Strikeouts,1.5,demon,pre_game,2026-08-08T19:15:00.000-04:00
Willi Castro,COL,IF,Hitter Strikeouts,1.5,demon,pre_game,2026-08-08T19:15:00.000-04:00
Matthew Liberatore,STL,P,Earned Runs Allowed,1.5,goblin,pre_game,2026-08-08T19:15:00.000-04:00
Kyle Freeland,COL,P,Earned Runs Allowed,1.5,goblin,pre_game,2026-08-08T19:15:00.000-04:00
Nelson Velázquez,STL,OF,Hits+Runs+RBIs,1.5,standard,pre_game,2026-08-08T19:15:00.000-04:00
Ezequiel Tovar,COL,IF,RBIs,1.5,demon,pre_game,2026-08-08T19:15:00.000-04:00
Hunter Goodman,COL,C,Hitter Strikeouts,1.5,demon,pre_game,2026-08-08T19:15:00.000-04:00
Ivan Herrera,STL,DH,Total Bases,1.5,demon,pre_game,2026-08-08T19:15:00.000-04:00
José Fermín,STL,OF,Runs,1.5,demon,pre_game,2026-08-08T19:15:00.000-04:00
Mickey Moniak,COL,OF,Runs,1.5,demon,pre_game,2026-08-08T19:15:00.000-04:00
Mickey Moniak,COL,OF,Total Bases,1.5,demon,pre_game,2026-08-08T19:15:00.000-04:00
Mickey Moniak,COL,OF,RBIs,1.5,demon,pre_game,2026-08-08T19:15:00.000-04:00
José Fermín,STL,OF,Hits,1.5,demon,pre_game,2026-08-08T19:15:00.000-04:00
Mickey Moniak,COL,OF,Hits,1.5,demon,pre_game,2026-08-08T19:15:00.000-04:00
Mickey Moniak,COL,OF,Hits+Runs+RBIs,1.5,demon,pre_game,2026-08-08T19:15:00.000-04:00
José Fermín,STL,OF,RBIs,1.5,demon,pre_game,2026-08-08T19:15:00.000-04:00
José Fermín,STL,OF,Singles,1.5,demon,pre_game,2026-08-08T19:15:00.000-04:00
Hunter Goodman,COL,C,Singles,0.5,demon,pre_game,2026-08-08T19:15:00.000-04:00
Pedro Pagés,STL,C,Singles,0.5,demon,pre_game,2026-08-08T19:15:00.000-04:00
Jake McCarthy,COL,OF,Singles,0.5,goblin,pre_game,2026-08-08T19:15:00.000-04:00
Everson Pereira,STL,OF,Singles,0.5,demon,pre_game,2026-08-08T19:15:00.000-04:00
Nelson Velázquez,STL,OF,Singles,0.5,demon,pre_game,2026-08-08T19:15:00.000-04:00
JJ Wetherholt,STL,IF,Singles,0.5,goblin,pre_game,2026-08-08T19:15:00.000-04:00
Alec Burleson,STL,IF,Singles,0.5,goblin,pre_game,2026-08-08T19:15:00.000-04:00
Ezequiel Tovar,COL,IF,Singles,0.5,demon,pre_game,2026-08-08T19:15:00.000-04:00
Jordan Beck,COL,OF,Singles,0.5,demon,pre_game,2026-08-08T19:15:00.000-04:00
Hunter Goodman,COL,C,Doubles,0.5,demon,pre_game,2026-08-08T19:15:00.000-04:00
Blaze Jordan,STL,IF,RBIs,0.5,demon,pre_game,2026-08-08T19:15:00.000-04:00
Cole Carrigg,COL,OF,Doubles,0.5,demon,pre_game,2026-08-08T19:15:00.000-04:00
Jordan Walker,STL,OF,RBIs,0.5,demon,pre_game,2026-08-08T19:15:00.000-04:00
Ezequiel Tovar,COL,IF,Doubles,0.5,demon,pre_game,2026-08-08T19:15:00.000-04:00
Jake McCarthy,COL,OF,RBIs,0.5,demon,pre_game,2026-08-08T19:15:00.000-04:00
JJ Wetherholt,STL,IF,Doubles,0.5,demon,pre_game,2026-08-08T19:15:00.000-04:00
Ezequiel Tovar,COL,IF,RBIs,0.5,demon,pre_game,2026-08-08T19:15:00.000-04:00
Masyn Winn,STL,IF,Doubles,0.5,demon,pre_game,2026-08-08T19:15:00.000-04:00
TJ Rumfield,COL,IF,Hits,0.5,goblin,pre_game,2026-08-08T19:15:00.000-04:00
Willi Castro,COL,IF,RBIs,0.5,demon,pre_game,2026-08-08T19:15:00.000-04:00
Cole Carrigg,COL,OF,Hits,0.5,goblin,pre_game,2026-08-08T19:15:00.000-04:00
Tyler Freeman,COL,OF,RBIs,0.5,demon,pre_game,2026-08-08T19:15:00.000-04:00
Everson Pereira,STL,OF,Doubles,0.5,demon,pre_game,2026-08-08T19:15:00.000-04:00
Ivan Herrera,STL,DH,Hits,0.5,goblin,pre_game,2026-08-08T19:15:00.000-04:00
JJ Wetherholt,STL,IF,RBIs,0.5,demon,pre_game,2026-08-08T19:15:00.000-04:00
Tyler Freeman,COL,OF,Doubles,0.5,demon,pre_game,2026-08-08T19:15:00.000-04:00
Kyle Karros,COL,IF,Doubles,0.5,demon,pre_game,2026-08-08T19:15:00.000-04:00
Alec Burleson,STL,IF,RBIs,0.5,demon,pre_game,2026-08-08T19:15:00.000-04:00
Jordan Beck,COL,OF,Hits,0.5,goblin,pre_game,2026-08-08T19:15:00.000-04:00
Cole Carrigg,COL,OF,RBIs,0.5,demon,pre_game,2026-08-08T19:15:00.000-04:00
Willi Castro,COL,IF,Hits,0.5,goblin,pre_game,2026-08-08T19:15:00.000-04:00
Nelson Velázquez,STL,OF,Home Runs,0.5,demon,pre_game,2026-08-08T19:15:00.000-04:00
Ezequiel Tovar,COL,IF,Home Runs,0.5,demon,pre_game,2026-08-08T19:15:00.000-04:00
Ivan Herrera,STL,DH,RBIs,0.5,demon,pre_game,2026-08-08T19:15:00.000-04:00
Pedro Pagés,STL,C,RBIs,0.5,demon,pre_game,2026-08-08T19:15:00.000-04:00
Ezequiel Tovar,COL,IF,Hits,0.5,goblin,pre_game,2026-08-08T19:15:00.000-04:00
Alec Burleson,STL,IF,Doubles,0.5,demon,pre_game,2026-08-08T19:15:00.000-04:00
Jake McCarthy,COL,OF,Doubles,0.5,demon,pre_game,2026-08-08T19:15:00.000-04:00
Masyn Winn,STL,IF,RBIs,0.5,demon,pre_game,2026-08-08T19:15:00.000-04:00
Kyle Karros,COL,IF,Home Runs,0.5,demon,pre_game,2026-08-08T19:15:00.000-04:00
Nelson Velázquez,STL,OF,Hits,0.5,goblin,pre_game,2026-08-08T19:15:00.000-04:00
Tyler Freeman,COL,OF,Home Runs,0.5,demon,pre_game,2026-08-08T19:15:00.000-04:00
Blaze Jordan,STL,IF,Doubles,0.5,demon,pre_game,2026-08-08T19:15:00.000-04:00
Jordan Beck,COL,OF,Home Runs,0.5,demon,pre_game,2026-08-08T19:15:00.000-04:00
Masyn Winn,STL,IF,Hits,0.5,goblin,pre_game,2026-08-08T19:15:00.000-04:00
Alec Burleson,STL,IF,Hits,0.5,goblin,pre_game,2026-08-08T19:15:00.000-04:00
TJ Rumfield,COL,IF,Doubles,0.5,demon,pre_game,2026-08-08T19:15:00.000-04:00
Masyn Winn,STL,IF,Home Runs,0.5,demon,pre_game,2026-08-08T19:15:00.000-04:00
Hunter Goodman,COL,C,Hits,0.5,goblin,pre_game,2026-08-08T19:15:00.000-04:00
Jordan Walker,STL,OF,Doubles,0.5,demon,pre_game,2026-08-08T19:15:00.000-04:00
Jordan Beck,COL,OF,Hits+Runs+RBIs,0.5,goblin,pre_game,2026-08-08T19:15:00.000-04:00
Jordan Walker,STL,OF,Hits,0.5,goblin,pre_game,2026-08-08T19:15:00.000-04:00
Blaze Jordan,STL,IF,Hits,0.5,goblin,pre_game,2026-08-08T19:15:00.000-04:00
Everson Pereira,STL,OF,RBIs,0.5,demon,pre_game,2026-08-08T19:15:00.000-04:00
Jake McCarthy,COL,OF,Hits,0.5,goblin,pre_game,2026-08-08T19:15:00.000-04:00
Pedro Pagés,STL,C,Doubles,0.5,demon,pre_game,2026-08-08T19:15:00.000-04:00
Tyler Freeman,COL,OF,Hits,0.5,goblin,pre_game,2026-08-08T19:15:00.000-04:00
Alec Burleson,STL,IF,Home Runs,0.5,demon,pre_game,2026-08-08T19:15:00.000-04:00
Everson Pereira,STL,OF,Home Runs,0.5,demon,pre_game,2026-08-08T19:15:00.000-04:00
Kyle Karros,COL,IF,Hits+Runs+RBIs,0.5,goblin,pre_game,2026-08-08T19:15:00.000-04:00
Ivan Herrera,STL,DH,Singles,0.5,goblin,pre_game,2026-08-08T19:15:00.000-04:00
Tyler Freeman,COL,OF,Hits+Runs+RBIs,0.5,goblin,pre_game,2026-08-08T19:15:00.000-04:00
Nelson Velázquez,STL,OF,RBIs,0.5,demon,pre_game,2026-08-08T19:15:00.000-04:00
Ivan Herrera,STL,DH,Doubles,0.5,demon,pre_game,2026-08-08T19:15:00.000-04:00
TJ Rumfield,COL,IF,Runs,0.5,demon,pre_game,2026-08-08T19:15:00.000-04:00
TJ Rumfield,COL,IF,RBIs,0.5,demon,pre_game,2026-08-08T19:15:00.000-04:00
Pedro Pagés,STL,C,Home Runs,0.5,demon,pre_game,2026-08-08T19:15:00.000-04:00
Willi Castro,COL,IF,Doubles,0.5,demon,pre_game,2026-08-08T19:15:00.000-04:00
Alec Burleson,STL,IF,Hits+Runs+RBIs,0.5,goblin,pre_game,2026-08-08T19:15:00.000-04:00
Nelson Velázquez,STL,OF,Doubles,0.5,demon,pre_game,2026-08-08T19:15:00.000-04:00
Willi Castro,COL,IF,Hits+Runs+RBIs,0.5,goblin,pre_game,2026-08-08T19:15:00.000-04:00
Jordan Walker,STL,OF,Hits+Runs+RBIs,0.5,goblin,pre_game,2026-08-08T19:15:00.000-04:00
Ivan Herrera,STL,DH,Hits+Runs+RBIs,0.5,goblin,pre_game,2026-08-08T19:15:00.000-04:00
Masyn Winn,STL,IF,Runs,0.5,demon,pre_game,2026-08-08T19:15:00.000-04:00
Hunter Goodman,COL,C,RBIs,0.5,demon,pre_game,2026-08-08T19:15:00.000-04:00
JJ Wetherholt,STL,IF,Home Runs,0.5,demon,pre_game,2026-08-08T19:15:00.000-04:00
Willi Castro,COL,IF,Runs,0.5,demon,pre_game,2026-08-08T19:15:00.000-04:00
Ezequiel Tovar,COL,IF,Runs,0.5,demon,pre_game,2026-08-08T19:15:00.000-04:00
Everson Pereira,STL,OF,Runs,0.5,demon,pre_game,2026-08-08T19:15:00.000-04:00
Jordan Walker,STL,OF,Home Runs,0.5,demon,pre_game,2026-08-08T19:15:00.000-04:00
Pedro Pagés,STL,C,Runs,0.5,demon,pre_game,2026-08-08T19:15:00.000-04:00
JJ Wetherholt,STL,IF,Hits+Runs+RBIs,0.5,goblin,pre_game,2026-08-08T19:15:00.000-04:00
Blaze Jordan,STL,IF,Runs,0.5,demon,pre_game,2026-08-08T19:15:00.000-04:00
JJ Wetherholt,STL,IF,Hits,0.5,goblin,pre_game,2026-08-08T19:15:00.000-04:00
TJ Rumfield,COL,IF,Home Runs,0.5,demon,pre_game,2026-08-08T19:15:00.000-04:00
Kyle Karros,COL,IF,RBIs,0.5,demon,pre_game,2026-08-08T19:15:00.000-04:00
Cole Carrigg,COL,OF,Runs,0.5,demon,pre_game,2026-08-08T19:15:00.000-04:00
Jordan Beck,COL,OF,Doubles,0.5,demon,pre_game,2026-08-08T19:15:00.000-04:00
Everson Pereira,STL,OF,Hits+Runs+RBIs,0.5,goblin,pre_game,2026-08-08T19:15:00.000-04:00
Alec Burleson,STL,IF,Runs,0.5,demon,pre_game,2026-08-08T19:15:00.000-04:00
Ivan Herrera,STL,DH,Home Runs,0.5,demon,pre_game,2026-08-08T19:15:00.000-04:00
Blaze Jordan,STL,IF,Home Runs,0.5,demon,pre_game,2026-08-08T19:15:00.000-04:00
Everson Pereira,STL,OF,Hits,0.5,goblin,pre_game,2026-08-08T19:15:00.000-04:00
Ezequiel Tovar,COL,IF,Hits+Runs+RBIs,0.5,goblin,pre_game,2026-08-08T19:15:00.000-04:00
Cole Carrigg,COL,OF,Hits+Runs+RBIs,0.5,goblin,pre_game,2026-08-08T19:15:00.000-04:00
Jordan Beck,COL,OF,Runs,0.5,demon,pre_game,2026-08-08T19:15:00.000-04:00
Hunter Goodman,COL,C,Hits+Runs+RBIs,0.5,goblin,pre_game,2026-08-08T19:15:00.000-04:00
Jake McCarthy,COL,OF,Runs,0.5,demon,pre_game,2026-08-08T19:15:00.000-04:00
Nelson Velázquez,STL,OF,Hits+Runs+RBIs,0.5,goblin,pre_game,2026-08-08T19:15:00.000-04:00
Tyler Freeman,COL,OF,Runs,0.5,demon,pre_game,2026-08-08T19:15:00.000-04:00
Kyle Karros,COL,IF,Hits,0.5,goblin,pre_game,2026-08-08T19:15:00.000-04:00
Masyn Winn,STL,IF,Hits+Runs+RBIs,0.5,goblin,pre_game,2026-08-08T19:15:00.000-04:00
Willi Castro,COL,IF,Home Runs,0.5,demon,pre_game,2026-08-08T19:15:00.000-04:00
Jake McCarthy,COL,OF,Home Runs,0.5,demon,pre_game,2026-08-08T19:15:00.000-04:00
Jake McCarthy,COL,OF,Hits+Runs+RBIs,0.5,goblin,pre_game,2026-08-08T19:15:00.000-04:00
Hunter Goodman,COL,C,Home Runs,0.5,demon,pre_game,2026-08-08T19:15:00.000-04:00
Nelson Velázquez,STL,OF,Runs,0.5,demon,pre_game,2026-08-08T19:15:00.000-04:00
Pedro Pagés,STL,C,Hits+Runs+RBIs,0.5,goblin,pre_game,2026-08-08T19:15:00.000-04:00
Jordan Beck,COL,OF,RBIs,0.5,demon,pre_game,2026-08-08T19:15:00.000-04:00
TJ Rumfield,COL,IF,Hits+Runs+RBIs,0.5,goblin,pre_game,2026-08-08T19:15:00.000-04:00
Kyle Karros,COL,IF,Runs,0.5,demon,pre_game,2026-08-08T19:15:00.000-04:00
Blaze Jordan,STL,IF,Hits+Runs+RBIs,0.5,goblin,pre_game,2026-08-08T19:15:00.000-04:00
Cole Carrigg,COL,OF,Home Runs,0.5,demon,pre_game,2026-08-08T19:15:00.000-04:00
José Fermín,STL,OF,Home Runs,0.5,demon,pre_game,2026-08-08T19:15:00.000-04:00
José Fermín,STL,OF,Hits,0.5,goblin,pre_game,2026-08-08T19:15:00.000-04:00
Jordan Beck,COL,OF,Stolen Bases,0.5,demon,pre_game,2026-08-08T19:15:00.000-04:00
Nathan Church,STL,OF,Stolen Bases,0.5,demon,pre_game,2026-08-08T19:15:00.000-04:00
Jake McCarthy,COL,OF,Stolen Bases,0.5,demon,pre_game,2026-08-08T19:15:00.000-04:00
Ezequiel Tovar,COL,IF,Stolen Bases,0.5,demon,pre_game,2026-08-08T19:15:00.000-04:00
José Fermín,STL,OF,RBIs,0.5,demon,pre_game,2026-08-08T19:15:00.000-04:00
Masyn Winn,STL,IF,Stolen Bases,0.5,demon,pre_game,2026-08-08T19:15:00.000-04:00
Cole Carrigg,COL,OF,Stolen Bases,0.5,demon,pre_game,2026-08-08T19:15:00.000-04:00
JJ Wetherholt,STL,IF,Stolen Bases,0.5,demon,pre_game,2026-08-08T19:15:00.000-04:00
José Fermín,STL,OF,Walks,0.5,demon,pre_game,2026-08-08T19:15:00.000-04:00
Nathan Church,STL,OF,RBIs,0.5,demon,pre_game,2026-08-08T19:15:00.000-04:00
Tyler Freeman,COL,OF,Stolen Bases,0.5,demon,pre_game,2026-08-08T19:15:00.000-04:00
Hunter Goodman,COL,C,Runs,0.5,demon,pre_game,2026-08-08T19:15:00.000-04:00
Jordan Walker,STL,OF,Runs,0.5,standard,pre_game,2026-08-08T19:15:00.000-04:00
José Fermín,STL,OF,Runs,0.5,demon,pre_game,2026-08-08T19:15:00.000-04:00
Ivan Herrera,STL,DH,Stolen Bases,0.5,demon,pre_game,2026-08-08T19:15:00.000-04:00
Hunter Goodman,COL,C,Walks,0.5,demon,pre_game,2026-08-08T19:15:00.000-04:00
Willi Castro,COL,IF,Stolen Bases,0.5,demon,pre_game,2026-08-08T19:15:00.000-04:00
Kyle Karros,COL,IF,Stolen Bases,0.5,demon,pre_game,2026-08-08T19:15:00.000-04:00
JJ Wetherholt,STL,IF,Runs,0.5,standard,pre_game,2026-08-08T19:15:00.000-04:00
Jordan Walker,STL,OF,Walks,0.5,demon,pre_game,2026-08-08T19:15:00.000-04:00
Nathan Church,STL,OF,Home Runs,0.5,demon,pre_game,2026-08-08T19:15:00.000-04:00
Nathan Church,STL,OF,Hits,0.5,goblin,pre_game,2026-08-08T19:15:00.000-04:00
Kyle Karros,COL,IF,Walks,0.5,demon,pre_game,2026-08-08T19:15:00.000-04:00
JJ Wetherholt,STL,IF,Walks,0.5,demon,pre_game,2026-08-08T19:15:00.000-04:00
Jordan Walker,STL,OF,Stolen Bases,0.5,demon,pre_game,2026-08-08T19:15:00.000-04:00
Nathan Church,STL,OF,Runs,0.5,demon,pre_game,2026-08-08T19:15:00.000-04:00
Pedro Pagés,STL,C,Total Bases,0.5,goblin,pre_game,2026-08-08T19:15:00.000-04:00
Ivan Herrera,STL,DH,Walks,0.5,demon,pre_game,2026-08-08T19:15:00.000-04:00
Masyn Winn,STL,IF,Walks,0.5,demon,pre_game,2026-08-08T19:15:00.000-04:00
Tyler Freeman,COL,OF,Total Bases,0.5,goblin,pre_game,2026-08-08T19:15:00.000-04:00
Cole Carrigg,COL,OF,Walks,0.5,demon,pre_game,2026-08-08T19:15:00.000-04:00
José Fermín,STL,OF,Stolen Bases,0.5,demon,pre_game,2026-08-08T19:15:00.000-04:00
TJ Rumfield,COL,IF,Walks,0.5,demon,pre_game,2026-08-08T19:15:00.000-04:00
TJ Rumfield,COL,IF,Total Bases,0.5,goblin,pre_game,2026-08-08T19:15:00.000-04:00
Willi Castro,COL,IF,Walks,0.5,demon,pre_game,2026-08-08T19:15:00.000-04:00
Willi Castro,COL,IF,Total Bases,0.5,goblin,pre_game,2026-08-08T19:15:00.000-04:00
Nathan Church,STL,OF,Total Bases,0.5,goblin,pre_game,2026-08-08T19:15:00.000-04:00
Kyle Freeland + Matthew Liberatore,COL/STL,P,1st Inning Runs Allowed,0.5,standard,pre_game,2026-08-08T19:15:00.000-04:00
Kyle Freeland + Matthew Liberatore,COL/STL,P,1st Inning Walks Allowed,0.5,demon,pre_game,2026-08-08T19:15:00.000-04:00
Jake McCarthy,COL,OF,Triples,0.5,demon,pre_game,2026-08-08T19:15:00.000-04:00
Blaze Jordan,STL,IF,Stolen Bases,0.5,demon,pre_game,2026-08-08T19:15:00.000-04:00
Nathan Church,STL,OF,Singles,0.5,standard,pre_game,2026-08-08T19:15:00.000-04:00
Hunter Goodman,COL,C,Stolen Bases,0.5,demon,pre_game,2026-08-08T19:15:00.000-04:00
Hunter Goodman,COL,C,Total Bases,0.5,goblin,pre_game,2026-08-08T19:15:00.000-04:00
Nathan Church,STL,OF,Doubles,0.5,demon,pre_game,2026-08-08T19:15:00.000-04:00
TJ Rumfield,COL,IF,Singles,0.5,standard,pre_game,2026-08-08T19:15:00.000-04:00
Nathan Church,STL,OF,Triples,0.5,demon,pre_game,2026-08-08T19:15:00.000-04:00
Blaze Jordan,STL,IF,Singles,0.5,standard,pre_game,2026-08-08T19:15:00.000-04:00
Pedro Pagés,STL,C,Stolen Bases,0.5,demon,pre_game,2026-08-08T19:15:00.000-04:00
Kyle Freeland,COL,P,Walks Allowed,0.5,goblin,pre_game,2026-08-08T19:15:00.000-04:00
Cole Carrigg,COL,OF,Singles,0.5,standard,pre_game,2026-08-08T19:15:00.000-04:00
Tyler Freeman,COL,OF,Singles,0.5,standard,pre_game,2026-08-08T19:15:00.000-04:00
Masyn Winn,STL,IF,Singles,0.5,standard,pre_game,2026-08-08T19:15:00.000-04:00
Ezequiel Tovar,COL,IF,Total Bases,0.5,goblin,pre_game,2026-08-08T19:15:00.000-04:00
Alec Burleson,STL,IF,Total Bases,0.5,goblin,pre_game,2026-08-08T19:15:00.000-04:00
Nathan Church,STL,OF,Hits+Runs+RBIs,0.5,goblin,pre_game,2026-08-08T19:15:00.000-04:00
Matthew Liberatore,STL,P,Earned Runs Allowed,0.5,goblin,pre_game,2026-08-08T19:15:00.000-04:00
Alec Burleson,STL,IF,Stolen Bases,0.5,demon,pre_game,2026-08-08T19:15:00.000-04:00
Matthew Liberatore,STL,P,Walks Allowed,0.5,goblin,pre_game,2026-08-08T19:15:00.000-04:00
Masyn Winn,STL,IF,Total Bases,0.5,goblin,pre_game,2026-08-08T19:15:00.000-04:00
Cole Carrigg,COL,OF,Total Bases,0.5,goblin,pre_game,2026-08-08T19:15:00.000-04:00
Ivan Herrera,STL,DH,Total Bases,0.5,goblin,pre_game,2026-08-08T19:15:00.000-04:00
Jake McCarthy,COL,OF,Total Bases,0.5,goblin,pre_game,2026-08-08T19:15:00.000-04:00
Blaze Jordan,STL,IF,Total Bases,0.5,goblin,pre_game,2026-08-08T19:15:00.000-04:00
JJ Wetherholt,STL,IF,Total Bases,0.5,goblin,pre_game,2026-08-08T19:15:00.000-04:00
Jordan Walker,STL,OF,Total Bases,0.5,goblin,pre_game,2026-08-08T19:15:00.000-04:00
Kyle Karros,COL,IF,Total Bases,0.5,goblin,pre_game,2026-08-08T19:15:00.000-04:00
Hunter Goodman,COL,C,Hitter Strikeouts,0.5,goblin,pre_game,2026-08-08T19:15:00.000-04:00
Cole Carrigg,COL,OF,Triples,0.5,demon,pre_game,2026-08-08T19:15:00.000-04:00
Jordan Beck,COL,OF,Total Bases,0.5,goblin,pre_game,2026-08-08T19:15:00.000-04:00
Nelson Velázquez,STL,OF,Walks,0.5,demon,pre_game,2026-08-08T19:15:00.000-04:00
Alec Burleson,STL,IF,Walks,0.5,demon,pre_game,2026-08-08T19:15:00.000-04:00
Pedro Pagés,STL,C,Walks,0.5,demon,pre_game,2026-08-08T19:15:00.000-04:00
Blaze Jordan,STL,IF,Walks,0.5,demon,pre_game,2026-08-08T19:15:00.000-04:00
Everson Pereira,STL,OF,Walks,0.5,demon,pre_game,2026-08-08T19:15:00.000-04:00
Jordan Walker,STL,OF,Singles,0.5,standard,pre_game,2026-08-08T19:15:00.000-04:00
Everson Pereira,STL,OF,Total Bases,0.5,goblin,pre_game,2026-08-08T19:15:00.000-04:00
Alec Burleson,STL,IF,Hitter Strikeouts,0.5,demon,pre_game,2026-08-08T19:15:00.000-04:00
Jordan Walker,STL,OF,Hitter Strikeouts,0.5,goblin,pre_game,2026-08-08T19:15:00.000-04:00
Nelson Velázquez,STL,OF,Stolen Bases,0.5,demon,pre_game,2026-08-08T19:15:00.000-04:00
Willi Castro,COL,IF,Singles,0.5,demon,pre_game,2026-08-08T19:15:00.000-04:00
Kyle Karros,COL,IF,Singles,0.5,standard,pre_game,2026-08-08T19:15:00.000-04:00
Jake McCarthy,COL,OF,Walks,0.5,demon,pre_game,2026-08-08T19:15:00.000-04:00
Jordan Beck,COL,OF,Hitter Strikeouts,0.5,goblin,pre_game,2026-08-08T19:15:00.000-04:00
Willi Castro,COL,IF,Hitter Strikeouts,0.5,goblin,pre_game,2026-08-08T19:15:00.000-04:00
Cole Carrigg,COL,OF,Hitter Strikeouts,0.5,goblin,pre_game,2026-08-08T19:15:00.000-04:00
Tyler Freeman,COL,OF,Hitter Strikeouts,0.5,demon,pre_game,2026-08-08T19:15:00.000-04:00
Jake McCarthy,COL,OF,Hitter Strikeouts,0.5,goblin,pre_game,2026-08-08T19:15:00.000-04:00
Kyle Karros,COL,IF,Hitter Strikeouts,0.5,goblin,pre_game,2026-08-08T19:15:00.000-04:00
Ezequiel Tovar,COL,IF,Hitter Strikeouts,0.5,goblin,pre_game,2026-08-08T19:15:00.000-04:00
Everson Pereira,STL,OF,Stolen Bases,0.5,demon,pre_game,2026-08-08T19:15:00.000-04:00
TJ Rumfield,COL,IF,Stolen Bases,0.5,demon,pre_game,2026-08-08T19:15:00.000-04:00
Nelson Velázquez,STL,OF,Hitter Strikeouts,0.5,goblin,pre_game,2026-08-08T19:15:00.000-04:00
José Fermín,STL,OF,Hitter Strikeouts,0.5,demon,pre_game,2026-08-08T19:15:00.000-04:00
Mickey Moniak,COL,OF,Singles,0.5,demon,pre_game,2026-08-08T19:15:00.000-04:00
José Fermín,STL,OF,Total Bases,0.5,goblin,pre_game,2026-08-08T19:15:00.000-04:00
Mickey Moniak,COL,OF,Home Runs,0.5,demon,pre_game,2026-08-08T19:15:00.000-04:00
Blaze Jordan,STL,IF,Hitter Strikeouts,0.5,demon,pre_game,2026-08-08T19:15:00.000-04:00
Mickey Moniak,COL,OF,Hits,0.5,goblin,pre_game,2026-08-08T19:15:00.000-04:00
José Fermín,STL,OF,Singles,0.5,goblin,pre_game,2026-08-08T19:15:00.000-04:00
Mickey Moniak,COL,OF,Hitter Strikeouts,0.5,goblin,pre_game,2026-08-08T19:15:00.000-04:00
Nelson Velázquez,STL,OF,Total Bases,0.5,goblin,pre_game,2026-08-08T19:15:00.000-04:00
Mickey Moniak,COL,OF,Hits+Runs+RBIs,0.5,goblin,pre_game,2026-08-08T19:15:00.000-04:00
José Fermín,STL,OF,Hits+Runs+RBIs,0.5,goblin,pre_game,2026-08-08T19:15:00.000-04:00
Mickey Moniak,COL,OF,Total Bases,0.5,goblin,pre_game,2026-08-08T19:15:00.000-04:00
José Fermín,STL,OF,Doubles,0.5,demon,pre_game,2026-08-08T19:15:00.000-04:00
Mickey Moniak,COL,OF,RBIs,0.5,demon,pre_game,2026-08-08T19:15:00.000-04:00
Mickey Moniak,COL,OF,Runs,0.5,demon,pre_game,2026-08-08T19:15:00.000-04:00
Mickey Moniak,COL,OF,Doubles,0.5,demon,pre_game,2026-08-08T19:15:00.000-04:00
Ivan Herrera,STL,DH,Runs,0.5,demon,pre_game,2026-08-08T19:15:00.000-04:00
Pedro Pagés,STL,C,Hits,0.5,standard,pre_game,2026-08-08T19:15:00.000-04:00
Peter Lambert,HOU,P,Pitching Outs,20.5,demon,pre_game,2026-08-08T19:15:00.000-04:00
Michael King,SD,P,Pitching Outs,20.5,demon,pre_game,2026-08-08T19:15:00.000-04:00
Michael King,SD,P,Pitching Outs,18.5,demon,pre_game,2026-08-08T19:15:00.000-04:00
Michael King,SD,P,Pitching Outs,17.5,goblin,pre_game,2026-08-08T19:15:00.000-04:00
Peter Lambert,HOU,P,Pitching Outs,16.5,goblin,pre_game,2026-08-08T19:15:00.000-04:00
Peter Lambert,HOU,P,Pitching Outs,14.5,goblin,pre_game,2026-08-08T19:15:00.000-04:00
Michael King,SD,P,Pitching Outs,14.5,goblin,pre_game,2026-08-08T19:15:00.000-04:00
Peter Lambert + Michael King,HOU/SD,P,Pitcher Strikeouts (Combo),10.5,demon,pre_game,2026-08-08T19:15:00.000-04:00
Peter Lambert,HOU,P,Pitcher Strikeouts,8.5,demon,pre_game,2026-08-08T19:15:00.000-04:00
Peter Lambert,HOU,P,Hits Allowed,8.5,demon,pre_game,2026-08-08T19:15:00.000-04:00
Michael King,SD,P,Pitcher Strikeouts,8.5,demon,pre_game,2026-08-08T19:15:00.000-04:00
Michael King,SD,P,Hits Allowed,8.5,demon,pre_game,2026-08-08T19:15:00.000-04:00
Michael King,SD,P,Pitcher Strikeouts,7.5,demon,pre_game,2026-08-08T19:15:00.000-04:00
Peter Lambert,HOU,P,Pitcher Strikeouts,7.5,demon,pre_game,2026-08-08T19:15:00.000-04:00
Peter Lambert,HOU,P,Hits Allowed,6.5,demon,pre_game,2026-08-08T19:15:00.000-04:00
Yordan Alvarez,HOU,DH,Total Bases,6.5,demon,pre_game,2026-08-08T19:15:00.000-04:00
Yordan Alvarez,HOU,DH,Hits+Runs+RBIs,6.5,demon,pre_game,2026-08-08T19:15:00.000-04:00
Peter Lambert,HOU,P,Pitcher Strikeouts,6.5,demon,pre_game,2026-08-08T19:15:00.000-04:00
Michael King,SD,P,Pitcher Strikeouts,6.5,demon,pre_game,2026-08-08T19:15:00.000-04:00
Michael King,SD,P,Hits Allowed,6.5,demon,pre_game,2026-08-08T19:15:00.000-04:00
Manny Machado,SD,IF,Hits+Runs+RBIs,6.5,demon,pre_game,2026-08-08T19:15:00.000-04:00
Peter Lambert,HOU,P,Earned Runs Allowed,6.5,demon,pre_game,2026-08-08T19:15:00.000-04:00
Michael King,SD,P,Earned Runs Allowed,6.5,demon,pre_game,2026-08-08T19:15:00.000-04:00
Fernando Tatis Jr.,SD,OF,Hits+Runs+RBIs,6.5,demon,pre_game,2026-08-08T19:15:00.000-04:00
Michael King,SD,P,Pitcher Strikeouts,5.5,demon,pre_game,2026-08-08T19:15:00.000-04:00
Jeremy Peña,HOU,IF,Hits+Runs+RBIs,5.5,demon,pre_game,2026-08-08T19:15:00.000-04:00
Peter Lambert,HOU,P,Pitcher Strikeouts,5.5,demon,pre_game,2026-08-08T19:15:00.000-04:00
Jeremy Peña,HOU,IF,Total Bases,5.5,demon,pre_game,2026-08-08T19:15:00.000-04:00
Isaac Paredes,HOU,IF,Total Bases,5.5,demon,pre_game,2026-08-08T19:15:00.000-04:00
Ty France,SD,IF,Total Bases,5.5,demon,pre_game,2026-08-08T19:15:00.000-04:00
Jackson Merrill,SD,OF,Total Bases,5.5,demon,pre_game,2026-08-08T19:15:00.000-04:00
Manny Machado,SD,IF,Total Bases,5.5,demon,pre_game,2026-08-08T19:15:00.000-04:00
Christian Walker,HOU,IF,Total Bases,5.5,demon,pre_game,2026-08-08T19:15:00.000-04:00
Daulton Varsho,HOU,OF,Total Bases,5.5,demon,pre_game,2026-08-08T19:15:00.000-04:00
Jackson Merrill,SD,OF,Hits+Runs+RBIs,5.5,demon,pre_game,2026-08-08T19:15:00.000-04:00
Jose Altuve,HOU,IF,Hits+Runs+RBIs,5.5,demon,pre_game,2026-08-08T19:15:00.000-04:00
Daulton Varsho,HOU,OF,Hits+Runs+RBIs,5.5,demon,pre_game,2026-08-08T19:15:00.000-04:00
Christian Walker,HOU,IF,Hits+Runs+RBIs,5.5,demon,pre_game,2026-08-08T19:15:00.000-04:00
Yainer Diaz,HOU,C,Hits+Runs+RBIs,5.5,demon,pre_game,2026-08-08T19:15:00.000-04:00
Isaac Paredes,HOU,IF,Hits+Runs+RBIs,5.5,demon,pre_game,2026-08-08T19:15:00.000-04:00
Gavin Sheets,SD,IF,Hits+Runs+RBIs,5.5,demon,pre_game,2026-08-08T19:15:00.000-04:00
Jake Cronenworth,SD,IF,Hits+Runs+RBIs,5.5,demon,pre_game,2026-08-08T19:15:00.000-04:00
Fernando Tatis Jr.,SD,OF,Total Bases,5.5,demon,pre_game,2026-08-08T19:15:00.000-04:00
Xander Bogaerts,SD,IF,Hits+Runs+RBIs,5.5,demon,pre_game,2026-08-08T19:15:00.000-04:00
Michael King,SD,P,Hits Allowed,5.5,demon,pre_game,2026-08-08T19:15:00.000-04:00
Peter Lambert,HOU,P,Hits Allowed,5.5,demon,pre_game,2026-08-08T19:15:00.000-04:00
Luis Rengifo,SD,OF,Hits+Runs+RBIs,5.5,demon,pre_game,2026-08-08T19:15:00.000-04:00
Ty France,SD,IF,Hits+Runs+RBIs,5.5,demon,pre_game,2026-08-08T19:15:00.000-04:00
Peter Lambert,HOU,P,Pitcher Strikeouts,5.0,standard,pre_game,2026-08-08T19:15:00.000-04:00
Peter Lambert,HOU,P,Hits Allowed,4.5,goblin,pre_game,2026-08-08T19:15:00.000-04:00
Michael King,SD,P,Walks Allowed,4.5,demon,pre_game,2026-08-08T19:15:00.000-04:00
Michael King,SD,P,Hits Allowed,4.5,goblin,pre_game,2026-08-08T19:15:00.000-04:00
Jeremy Peña,HOU,IF,Hits+Runs+RBIs,4.5,demon,pre_game,2026-08-08T19:15:00.000-04:00
Michael King,SD,P,Pitcher Strikeouts,4.5,goblin,pre_game,2026-08-08T19:15:00.000-04:00
Gavin Sheets,SD,IF,Total Bases,4.5,demon,pre_game,2026-08-08T19:15:00.000-04:00
Luis Rengifo,SD,OF,Total Bases,4.5,demon,pre_game,2026-08-08T19:15:00.000-04:00
Jake Cronenworth,SD,IF,Total Bases,4.5,demon,pre_game,2026-08-08T19:15:00.000-04:00
Cam Smith,HOU,OF,Total Bases,4.5,demon,pre_game,2026-08-08T19:15:00.000-04:00
Taylor Trammell,HOU,OF,Total Bases,4.5,demon,pre_game,2026-08-08T19:15:00.000-04:00
Luis Campusano,SD,C,Total Bases,4.5,demon,pre_game,2026-08-08T19:15:00.000-04:00
Jose Altuve,HOU,IF,Total Bases,4.5,demon,pre_game,2026-08-08T19:15:00.000-04:00
Xander Bogaerts,SD,IF,Total Bases,4.5,demon,pre_game,2026-08-08T19:15:00.000-04:00
Yainer Diaz,HOU,C,Total Bases,4.5,demon,pre_game,2026-08-08T19:15:00.000-04:00
Manny Machado,SD,IF,Hits+Runs+RBIs,4.5,demon,pre_game,2026-08-08T19:15:00.000-04:00
Jackson Merrill,SD,OF,Hits+Runs+RBIs,4.5,demon,pre_game,2026-08-08T19:15:00.000-04:00
Yordan Alvarez,HOU,DH,Hits+Runs+RBIs,4.5,demon,pre_game,2026-08-08T19:15:00.000-04:00
Taylor Trammell,HOU,OF,Hits+Runs+RBIs,4.5,demon,pre_game,2026-08-08T19:15:00.000-04:00
Cam Smith,HOU,OF,Hits+Runs+RBIs,4.5,demon,pre_game,2026-08-08T19:15:00.000-04:00
Luis Campusano,SD,C,Hits+Runs+RBIs,4.5,demon,pre_game,2026-08-08T19:15:00.000-04:00
Fernando Tatis Jr.,SD,OF,Hits+Runs+RBIs,4.5,demon,pre_game,2026-08-08T19:15:00.000-04:00
Peter Lambert,HOU,P,Pitcher Strikeouts,4.5,goblin,pre_game,2026-08-08T19:15:00.000-04:00
Peter Lambert,HOU,P,Walks Allowed,4.5,demon,pre_game,2026-08-08T19:15:00.000-04:00
Peter Lambert,HOU,P,Hits Allowed,3.5,goblin,pre_game,2026-08-08T19:15:00.000-04:00
Peter Lambert,HOU,P,Earned Runs Allowed,3.5,demon,pre_game,2026-08-08T19:15:00.000-04:00
Cam Smith,HOU,OF,Hits+Runs+RBIs,3.5,demon,pre_game,2026-08-08T19:15:00.000-04:00
Taylor Trammell,HOU,OF,Hits+Runs+RBIs,3.5,demon,pre_game,2026-08-08T19:15:00.000-04:00
Jose Altuve,HOU,IF,Total Bases,3.5,demon,pre_game,2026-08-08T19:15:00.000-04:00
Cam Smith,HOU,OF,Total Bases,3.5,demon,pre_game,2026-08-08T19:15:00.000-04:00
Jeremy Peña,HOU,IF,Hits+Runs+RBIs,3.5,demon,pre_game,2026-08-08T19:15:00.000-04:00
Isaac Paredes,HOU,IF,Total Bases,3.5,demon,pre_game,2026-08-08T19:15:00.000-04:00
Jeremy Peña,HOU,IF,Total Bases,3.5,demon,pre_game,2026-08-08T19:15:00.000-04:00
Yordan Alvarez,HOU,DH,Total Bases,3.5,demon,pre_game,2026-08-08T19:15:00.000-04:00
Daulton Varsho,HOU,OF,Hits+Runs+RBIs,3.5,demon,pre_game,2026-08-08T19:15:00.000-04:00
Jose Altuve,HOU,IF,Hits+Runs+RBIs,3.5,demon,pre_game,2026-08-08T19:15:00.000-04:00
Christian Walker,HOU,IF,Total Bases,3.5,demon,pre_game,2026-08-08T19:15:00.000-04:00
Yordan Alvarez,HOU,DH,Hits+Runs+RBIs,3.5,demon,pre_game,2026-08-08T19:15:00.000-04:00
Taylor Trammell,HOU,OF,Total Bases,3.5,demon,pre_game,2026-08-08T19:15:00.000-04:00
Daulton Varsho,HOU,OF,Total Bases,3.5,demon,pre_game,2026-08-08T19:15:00.000-04:00
Yainer Diaz,HOU,C,Total Bases,3.5,demon,pre_game,2026-08-08T19:15:00.000-04:00
Yainer Diaz,HOU,C,Hits+Runs+RBIs,3.5,demon,pre_game,2026-08-08T19:15:00.000-04:00
Christian Walker,HOU,IF,Hits+Runs+RBIs,3.5,demon,pre_game,2026-08-08T19:15:00.000-04:00
Isaac Paredes,HOU,IF,Hits+Runs+RBIs,3.5,demon,pre_game,2026-08-08T19:15:00.000-04:00
Peter Lambert,HOU,P,Pitcher Strikeouts,3.5,goblin,pre_game,2026-08-08T19:15:00.000-04:00
Manny Machado,SD,IF,Hits+Runs+RBIs,3.5,demon,pre_game,2026-08-08T19:15:00.000-04:00
Michael King,SD,P,Pitcher Strikeouts,3.5,goblin,pre_game,2026-08-08T19:15:00.000-04:00
Sung-Mun Song,SD,IF,Total Bases,3.5,demon,pre_game,2026-08-08T19:15:00.000-04:00
Jake Cronenworth,SD,IF,Total Bases,3.5,demon,pre_game,2026-08-08T19:15:00.000-04:00
Luis Rengifo,SD,OF,Hits+Runs+RBIs,3.5,demon,pre_game,2026-08-08T19:15:00.000-04:00
Ty France,SD,IF,Total Bases,3.5,demon,pre_game,2026-08-08T19:15:00.000-04:00
Xander Bogaerts,SD,IF,Hits+Runs+RBIs,3.5,demon,pre_game,2026-08-08T19:15:00.000-04:00
Luis Campusano,SD,C,Hits+Runs+RBIs,3.5,demon,pre_game,2026-08-08T19:15:00.000-04:00
Ty France,SD,IF,Hits+Runs+RBIs,3.5,demon,pre_game,2026-08-08T19:15:00.000-04:00
Jackson Merrill,SD,OF,Hits+Runs+RBIs,3.5,demon,pre_game,2026-08-08T19:15:00.000-04:00
Fernando Tatis Jr.,SD,OF,Hits+Runs+RBIs,3.5,demon,pre_game,2026-08-08T19:15:00.000-04:00
Michael King,SD,P,Hits Allowed,3.5,goblin,pre_game,2026-08-08T19:15:00.000-04:00
Jake Cronenworth,SD,IF,Hits+Runs+RBIs,3.5,demon,pre_game,2026-08-08T19:15:00.000-04:00
Jackson Merrill,SD,OF,Total Bases,3.5,demon,pre_game,2026-08-08T19:15:00.000-04:00
Xander Bogaerts,SD,IF,Total Bases,3.5,demon,pre_game,2026-08-08T19:15:00.000-04:00
Fernando Tatis Jr.,SD,OF,Total Bases,3.5,demon,pre_game,2026-08-08T19:15:00.000-04:00
Manny Machado,SD,IF,Total Bases,3.5,demon,pre_game,2026-08-08T19:15:00.000-04:00
Luis Campusano,SD,C,Total Bases,3.5,demon,pre_game,2026-08-08T19:15:00.000-04:00
Sung-Mun Song,SD,IF,Hits+Runs+RBIs,3.5,demon,pre_game,2026-08-08T19:15:00.000-04:00
Michael King,SD,P,Earned Runs Allowed,3.5,demon,pre_game,2026-08-08T19:15:00.000-04:00
Luis Rengifo,SD,OF,Total Bases,3.5,demon,pre_game,2026-08-08T19:15:00.000-04:00
Gavin Sheets,SD,IF,Total Bases,3.5,demon,pre_game,2026-08-08T19:15:00.000-04:00
Gavin Sheets,SD,IF,Hits+Runs+RBIs,3.5,demon,pre_game,2026-08-08T19:15:00.000-04:00
Peter Lambert,HOU,P,Earned Runs Allowed,2.5,demon,pre_game,2026-08-08T19:15:00.000-04:00
Yordan Alvarez,HOU,DH,Hits,2.5,demon,pre_game,2026-08-08T19:15:00.000-04:00
Cam Smith,HOU,OF,Hitter Strikeouts,2.5,demon,pre_game,2026-08-08T19:15:00.000-04:00
Jose Altuve,HOU,IF,Hits,2.5,demon,pre_game,2026-08-08T19:15:00.000-04:00
Jeremy Peña,HOU,IF,Hitter Strikeouts,2.5,demon,pre_game,2026-08-08T19:15:00.000-04:00
Yainer Diaz,HOU,C,Hits,2.5,demon,pre_game,2026-08-08T19:15:00.000-04:00
Christian Walker,HOU,IF,Hitter Strikeouts,2.5,demon,pre_game,2026-08-08T19:15:00.000-04:00
Jeremy Peña,HOU,IF,Hits,2.5,demon,pre_game,2026-08-08T19:15:00.000-04:00
Yordan Alvarez,HOU,DH,RBIs,2.5,demon,pre_game,2026-08-08T19:15:00.000-04:00
Daulton Varsho,HOU,OF,Hitter Strikeouts,2.5,demon,pre_game,2026-08-08T19:15:00.000-04:00
Taylor Trammell,HOU,OF,Hitter Strikeouts,2.5,demon,pre_game,2026-08-08T19:15:00.000-04:00
Daulton Varsho,HOU,OF,RBIs,2.5,demon,pre_game,2026-08-08T19:15:00.000-04:00
Peter Lambert,HOU,P,Walks Allowed,2.5,demon,pre_game,2026-08-08T19:15:00.000-04:00
Christian Walker,HOU,IF,RBIs,2.5,demon,pre_game,2026-08-08T19:15:00.000-04:00
Jackson Merrill,SD,OF,Hitter Strikeouts,2.5,demon,pre_game,2026-08-08T19:15:00.000-04:00
Michael King,SD,P,Walks Allowed,2.5,demon,pre_game,2026-08-08T19:15:00.000-04:00
Jake Cronenworth,SD,IF,Hitter Strikeouts,2.5,demon,pre_game,2026-08-08T19:15:00.000-04:00
Fernando Tatis Jr.,SD,OF,Hits,2.5,demon,pre_game,2026-08-08T19:15:00.000-04:00
Manny Machado,SD,IF,Hits,2.5,demon,pre_game,2026-08-08T19:15:00.000-04:00
Fernando Tatis Jr.,SD,OF,Hitter Strikeouts,2.5,demon,pre_game,2026-08-08T19:15:00.000-04:00
Jackson Merrill,SD,OF,RBIs,2.5,demon,pre_game,2026-08-08T19:15:00.000-04:00
Manny Machado,SD,IF,RBIs,2.5,demon,pre_game,2026-08-08T19:15:00.000-04:00
Jackson Merrill,SD,OF,Hits,2.5,demon,pre_game,2026-08-08T19:15:00.000-04:00
Manny Machado,SD,IF,Hitter Strikeouts,2.5,demon,pre_game,2026-08-08T19:15:00.000-04:00
Fernando Tatis Jr.,SD,OF,RBIs,2.5,demon,pre_game,2026-08-08T19:15:00.000-04:00
Michael King,SD,P,Earned Runs Allowed,2.5,demon,pre_game,2026-08-08T19:15:00.000-04:00
Jeremy Peña,HOU,IF,Hits+Runs+RBIs,2.5,demon,pre_game,2026-08-08T19:15:00.000-04:00
Gavin Sheets,SD,IF,Total Bases,2.5,demon,pre_game,2026-08-08T19:15:00.000-04:00
Fernando Tatis Jr.,SD,OF,Total Bases,2.5,demon,pre_game,2026-08-08T19:15:00.000-04:00
Jackson Merrill,SD,OF,Total Bases,2.5,demon,pre_game,2026-08-08T19:15:00.000-04:00
Ty France,SD,IF,Total Bases,2.5,demon,pre_game,2026-08-08T19:15:00.000-04:00
Manny Machado,SD,IF,Total Bases,2.5,demon,pre_game,2026-08-08T19:15:00.000-04:00
Yordan Alvarez,HOU,DH,Total Bases,2.5,demon,pre_game,2026-08-08T19:15:00.000-04:00
Luis Rengifo,SD,OF,Total Bases,2.5,demon,pre_game,2026-08-08T19:15:00.000-04:00
Jake Cronenworth,SD,IF,Total Bases,2.5,demon,pre_game,2026-08-08T19:15:00.000-04:00
Isaac Paredes,HOU,IF,Total Bases,2.5,demon,pre_game,2026-08-08T19:15:00.000-04:00
Cam Smith,HOU,OF,Total Bases,2.5,demon,pre_game,2026-08-08T19:15:00.000-04:00
Christian Walker,HOU,IF,Total Bases,2.5,demon,pre_game,2026-08-08T19:15:00.000-04:00
Jeremy Peña,HOU,IF,Total Bases,2.5,demon,pre_game,2026-08-08T19:15:00.000-04:00
Xander Bogaerts,SD,IF,Total Bases,2.5,demon,pre_game,2026-08-08T19:15:00.000-04:00
Daulton Varsho,HOU,OF,Total Bases,2.5,demon,pre_game,2026-08-08T19:15:00.000-04:00
Taylor Trammell,HOU,OF,Total Bases,2.5,demon,pre_game,2026-08-08T19:15:00.000-04:00
Luis Campusano,SD,C,Total Bases,2.5,demon,pre_game,2026-08-08T19:15:00.000-04:00
Jose Altuve,HOU,IF,Total Bases,2.5,demon,pre_game,2026-08-08T19:15:00.000-04:00
Yainer Diaz,HOU,C,Total Bases,2.5,demon,pre_game,2026-08-08T19:15:00.000-04:00
Manny Machado,SD,IF,Hits+Runs+RBIs,2.5,demon,pre_game,2026-08-08T19:15:00.000-04:00
Yordan Alvarez,HOU,DH,Hits+Runs+RBIs,2.5,demon,pre_game,2026-08-08T19:15:00.000-04:00
Jackson Merrill,SD,OF,Hits+Runs+RBIs,2.5,demon,pre_game,2026-08-08T19:15:00.000-04:00
Christian Walker,HOU,IF,Hits+Runs+RBIs,2.5,demon,pre_game,2026-08-08T19:15:00.000-04:00
Daulton Varsho,HOU,OF,Hits+Runs+RBIs,2.5,demon,pre_game,2026-08-08T19:15:00.000-04:00
Jose Altuve,HOU,IF,Hits+Runs+RBIs,2.5,demon,pre_game,2026-08-08T19:15:00.000-04:00
Taylor Trammell,HOU,OF,Hits+Runs+RBIs,2.5,demon,pre_game,2026-08-08T19:15:00.000-04:00
Yainer Diaz,HOU,C,Hits+Runs+RBIs,2.5,demon,pre_game,2026-08-08T19:15:00.000-04:00
Cam Smith,HOU,OF,Hits+Runs+RBIs,2.5,demon,pre_game,2026-08-08T19:15:00.000-04:00
Isaac Paredes,HOU,IF,Hits+Runs+RBIs,2.5,demon,pre_game,2026-08-08T19:15:00.000-04:00
Daulton Varsho,HOU,OF,Hits,2.5,demon,pre_game,2026-08-08T19:15:00.000-04:00
Isaac Paredes,HOU,IF,Hits,2.5,demon,pre_game,2026-08-08T19:15:00.000-04:00
Christian Walker,HOU,IF,Hits,2.5,demon,pre_game,2026-08-08T19:15:00.000-04:00
Xander Bogaerts,SD,IF,Hits+Runs+RBIs,2.5,demon,pre_game,2026-08-08T19:15:00.000-04:00
Fernando Tatis Jr.,SD,OF,Hits+Runs+RBIs,2.5,demon,pre_game,2026-08-08T19:15:00.000-04:00
Jake Cronenworth,SD,IF,Hits+Runs+RBIs,2.5,demon,pre_game,2026-08-08T19:15:00.000-04:00
Luis Campusano,SD,C,Hits+Runs+RBIs,2.5,demon,pre_game,2026-08-08T19:15:00.000-04:00
Luis Rengifo,SD,OF,Hits+Runs+RBIs,2.5,demon,pre_game,2026-08-08T19:15:00.000-04:00
Gavin Sheets,SD,IF,Hits+Runs+RBIs,2.5,demon,pre_game,2026-08-08T19:15:00.000-04:00
Ty France,SD,IF,Hits+Runs+RBIs,2.5,demon,pre_game,2026-08-08T19:15:00.000-04:00
Ty France,SD,IF,Hits,2.5,demon,pre_game,2026-08-08T19:15:00.000-04:00
Luis Rengifo,SD,OF,Hits,2.5,demon,pre_game,2026-08-08T19:15:00.000-04:00
Xander Bogaerts,SD,IF,Hits,2.5,demon,pre_game,2026-08-08T19:15:00.000-04:00
Jake Cronenworth,SD,IF,Hits,2.5,demon,pre_game,2026-08-08T19:15:00.000-04:00
Isaac Paredes,HOU,IF,RBIs,2.5,demon,pre_game,2026-08-08T19:15:00.000-04:00
Michael King,SD,P,Hits Allowed,2.5,goblin,pre_game,2026-08-08T19:15:00.000-04:00
Peter Lambert,HOU,P,Hits Allowed,2.5,goblin,pre_game,2026-08-08T19:15:00.000-04:00
Ty France,SD,IF,RBIs,2.5,demon,pre_game,2026-08-08T19:15:00.000-04:00
Luis Campusano,SD,C,Hitter Strikeouts,2.5,demon,pre_game,2026-08-08T19:15:00.000-04:00
Yordan Alvarez,HOU,DH,Hits,1.5,demon,pre_game,2026-08-08T19:15:00.000-04:00
Taylor Trammell,HOU,OF,Hits,1.5,demon,pre_game,2026-08-08T19:15:00.000-04:00
Jeremy Peña,HOU,IF,Hits,1.5,demon,pre_game,2026-08-08T19:15:00.000-04:00
Christian Walker,HOU,IF,Hits,1.5,demon,pre_game,2026-08-08T19:15:00.000-04:00
Yainer Diaz,HOU,C,Hits,1.5,demon,pre_game,2026-08-08T19:15:00.000-04:00
Yordan Alvarez,HOU,DH,Walks,1.5,demon,pre_game,2026-08-08T19:15:00.000-04:00
Jose Altuve,HOU,IF,Hits,1.5,demon,pre_game,2026-08-08T19:15:00.000-04:00
Cam Smith,HOU,OF,Hits,1.5,demon,pre_game,2026-08-08T19:15:00.000-04:00
Yordan Alvarez,HOU,DH,Hitter Strikeouts,1.5,demon,pre_game,2026-08-08T19:15:00.000-04:00
Jeremy Peña,HOU,IF,Hitter Strikeouts,1.5,demon,pre_game,2026-08-08T19:15:00.000-04:00
Christian Walker,HOU,IF,Runs,1.5,demon,pre_game,2026-08-08T19:15:00.000-04:00
Isaac Paredes,HOU,IF,Hits,1.5,demon,pre_game,2026-08-08T19:15:00.000-04:00
Yainer Diaz,HOU,C,Singles,1.5,demon,pre_game,2026-08-08T19:15:00.000-04:00
Cam Smith,HOU,OF,Hitter Strikeouts,1.5,demon,pre_game,2026-08-08T19:15:00.000-04:00
Daulton Varsho,HOU,OF,Hits,1.5,demon,pre_game,2026-08-08T19:15:00.000-04:00
Jose Altuve,HOU,IF,Hitter Strikeouts,1.5,demon,pre_game,2026-08-08T19:15:00.000-04:00
Cam Smith,HOU,OF,RBIs,1.5,demon,pre_game,2026-08-08T19:15:00.000-04:00
Isaac Paredes,HOU,IF,Hitter Strikeouts,1.5,demon,pre_game,2026-08-08T19:15:00.000-04:00
Taylor Trammell,HOU,OF,RBIs,1.5,demon,pre_game,2026-08-08T19:15:00.000-04:00
Isaac Paredes,HOU,IF,Runs,1.5,demon,pre_game,2026-08-08T19:15:00.000-04:00
Daulton Varsho,HOU,OF,Runs,1.5,demon,pre_game,2026-08-08T19:15:00.000-04:00
Jose Altuve,HOU,IF,Runs,1.5,demon,pre_game,2026-08-08T19:15:00.000-04:00
Jeremy Peña,HOU,IF,RBIs,1.5,demon,pre_game,2026-08-08T19:15:00.000-04:00
Daulton Varsho,HOU,OF,Hitter Strikeouts,1.5,demon,pre_game,2026-08-08T19:15:00.000-04:00
Yainer Diaz,HOU,C,Hitter Strikeouts,1.5,demon,pre_game,2026-08-08T19:15:00.000-04:00
Yordan Alvarez,HOU,DH,Hits+Runs+RBIs,1.5,goblin,pre_game,2026-08-08T19:15:00.000-04:00
Taylor Trammell,HOU,OF,Runs,1.5,demon,pre_game,2026-08-08T19:15:00.000-04:00
Jeremy Peña,HOU,IF,Singles,1.5,demon,pre_game,2026-08-08T19:15:00.000-04:00
Jose Altuve,HOU,IF,RBIs,1.5,demon,pre_game,2026-08-08T19:15:00.000-04:00
Jeremy Peña,HOU,IF,Total Bases,1.5,demon,pre_game,2026-08-08T19:15:00.000-04:00
Yordan Alvarez,HOU,DH,Runs,1.5,demon,pre_game,2026-08-08T19:15:00.000-04:00
Cam Smith,HOU,OF,Runs,1.5,demon,pre_game,2026-08-08T19:15:00.000-04:00
Jose Altuve,HOU,IF,Singles,1.5,demon,pre_game,2026-08-08T19:15:00.000-04:00
Daulton Varsho,HOU,OF,Hits+Runs+RBIs,1.5,demon,pre_game,2026-08-08T19:15:00.000-04:00
Jeremy Peña,HOU,IF,Runs,1.5,demon,pre_game,2026-08-08T19:15:00.000-04:00
Jose Altuve,HOU,IF,Hits+Runs+RBIs,1.5,demon,pre_game,2026-08-08T19:15:00.000-04:00
Peter Lambert,HOU,P,Walks Allowed,1.5,goblin,pre_game,2026-08-08T19:15:00.000-04:00
Jeremy Peña,HOU,IF,Hits+Runs+RBIs,1.5,standard,pre_game,2026-08-08T19:15:00.000-04:00
Yordan Alvarez,HOU,DH,Total Bases,1.5,demon,pre_game,2026-08-08T19:15:00.000-04:00
Yainer Diaz,HOU,C,Runs,1.5,demon,pre_game,2026-08-08T19:15:00.000-04:00
Yainer Diaz,HOU,C,Hits+Runs+RBIs,1.5,demon,pre_game,2026-08-08T19:15:00.000-04:00
Christian Walker,HOU,IF,Hits+Runs+RBIs,1.5,demon,pre_game,2026-08-08T19:15:00.000-04:00
Isaac Paredes,HOU,IF,Hits+Runs+RBIs,1.5,demon,pre_game,2026-08-08T19:15:00.000-04:00
Luis Campusano,SD,C,RBIs,1.5,demon,pre_game,2026-08-08T19:15:00.000-04:00
Fernando Tatis Jr.,SD,OF,Hits+Runs+RBIs,1.5,goblin,pre_game,2026-08-08T19:15:00.000-04:00
Jackson Merrill,SD,OF,Hits,1.5,demon,pre_game,2026-08-08T19:15:00.000-04:00
Ty France,SD,IF,Hitter Strikeouts,1.5,demon,pre_game,2026-08-08T19:15:00.000-04:00
Xander Bogaerts,SD,IF,Hits,1.5,demon,pre_game,2026-08-08T19:15:00.000-04:00
Manny Machado,SD,IF,Total Bases,1.5,demon,pre_game,2026-08-08T19:15:00.000-04:00
Manny Machado,SD,IF,Hits,1.5,demon,pre_game,2026-08-08T19:15:00.000-04:00
Jake Cronenworth,SD,IF,Hits,1.5,demon,pre_game,2026-08-08T19:15:00.000-04:00
Manny Machado,SD,IF,Runs,1.5,demon,pre_game,2026-08-08T19:15:00.000-04:00
Luis Rengifo,SD,OF,Runs,1.5,demon,pre_game,2026-08-08T19:15:00.000-04:00
Luis Rengifo,SD,OF,RBIs,1.5,demon,pre_game,2026-08-08T19:15:00.000-04:00
Jackson Merrill,SD,OF,Hitter Strikeouts,1.5,demon,pre_game,2026-08-08T19:15:00.000-04:00
Luis Campusano,SD,C,Hits+Runs+RBIs,1.5,demon,pre_game,2026-08-08T19:15:00.000-04:00
Luis Rengifo,SD,OF,Hits,1.5,demon,pre_game,2026-08-08T19:15:00.000-04:00
Jackson Merrill,SD,OF,Total Bases,1.5,demon,pre_game,2026-08-08T19:15:00.000-04:00
Luis Rengifo,SD,OF,Hitter Strikeouts,1.5,demon,pre_game,2026-08-08T19:15:00.000-04:00
Fernando Tatis Jr.,SD,OF,Runs,1.5,demon,pre_game,2026-08-08T19:15:00.000-04:00
Xander Bogaerts,SD,IF,RBIs,1.5,demon,pre_game,2026-08-08T19:15:00.000-04:00
Luis Campusano,SD,C,Hitter Strikeouts,1.5,demon,pre_game,2026-08-08T19:15:00.000-04:00
Jake Cronenworth,SD,IF,Runs,1.5,demon,pre_game,2026-08-08T19:15:00.000-04:00
Luis Campusano,SD,C,Hits,1.5,demon,pre_game,2026-08-08T19:15:00.000-04:00
Luis Rengifo,SD,OF,Hits+Runs+RBIs,1.5,demon,pre_game,2026-08-08T19:15:00.000-04:00
Sung-Mun Song,SD,IF,Hits,1.5,demon,pre_game,2026-08-08T19:15:00.000-04:00
Xander Bogaerts,SD,IF,Hits+Runs+RBIs,1.5,demon,pre_game,2026-08-08T19:15:00.000-04:00
Xander Bogaerts,SD,IF,Runs,1.5,demon,pre_game,2026-08-08T19:15:00.000-04:00
Sung-Mun Song,SD,IF,Hitter Strikeouts,1.5,demon,pre_game,2026-08-08T19:15:00.000-04:00
Jackson Merrill,SD,OF,Hits+Runs+RBIs,1.5,standard,pre_game,2026-08-08T19:15:00.000-04:00
Jake Cronenworth,SD,IF,Hits+Runs+RBIs,1.5,demon,pre_game,2026-08-08T19:15:00.000-04:00
Ty France,SD,IF,Hits+Runs+RBIs,1.5,demon,pre_game,2026-08-08T19:15:00.000-04:00
Ty France,SD,IF,Runs,1.5,demon,pre_game,2026-08-08T19:15:00.000-04:00
Luis Campusano,SD,C,Runs,1.5,demon,pre_game,2026-08-08T19:15:00.000-04:00
Fernando Tatis Jr.,SD,OF,Singles,1.5,demon,pre_game,2026-08-08T19:15:00.000-04:00
Jake Cronenworth,SD,IF,RBIs,1.5,demon,pre_game,2026-08-08T19:15:00.000-04:00
Jackson Merrill,SD,OF,Runs,1.5,demon,pre_game,2026-08-08T19:15:00.000-04:00
Luis Rengifo,SD,OF,Singles,1.5,demon,pre_game,2026-08-08T19:15:00.000-04:00
Fernando Tatis Jr.,SD,OF,Total Bases,1.5,demon,pre_game,2026-08-08T19:15:00.000-04:00
Manny Machado,SD,IF,Hits+Runs+RBIs,1.5,standard,pre_game,2026-08-08T19:15:00.000-04:00
Sung-Mun Song,SD,IF,RBIs,1.5,demon,pre_game,2026-08-08T19:15:00.000-04:00
Sung-Mun Song,SD,IF,Runs,1.5,demon,pre_game,2026-08-08T19:15:00.000-04:00
Fernando Tatis Jr.,SD,OF,Hitter Strikeouts,1.5,demon,pre_game,2026-08-08T19:15:00.000-04:00
Ty France,SD,IF,Hits,1.5,demon,pre_game,2026-08-08T19:15:00.000-04:00
Manny Machado,SD,IF,Hitter Strikeouts,1.5,demon,pre_game,2026-08-08T19:15:00.000-04:00
Jake Cronenworth,SD,IF,Hitter Strikeouts,1.5,demon,pre_game,2026-08-08T19:15:00.000-04:00
Fernando Tatis Jr.,SD,OF,Hits,1.5,demon,pre_game,2026-08-08T19:15:00.000-04:00
Xander Bogaerts,SD,IF,Hitter Strikeouts,1.5,demon,pre_game,2026-08-08T19:15:00.000-04:00
Gavin Sheets,SD,IF,Hits,1.5,demon,pre_game,2026-08-08T19:15:00.000-04:00
Gavin Sheets,SD,IF,Hits+Runs+RBIs,1.5,demon,pre_game,2026-08-08T19:15:00.000-04:00
Christian Walker,HOU,IF,Total Bases,1.5,demon,pre_game,2026-08-08T19:15:00.000-04:00
Taylor Trammell,HOU,OF,Hits+Runs+RBIs,1.5,demon,pre_game,2026-08-08T19:15:00.000-04:00
Ty France,SD,IF,Total Bases,1.5,demon,pre_game,2026-08-08T19:15:00.000-04:00
Cam Smith,HOU,OF,Hits+Runs+RBIs,1.5,demon,pre_game,2026-08-08T19:15:00.000-04:00
Gavin Sheets,SD,IF,Total Bases,1.5,demon,pre_game,2026-08-08T19:15:00.000-04:00
Jake Cronenworth,SD,IF,Total Bases,1.5,demon,pre_game,2026-08-08T19:15:00.000-04:00
Luis Rengifo,SD,OF,Total Bases,1.5,demon,pre_game,2026-08-08T19:15:00.000-04:00
Isaac Paredes,HOU,IF,Total Bases,1.5,demon,pre_game,2026-08-08T19:15:00.000-04:00
Gavin Sheets,SD,IF,Runs,1.5,demon,pre_game,2026-08-08T19:15:00.000-04:00
Cam Smith,HOU,OF,Total Bases,1.5,demon,pre_game,2026-08-08T19:15:00.000-04:00
Daulton Varsho,HOU,OF,Total Bases,1.5,demon,pre_game,2026-08-08T19:15:00.000-04:00
Xander Bogaerts,SD,IF,Total Bases,1.5,demon,pre_game,2026-08-08T19:15:00.000-04:00
Taylor Trammell,HOU,OF,Total Bases,1.5,demon,pre_game,2026-08-08T19:15:00.000-04:00
Luis Campusano,SD,C,Total Bases,1.5,demon,pre_game,2026-08-08T19:15:00.000-04:00
Jose Altuve,HOU,IF,Total Bases,1.5,demon,pre_game,2026-08-08T19:15:00.000-04:00
Gavin Sheets,SD,IF,RBIs,1.5,demon,pre_game,2026-08-08T19:15:00.000-04:00
Yainer Diaz,HOU,C,Total Bases,1.5,demon,pre_game,2026-08-08T19:15:00.000-04:00
Peter Lambert,HOU,P,Earned Runs Allowed,1.5,goblin,pre_game,2026-08-08T19:15:00.000-04:00
Taylor Trammell,HOU,OF,Hitter Strikeouts,1.5,demon,pre_game,2026-08-08T19:15:00.000-04:00
Christian Walker,HOU,IF,Hitter Strikeouts,1.5,demon,pre_game,2026-08-08T19:15:00.000-04:00
Yainer Diaz,HOU,C,RBIs,1.5,demon,pre_game,2026-08-08T19:15:00.000-04:00
Michael King,SD,P,Earned Runs Allowed,1.5,goblin,pre_game,2026-08-08T19:15:00.000-04:00
Gavin Sheets,SD,IF,Hitter Strikeouts,1.5,demon,pre_game,2026-08-08T19:15:00.000-04:00
Michael King,SD,P,Walks Allowed,1.5,goblin,pre_game,2026-08-08T19:15:00.000-04:00
Peter Lambert + Michael King,HOU/SD,P,1st Inning Runs Allowed,0.5,standard,pre_game,2026-08-08T19:15:00.000-04:00
Peter Lambert + Michael King,HOU/SD,P,1st Inning Walks Allowed,0.5,standard,pre_game,2026-08-08T19:15:00.000-04:00
Jose Altuve,HOU,IF,Hits,0.5,goblin,pre_game,2026-08-08T19:15:00.000-04:00
Jose Altuve,HOU,IF,Walks,0.5,demon,pre_game,2026-08-08T19:15:00.000-04:00
Cam Smith,HOU,OF,Hits,0.5,standard,pre_game,2026-08-08T19:15:00.000-04:00
Daulton Varsho,HOU,OF,Walks,0.5,demon,pre_game,2026-08-08T19:15:00.000-04:00
Daulton Varsho,HOU,OF,Hits,0.5,goblin,pre_game,2026-08-08T19:15:00.000-04:00
Christian Walker,HOU,IF,Walks,0.5,demon,pre_game,2026-08-08T19:15:00.000-04:00
Peter Lambert,HOU,P,Earned Runs Allowed,0.5,goblin,pre_game,2026-08-08T19:15:00.000-04:00
Cam Smith,HOU,OF,Walks,0.5,demon,pre_game,2026-08-08T19:15:00.000-04:00
Daulton Varsho,HOU,OF,Home Runs,0.5,demon,pre_game,2026-08-08T19:15:00.000-04:00
Christian Walker,HOU,IF,Home Runs,0.5,demon,pre_game,2026-08-08T19:15:00.000-04:00
Jeremy Peña,HOU,IF,Walks,0.5,demon,pre_game,2026-08-08T19:15:00.000-04:00
Jeremy Peña,HOU,IF,Hits,0.5,goblin,pre_game,2026-08-08T19:15:00.000-04:00
Taylor Trammell,HOU,OF,Home Runs,0.5,demon,pre_game,2026-08-08T19:15:00.000-04:00
Yainer Diaz,HOU,C,Home Runs,0.5,demon,pre_game,2026-08-08T19:15:00.000-04:00
Christian Walker,HOU,IF,Hits,0.5,goblin,pre_game,2026-08-08T19:15:00.000-04:00
Yordan Alvarez,HOU,DH,Home Runs,0.5,demon,pre_game,2026-08-08T19:15:00.000-04:00
Jeremy Peña,HOU,IF,Home Runs,0.5,demon,pre_game,2026-08-08T19:15:00.000-04:00
Isaac Paredes,HOU,IF,Walks,0.5,demon,pre_game,2026-08-08T19:15:00.000-04:00
Yordan Alvarez,HOU,DH,Hits,0.5,goblin,pre_game,2026-08-08T19:15:00.000-04:00
Jose Altuve,HOU,IF,RBIs,0.5,demon,pre_game,2026-08-08T19:15:00.000-04:00
Isaac Paredes,HOU,IF,Hits,0.5,goblin,pre_game,2026-08-08T19:15:00.000-04:00
Taylor Trammell,HOU,OF,Walks,0.5,demon,pre_game,2026-08-08T19:15:00.000-04:00
Jose Altuve,HOU,IF,Runs,0.5,demon,pre_game,2026-08-08T19:15:00.000-04:00
Daulton Varsho,HOU,OF,RBIs,0.5,demon,pre_game,2026-08-08T19:15:00.000-04:00
Daulton Varsho,HOU,OF,Hits+Runs+RBIs,0.5,goblin,pre_game,2026-08-08T19:15:00.000-04:00
Yainer Diaz,HOU,C,Hits,0.5,goblin,pre_game,2026-08-08T19:15:00.000-04:00
Isaac Paredes,HOU,IF,Doubles,0.5,demon,pre_game,2026-08-08T19:15:00.000-04:00
Christian Walker,HOU,IF,RBIs,0.5,demon,pre_game,2026-08-08T19:15:00.000-04:00
Jeremy Peña,HOU,IF,Doubles,0.5,demon,pre_game,2026-08-08T19:15:00.000-04:00
Cam Smith,HOU,OF,Home Runs,0.5,demon,pre_game,2026-08-08T19:15:00.000-04:00
Daulton Varsho,HOU,OF,Doubles,0.5,demon,pre_game,2026-08-08T19:15:00.000-04:00
Christian Walker,HOU,IF,Runs,0.5,demon,pre_game,2026-08-08T19:15:00.000-04:00
Cam Smith,HOU,OF,Doubles,0.5,demon,pre_game,2026-08-08T19:15:00.000-04:00
Yordan Alvarez,HOU,DH,Singles,0.5,demon,pre_game,2026-08-08T19:15:00.000-04:00
Taylor Trammell,HOU,OF,Doubles,0.5,demon,pre_game,2026-08-08T19:15:00.000-04:00
Christian Walker,HOU,IF,Hitter Strikeouts,0.5,goblin,pre_game,2026-08-08T19:15:00.000-04:00
Isaac Paredes,HOU,IF,Runs,0.5,demon,pre_game,2026-08-08T19:15:00.000-04:00
Cam Smith,HOU,OF,Singles,0.5,demon,pre_game,2026-08-08T19:15:00.000-04:00
Daulton Varsho,HOU,OF,Runs,0.5,demon,pre_game,2026-08-08T19:15:00.000-04:00
Daulton Varsho,HOU,OF,Stolen Bases,0.5,demon,pre_game,2026-08-08T19:15:00.000-04:00
Jeremy Peña,HOU,IF,RBIs,0.5,demon,pre_game,2026-08-08T19:15:00.000-04:00
Jose Altuve,HOU,IF,Doubles,0.5,demon,pre_game,2026-08-08T19:15:00.000-04:00
Taylor Trammell,HOU,OF,Hits+Runs+RBIs,0.5,goblin,pre_game,2026-08-08T19:15:00.000-04:00
Jose Altuve,HOU,IF,Total Bases,0.5,goblin,pre_game,2026-08-08T19:15:00.000-04:00
Taylor Trammell,HOU,OF,Stolen Bases,0.5,demon,pre_game,2026-08-08T19:15:00.000-04:00
Yordan Alvarez,HOU,DH,Hits+Runs+RBIs,0.5,goblin,pre_game,2026-08-08T19:15:00.000-04:00
Jeremy Peña,HOU,IF,Stolen Bases,0.5,demon,pre_game,2026-08-08T19:15:00.000-04:00
Isaac Paredes,HOU,IF,RBIs,0.5,demon,pre_game,2026-08-08T19:15:00.000-04:00
Yordan Alvarez,HOU,DH,RBIs,0.5,demon,pre_game,2026-08-08T19:15:00.000-04:00
Yordan Alvarez,HOU,DH,Total Bases,0.5,goblin,pre_game,2026-08-08T19:15:00.000-04:00
Cam Smith,HOU,OF,RBIs,0.5,demon,pre_game,2026-08-08T19:15:00.000-04:00
Yordan Alvarez,HOU,DH,Doubles,0.5,demon,pre_game,2026-08-08T19:15:00.000-04:00
Jeremy Peña,HOU,IF,Singles,0.5,goblin,pre_game,2026-08-08T19:15:00.000-04:00
Taylor Trammell,HOU,OF,Runs,0.5,demon,pre_game,2026-08-08T19:15:00.000-04:00
Christian Walker,HOU,IF,Doubles,0.5,demon,pre_game,2026-08-08T19:15:00.000-04:00
Isaac Paredes,HOU,IF,Total Bases,0.5,goblin,pre_game,2026-08-08T19:15:00.000-04:00
Isaac Paredes,HOU,IF,Home Runs,0.5,demon,pre_game,2026-08-08T19:15:00.000-04:00
Jeremy Peña,HOU,IF,Total Bases,0.5,goblin,pre_game,2026-08-08T19:15:00.000-04:00
Taylor Trammell,HOU,OF,Hitter Strikeouts,0.5,goblin,pre_game,2026-08-08T19:15:00.000-04:00
Yainer Diaz,HOU,C,Doubles,0.5,demon,pre_game,2026-08-08T19:15:00.000-04:00
Jose Altuve,HOU,IF,Stolen Bases,0.5,demon,pre_game,2026-08-08T19:15:00.000-04:00
Cam Smith,HOU,OF,Stolen Bases,0.5,demon,pre_game,2026-08-08T19:15:00.000-04:00
Yordan Alvarez,HOU,DH,Runs,0.5,standard,pre_game,2026-08-08T19:15:00.000-04:00
Cam Smith,HOU,OF,Runs,0.5,demon,pre_game,2026-08-08T19:15:00.000-04:00
Yainer Diaz,HOU,C,Singles,0.5,standard,pre_game,2026-08-08T19:15:00.000-04:00
Jeremy Peña,HOU,IF,Runs,0.5,demon,pre_game,2026-08-08T19:15:00.000-04:00
Jose Altuve,HOU,IF,Singles,0.5,standard,pre_game,2026-08-08T19:15:00.000-04:00
Jose Altuve,HOU,IF,Home Runs,0.5,demon,pre_game,2026-08-08T19:15:00.000-04:00
Taylor Trammell,HOU,OF,Singles,0.5,demon,pre_game,2026-08-08T19:15:00.000-04:00
Christian Walker,HOU,IF,Total Bases,0.5,goblin,pre_game,2026-08-08T19:15:00.000-04:00
Taylor Trammell,HOU,OF,RBIs,0.5,demon,pre_game,2026-08-08T19:15:00.000-04:00
Cam Smith,HOU,OF,Total Bases,0.5,standard,pre_game,2026-08-08T19:15:00.000-04:00
Jeremy Peña,HOU,IF,Hits+Runs+RBIs,0.5,goblin,pre_game,2026-08-08T19:15:00.000-04:00
Jose Altuve,HOU,IF,Hits+Runs+RBIs,0.5,goblin,pre_game,2026-08-08T19:15:00.000-04:00
Cam Smith,HOU,OF,Hits+Runs+RBIs,0.5,goblin,pre_game,2026-08-08T19:15:00.000-04:00
Yainer Diaz,HOU,C,Runs,0.5,demon,pre_game,2026-08-08T19:15:00.000-04:00
Yainer Diaz,HOU,C,RBIs,0.5,demon,pre_game,2026-08-08T19:15:00.000-04:00
Daulton Varsho,HOU,OF,Singles,0.5,demon,pre_game,2026-08-08T19:15:00.000-04:00
Daulton Varsho,HOU,OF,Total Bases,0.5,goblin,pre_game,2026-08-08T19:15:00.000-04:00
Yainer Diaz,HOU,C,Total Bases,0.5,goblin,pre_game,2026-08-08T19:15:00.000-04:00
Yainer Diaz,HOU,C,Hits+Runs+RBIs,0.5,goblin,pre_game,2026-08-08T19:15:00.000-04:00
Christian Walker,HOU,IF,Hits+Runs+RBIs,0.5,goblin,pre_game,2026-08-08T19:15:00.000-04:00
Isaac Paredes,HOU,IF,Hits+Runs+RBIs,0.5,goblin,pre_game,2026-08-08T19:15:00.000-04:00
Isaac Paredes,HOU,IF,Singles,0.5,demon,pre_game,2026-08-08T19:15:00.000-04:00
Christian Walker,HOU,IF,Singles,0.5,demon,pre_game,2026-08-08T19:15:00.000-04:00
Jake Cronenworth,SD,IF,Walks,0.5,demon,pre_game,2026-08-08T19:15:00.000-04:00
Luis Rengifo,SD,OF,Walks,0.5,demon,pre_game,2026-08-08T19:15:00.000-04:00
Manny Machado,SD,IF,Walks,0.5,demon,pre_game,2026-08-08T19:15:00.000-04:00
Ty France,SD,IF,Walks,0.5,demon,pre_game,2026-08-08T19:15:00.000-04:00
Luis Rengifo,SD,OF,Hits+Runs+RBIs,0.5,goblin,pre_game,2026-08-08T19:15:00.000-04:00
Jackson Merrill,SD,OF,Walks,0.5,demon,pre_game,2026-08-08T19:15:00.000-04:00
Luis Campusano,SD,C,Walks,0.5,demon,pre_game,2026-08-08T19:15:00.000-04:00
Fernando Tatis Jr.,SD,OF,RBIs,0.5,demon,pre_game,2026-08-08T19:15:00.000-04:00
Fernando Tatis Jr.,SD,OF,Total Bases,0.5,goblin,pre_game,2026-08-08T19:15:00.000-04:00
Jackson Merrill,SD,OF,Total Bases,0.5,goblin,pre_game,2026-08-08T19:15:00.000-04:00
Xander Bogaerts,SD,IF,Hits,0.5,goblin,pre_game,2026-08-08T19:15:00.000-04:00
Ty France,SD,IF,Hits,0.5,goblin,pre_game,2026-08-08T19:15:00.000-04:00
Fernando Tatis Jr.,SD,OF,Hits,0.5,goblin,pre_game,2026-08-08T19:15:00.000-04:00
Sung-Mun Song,SD,IF,Home Runs,0.5,demon,pre_game,2026-08-08T19:15:00.000-04:00
Ty France,SD,IF,Total Bases,0.5,goblin,pre_game,2026-08-08T19:15:00.000-04:00
Sung-Mun Song,SD,IF,Triples,0.5,demon,pre_game,2026-08-08T19:15:00.000-04:00
Manny Machado,SD,IF,Singles,0.5,demon,pre_game,2026-08-08T19:15:00.000-04:00
Luis Rengifo,SD,OF,RBIs,0.5,demon,pre_game,2026-08-08T19:15:00.000-04:00
Jackson Merrill,SD,OF,Home Runs,0.5,demon,pre_game,2026-08-08T19:15:00.000-04:00
Luis Campusano,SD,C,Hits+Runs+RBIs,0.5,goblin,pre_game,2026-08-08T19:15:00.000-04:00
Fernando Tatis Jr.,SD,OF,Runs,0.5,standard,pre_game,2026-08-08T19:15:00.000-04:00
Xander Bogaerts,SD,IF,Walks,0.5,demon,pre_game,2026-08-08T19:15:00.000-04:00
Jake Cronenworth,SD,IF,Runs,0.5,demon,pre_game,2026-08-08T19:15:00.000-04:00
Sung-Mun Song,SD,IF,Singles,0.5,demon,pre_game,2026-08-08T19:15:00.000-04:00
Sung-Mun Song,SD,IF,Walks,0.5,demon,pre_game,2026-08-08T19:15:00.000-04:00
Jackson Merrill,SD,OF,Doubles,0.5,demon,pre_game,2026-08-08T19:15:00.000-04:00
Ty France,SD,IF,Singles,0.5,demon,pre_game,2026-08-08T19:15:00.000-04:00
Luis Rengifo,SD,OF,Doubles,0.5,demon,pre_game,2026-08-08T19:15:00.000-04:00
Luis Campusano,SD,C,RBIs,0.5,demon,pre_game,2026-08-08T19:15:00.000-04:00
Ty France,SD,IF,RBIs,0.5,demon,pre_game,2026-08-08T19:15:00.000-04:00
Manny Machado,SD,IF,Runs,0.5,demon,pre_game,2026-08-08T19:15:00.000-04:00
Ty France,SD,IF,Home Runs,0.5,demon,pre_game,2026-08-08T19:15:00.000-04:00
Manny Machado,SD,IF,Hits,0.5,goblin,pre_game,2026-08-08T19:15:00.000-04:00
Sung-Mun Song,SD,IF,Hits,0.5,standard,pre_game,2026-08-08T19:15:00.000-04:00
Xander Bogaerts,SD,IF,Stolen Bases,0.5,demon,pre_game,2026-08-08T19:15:00.000-04:00
Manny Machado,SD,IF,Home Runs,0.5,demon,pre_game,2026-08-08T19:15:00.000-04:00
Jackson Merrill,SD,OF,Hits+Runs+RBIs,0.5,goblin,pre_game,2026-08-08T19:15:00.000-04:00
Xander Bogaerts,SD,IF,Runs,0.5,demon,pre_game,2026-08-08T19:15:00.000-04:00
Fernando Tatis Jr.,SD,OF,Hits+Runs+RBIs,0.5,goblin,pre_game,2026-08-08T19:15:00.000-04:00
Fernando Tatis Jr.,SD,OF,Walks,0.5,demon,pre_game,2026-08-08T19:15:00.000-04:00
Manny Machado,SD,IF,Hits+Runs+RBIs,0.5,goblin,pre_game,2026-08-08T19:15:00.000-04:00
Ty France,SD,IF,Hits+Runs+RBIs,0.5,goblin,pre_game,2026-08-08T19:15:00.000-04:00
Jake Cronenworth,SD,IF,Hits+Runs+RBIs,0.5,goblin,pre_game,2026-08-08T19:15:00.000-04:00
Sung-Mun Song,SD,IF,Total Bases,0.5,standard,pre_game,2026-08-08T19:15:00.000-04:00
Jake Cronenworth,SD,IF,Total Bases,0.5,goblin,pre_game,2026-08-08T19:15:00.000-04:00
Ty France,SD,IF,Runs,0.5,demon,pre_game,2026-08-08T19:15:00.000-04:00
Xander Bogaerts,SD,IF,RBIs,0.5,demon,pre_game,2026-08-08T19:15:00.000-04:00
Luis Campusano,SD,C,Runs,0.5,demon,pre_game,2026-08-08T19:15:00.000-04:00
Jackson Merrill,SD,OF,Stolen Bases,0.5,demon,pre_game,2026-08-08T19:15:00.000-04:00
Luis Rengifo,SD,OF,Hits,0.5,goblin,pre_game,2026-08-08T19:15:00.000-04:00
Fernando Tatis Jr.,SD,OF,Singles,0.5,standard,pre_game,2026-08-08T19:15:00.000-04:00
Jake Cronenworth,SD,IF,Doubles,0.5,demon,pre_game,2026-08-08T19:15:00.000-04:00
Luis Rengifo,SD,OF,Runs,0.5,demon,pre_game,2026-08-08T19:15:00.000-04:00
Jackson Merrill,SD,OF,RBIs,0.5,demon,pre_game,2026-08-08T19:15:00.000-04:00
Jackson Merrill,SD,OF,Hits,0.5,goblin,pre_game,2026-08-08T19:15:00.000-04:00
Xander Bogaerts,SD,IF,Singles,0.5,demon,pre_game,2026-08-08T19:15:00.000-04:00
Jackson Merrill,SD,OF,Runs,0.5,demon,pre_game,2026-08-08T19:15:00.000-04:00
Jake Cronenworth,SD,IF,Singles,0.5,demon,pre_game,2026-08-08T19:15:00.000-04:00
Manny Machado,SD,IF,Stolen Bases,0.5,demon,pre_game,2026-08-08T19:15:00.000-04:00
Jake Cronenworth,SD,IF,RBIs,0.5,demon,pre_game,2026-08-08T19:15:00.000-04:00
Luis Rengifo,SD,OF,Singles,0.5,standard,pre_game,2026-08-08T19:15:00.000-04:00
Xander Bogaerts,SD,IF,Total Bases,0.5,goblin,pre_game,2026-08-08T19:15:00.000-04:00
Sung-Mun Song,SD,IF,RBIs,0.5,demon,pre_game,2026-08-08T19:15:00.000-04:00
Xander Bogaerts,SD,IF,Hits+Runs+RBIs,0.5,goblin,pre_game,2026-08-08T19:15:00.000-04:00
Manny Machado,SD,IF,Total Bases,0.5,goblin,pre_game,2026-08-08T19:15:00.000-04:00
Jake Cronenworth,SD,IF,Hits,0.5,goblin,pre_game,2026-08-08T19:15:00.000-04:00
Sung-Mun Song,SD,IF,Hits+Runs+RBIs,0.5,goblin,pre_game,2026-08-08T19:15:00.000-04:00
Xander Bogaerts,SD,IF,Home Runs,0.5,demon,pre_game,2026-08-08T19:15:00.000-04:00
Fernando Tatis Jr.,SD,OF,Home Runs,0.5,demon,pre_game,2026-08-08T19:15:00.000-04:00
Manny Machado,SD,IF,RBIs,0.5,demon,pre_game,2026-08-08T19:15:00.000-04:00
Michael King,SD,P,Earned Runs Allowed,0.5,goblin,pre_game,2026-08-08T19:15:00.000-04:00
Xander Bogaerts,SD,IF,Doubles,0.5,demon,pre_game,2026-08-08T19:15:00.000-04:00
Luis Campusano,SD,C,Doubles,0.5,demon,pre_game,2026-08-08T19:15:00.000-04:00
Jackson Merrill,SD,OF,Singles,0.5,demon,pre_game,2026-08-08T19:15:00.000-04:00
Sung-Mun Song,SD,IF,Stolen Bases,0.5,demon,pre_game,2026-08-08T19:15:00.000-04:00
Sung-Mun Song,SD,IF,Runs,0.5,demon,pre_game,2026-08-08T19:15:00.000-04:00
Sung-Mun Song,SD,IF,Doubles,0.5,demon,pre_game,2026-08-08T19:15:00.000-04:00
Jake Cronenworth,SD,IF,Home Runs,0.5,demon,pre_game,2026-08-08T19:15:00.000-04:00
Luis Rengifo,SD,OF,Home Runs,0.5,demon,pre_game,2026-08-08T19:15:00.000-04:00
Fernando Tatis Jr.,SD,OF,Stolen Bases,0.5,demon,pre_game,2026-08-08T19:15:00.000-04:00
Luis Campusano,SD,C,Singles,0.5,demon,pre_game,2026-08-08T19:15:00.000-04:00
Luis Campusano,SD,C,Home Runs,0.5,demon,pre_game,2026-08-08T19:15:00.000-04:00
Luis Rengifo,SD,OF,Total Bases,0.5,goblin,pre_game,2026-08-08T19:15:00.000-04:00
Luis Rengifo,SD,OF,Stolen Bases,0.5,demon,pre_game,2026-08-08T19:15:00.000-04:00
Jake Cronenworth,SD,IF,Stolen Bases,0.5,demon,pre_game,2026-08-08T19:15:00.000-04:00
Fernando Tatis Jr.,SD,OF,Doubles,0.5,demon,pre_game,2026-08-08T19:15:00.000-04:00
Manny Machado,SD,IF,Doubles,0.5,demon,pre_game,2026-08-08T19:15:00.000-04:00
Ty France,SD,IF,Doubles,0.5,demon,pre_game,2026-08-08T19:15:00.000-04:00
Taylor Trammell,HOU,OF,Hits,0.5,standard,pre_game,2026-08-08T19:15:00.000-04:00
Taylor Trammell,HOU,OF,Total Bases,0.5,standard,pre_game,2026-08-08T19:15:00.000-04:00
Gavin Sheets,SD,IF,Hits,0.5,goblin,pre_game,2026-08-08T19:15:00.000-04:00
Gavin Sheets,SD,IF,Home Runs,0.5,demon,pre_game,2026-08-08T19:15:00.000-04:00
Gavin Sheets,SD,IF,RBIs,0.5,demon,pre_game,2026-08-08T19:15:00.000-04:00
Gavin Sheets,SD,IF,Doubles,0.5,demon,pre_game,2026-08-08T19:15:00.000-04:00
Gavin Sheets,SD,IF,Singles,0.5,demon,pre_game,2026-08-08T19:15:00.000-04:00
Gavin Sheets,SD,IF,Hits+Runs+RBIs,0.5,goblin,pre_game,2026-08-08T19:15:00.000-04:00
Gavin Sheets,SD,IF,Runs,0.5,demon,pre_game,2026-08-08T19:15:00.000-04:00
Luis Campusano,SD,C,Hits,0.5,standard,pre_game,2026-08-08T19:15:00.000-04:00
Gavin Sheets,SD,IF,Total Bases,0.5,standard,pre_game,2026-08-08T19:15:00.000-04:00
Yordan Alvarez,HOU,DH,Hitter Strikeouts,0.5,goblin,pre_game,2026-08-08T19:15:00.000-04:00
Yainer Diaz,HOU,C,Walks,0.5,demon,pre_game,2026-08-08T19:15:00.000-04:00
Cam Smith,HOU,OF,Hitter Strikeouts,0.5,goblin,pre_game,2026-08-08T19:15:00.000-04:00
Jose Altuve,HOU,IF,Hitter Strikeouts,0.5,goblin,pre_game,2026-08-08T19:15:00.000-04:00
Jeremy Peña,HOU,IF,Hitter Strikeouts,0.5,goblin,pre_game,2026-08-08T19:15:00.000-04:00
Isaac Paredes,HOU,IF,Hitter Strikeouts,0.5,goblin,pre_game,2026-08-08T19:15:00.000-04:00
Daulton Varsho,HOU,OF,Hitter Strikeouts,0.5,goblin,pre_game,2026-08-08T19:15:00.000-04:00
Yainer Diaz,HOU,C,Hitter Strikeouts,0.5,goblin,pre_game,2026-08-08T19:15:00.000-04:00
Gavin Sheets,SD,IF,Walks,0.5,demon,pre_game,2026-08-08T19:15:00.000-04:00
Gavin Sheets,SD,IF,Hitter Strikeouts,0.5,goblin,pre_game,2026-08-08T19:15:00.000-04:00
Xander Bogaerts,SD,IF,Hitter Strikeouts,0.5,goblin,pre_game,2026-08-08T19:15:00.000-04:00
Fernando Tatis Jr.,SD,OF,Hitter Strikeouts,0.5,goblin,pre_game,2026-08-08T19:15:00.000-04:00
Manny Machado,SD,IF,Hitter Strikeouts,0.5,goblin,pre_game,2026-08-08T19:15:00.000-04:00
Ty France,SD,IF,Hitter Strikeouts,0.5,goblin,pre_game,2026-08-08T19:15:00.000-04:00
Jake Cronenworth,SD,IF,Hitter Strikeouts,0.5,goblin,pre_game,2026-08-08T19:15:00.000-04:00
Jackson Merrill,SD,OF,Hitter Strikeouts,0.5,goblin,pre_game,2026-08-08T19:15:00.000-04:00
Luis Campusano,SD,C,Hitter Strikeouts,0.5,goblin,pre_game,2026-08-08T19:15:00.000-04:00
Luis Rengifo,SD,OF,Hitter Strikeouts,0.5,goblin,pre_game,2026-08-08T19:15:00.000-04:00
Yordan Alvarez,HOU,DH,Stolen Bases,0.5,demon,pre_game,2026-08-08T19:15:00.000-04:00
Peter Lambert,HOU,P,Walks Allowed,0.5,goblin,pre_game,2026-08-08T19:15:00.000-04:00
Luis Campusano,SD,C,Total Bases,0.5,standard,pre_game,2026-08-08T19:15:00.000-04:00
Yordan Alvarez,HOU,DH,Walks,0.5,goblin,pre_game,2026-08-08T19:15:00.000-04:00
Jacob deGrom,TEX,P,Pitching Outs,20.5,demon,pre_game,2026-08-08T19:15:00.000-04:00
Kyle Bradish,BAL,P,Pitching Outs,20.5,demon,pre_game,2026-08-08T19:15:00.000-04:00
Jacob deGrom,TEX,P,Pitching Outs,17.5,goblin,pre_game,2026-08-08T19:15:00.000-04:00
Kyle Bradish,BAL,P,Pitching Outs,17.5,demon,pre_game,2026-08-08T19:15:00.000-04:00
Kyle Bradish,BAL,P,Pitching Outs,16.5,standard,pre_game,2026-08-08T19:15:00.000-04:00
Jacob deGrom,TEX,P,Pitching Outs,14.5,goblin,pre_game,2026-08-08T19:15:00.000-04:00
Kyle Bradish,BAL,P,Pitching Outs,14.5,goblin,pre_game,2026-08-08T19:15:00.000-04:00
Kyle Bradish + Jacob deGrom,BAL/TEX,P,Pitcher Strikeouts (Combo),13.5,demon,pre_game,2026-08-08T19:15:00.000-04:00
Jacob deGrom,TEX,P,Pitcher Strikeouts,11.5,demon,pre_game,2026-08-08T19:15:00.000-04:00
Jacob deGrom,TEX,P,Pitcher Strikeouts,9.5,demon,pre_game,2026-08-08T19:15:00.000-04:00
Kyle Bradish,BAL,P,Pitcher Strikeouts,9.5,demon,pre_game,2026-08-08T19:15:00.000-04:00
Jacob deGrom,TEX,P,Pitcher Strikeouts,8.5,demon,pre_game,2026-08-08T19:15:00.000-04:00
Kyle Bradish,BAL,P,Pitcher Strikeouts,8.5,demon,pre_game,2026-08-08T19:15:00.000-04:00
Kyle Bradish,BAL,P,Hits Allowed,8.5,demon,pre_game,2026-08-08T19:15:00.000-04:00
Jacob deGrom,TEX,P,Pitcher Strikeouts,7.5,demon,pre_game,2026-08-08T19:15:00.000-04:00
Kyle Bradish,BAL,P,Pitcher Strikeouts,7.5,demon,pre_game,2026-08-08T19:15:00.000-04:00
Jacob deGrom,TEX,P,Hits Allowed,7.5,demon,pre_game,2026-08-08T19:15:00.000-04:00
Jacob deGrom,TEX,P,Pitcher Strikeouts,6.5,goblin,pre_game,2026-08-08T19:15:00.000-04:00
Kyle Bradish,BAL,P,Pitcher Strikeouts,6.5,demon,pre_game,2026-08-08T19:15:00.000-04:00
Kyle Bradish,BAL,P,Hits Allowed,6.5,demon,pre_game,2026-08-08T19:15:00.000-04:00
Pete Alonso,BAL,IF,Hits+Runs+RBIs,6.5,demon,pre_game,2026-08-08T19:15:00.000-04:00
Corey Seager,TEX,IF,Hits+Runs+RBIs,6.5,demon,pre_game,2026-08-08T19:15:00.000-04:00
Kyle Bradish,BAL,P,Earned Runs Allowed,6.5,demon,pre_game,2026-08-08T19:15:00.000-04:00
Jacob deGrom,TEX,P,Pitcher Strikeouts,5.5,goblin,pre_game,2026-08-08T19:15:00.000-04:00
Wyatt Langford,TEX,OF,Total Bases,5.5,demon,pre_game,2026-08-08T19:15:00.000-04:00
Brandon Nimmo,TEX,OF,Total Bases,5.5,demon,pre_game,2026-08-08T19:15:00.000-04:00
Gunnar Henderson,BAL,IF,Total Bases,5.5,demon,pre_game,2026-08-08T19:15:00.000-04:00
Kyle Bradish,BAL,P,Pitcher Strikeouts,5.5,standard,pre_game,2026-08-08T19:15:00.000-04:00
Joc Pederson,TEX,DH,Total Bases,5.5,demon,pre_game,2026-08-08T19:15:00.000-04:00
Pete Alonso,BAL,IF,Total Bases,5.5,demon,pre_game,2026-08-08T19:15:00.000-04:00
Christian Encarnacion-Strand,BAL,IF,Total Bases,5.5,demon,pre_game,2026-08-08T19:15:00.000-04:00
Corey Seager,TEX,IF,Total Bases,5.5,demon,pre_game,2026-08-08T19:15:00.000-04:00
Gunnar Henderson,BAL,IF,Hits+Runs+RBIs,5.5,demon,pre_game,2026-08-08T19:15:00.000-04:00
Coby Mayo,BAL,IF,Hits+Runs+RBIs,5.5,demon,pre_game,2026-08-08T19:15:00.000-04:00
Wyatt Langford,TEX,OF,Hits+Runs+RBIs,5.5,demon,pre_game,2026-08-08T19:15:00.000-04:00
Brandon Nimmo,TEX,OF,Hits+Runs+RBIs,5.5,demon,pre_game,2026-08-08T19:15:00.000-04:00
Christian Encarnacion-Strand,BAL,IF,Hits+Runs+RBIs,5.5,demon,pre_game,2026-08-08T19:15:00.000-04:00
Joc Pederson,TEX,DH,Hits+Runs+RBIs,5.5,demon,pre_game,2026-08-08T19:15:00.000-04:00
Jacob deGrom,TEX,P,Hits Allowed,5.5,demon,pre_game,2026-08-08T19:15:00.000-04:00
Jacob deGrom,TEX,P,Earned Runs Allowed,5.5,demon,pre_game,2026-08-08T19:15:00.000-04:00
Kyle Bradish,BAL,P,Hits Allowed,5.5,demon,pre_game,2026-08-08T19:15:00.000-04:00
Evan Carter,TEX,OF,Hits+Runs+RBIs,5.5,demon,pre_game,2026-08-08T19:15:00.000-04:00
Jake Burger,TEX,IF,Hits+Runs+RBIs,5.5,demon,pre_game,2026-08-08T19:15:00.000-04:00
Ezequiel Duran,TEX,IF,Hits+Runs+RBIs,5.5,demon,pre_game,2026-08-08T19:15:00.000-04:00
Kyle Bradish,BAL,P,Hits Allowed,5.0,standard,pre_game,2026-08-08T19:15:00.000-04:00
Kyle Bradish,BAL,P,Pitcher Strikeouts,4.5,goblin,pre_game,2026-08-08T19:15:00.000-04:00
Evan Carter,TEX,OF,Total Bases,4.5,demon,pre_game,2026-08-08T19:15:00.000-04:00
Dylan Beavers,BAL,OF,Total Bases,4.5,demon,pre_game,2026-08-08T19:15:00.000-04:00
Carlos Narváez,BAL,C,Total Bases,4.5,demon,pre_game,2026-08-08T19:15:00.000-04:00
Colton Cowser,BAL,OF,Total Bases,4.5,demon,pre_game,2026-08-08T19:15:00.000-04:00
Jackson Holliday,BAL,IF,Total Bases,4.5,demon,pre_game,2026-08-08T19:15:00.000-04:00
Ezequiel Duran,TEX,IF,Total Bases,4.5,demon,pre_game,2026-08-08T19:15:00.000-04:00
Coby Mayo,BAL,IF,Total Bases,4.5,demon,pre_game,2026-08-08T19:15:00.000-04:00
Leody Taveras,BAL,OF,Total Bases,4.5,demon,pre_game,2026-08-08T19:15:00.000-04:00
Jacob deGrom,TEX,P,Pitcher Strikeouts,4.5,goblin,pre_game,2026-08-08T19:15:00.000-04:00
Jacob deGrom,TEX,P,Hits Allowed,4.5,demon,pre_game,2026-08-08T19:15:00.000-04:00
Kyle Bradish,BAL,P,Walks Allowed,4.5,demon,pre_game,2026-08-08T19:15:00.000-04:00
Kyle Bradish,BAL,P,Hits Allowed,4.5,goblin,pre_game,2026-08-08T19:15:00.000-04:00
Elias Díaz,TEX,C,Total Bases,4.5,demon,pre_game,2026-08-08T19:15:00.000-04:00
Gunnar Henderson,BAL,IF,Hits+Runs+RBIs,4.5,demon,pre_game,2026-08-08T19:15:00.000-04:00
Wyatt Langford,TEX,OF,Hits+Runs+RBIs,4.5,demon,pre_game,2026-08-08T19:15:00.000-04:00
Brandon Nimmo,TEX,OF,Hits+Runs+RBIs,4.5,demon,pre_game,2026-08-08T19:15:00.000-04:00
Carlos Narváez,BAL,C,Hits+Runs+RBIs,4.5,demon,pre_game,2026-08-08T19:15:00.000-04:00
Colton Cowser,BAL,OF,Hits+Runs+RBIs,4.5,demon,pre_game,2026-08-08T19:15:00.000-04:00
Corey Seager,TEX,IF,Hits+Runs+RBIs,4.5,demon,pre_game,2026-08-08T19:15:00.000-04:00
Pete Alonso,BAL,IF,Hits+Runs+RBIs,4.5,demon,pre_game,2026-08-08T19:15:00.000-04:00
Elias Díaz,TEX,C,Hits+Runs+RBIs,4.5,demon,pre_game,2026-08-08T19:15:00.000-04:00
Dylan Beavers,BAL,OF,Hits+Runs+RBIs,4.5,demon,pre_game,2026-08-08T19:15:00.000-04:00
Jackson Holliday,BAL,IF,Hits+Runs+RBIs,4.5,demon,pre_game,2026-08-08T19:15:00.000-04:00
Leody Taveras,BAL,OF,Hits+Runs+RBIs,4.5,demon,pre_game,2026-08-08T19:15:00.000-04:00
Joc Pederson,TEX,DH,Hits+Runs+RBIs,4.5,demon,pre_game,2026-08-08T19:15:00.000-04:00
Jake Burger,TEX,IF,Total Bases,4.5,demon,pre_game,2026-08-08T19:15:00.000-04:00
Kyle Bradish,BAL,P,Pitcher Strikeouts,3.5,goblin,pre_game,2026-08-08T19:15:00.000-04:00
Dylan Beavers,BAL,OF,Total Bases,3.5,demon,pre_game,2026-08-08T19:15:00.000-04:00
Wyatt Langford,TEX,OF,Total Bases,3.5,demon,pre_game,2026-08-08T19:15:00.000-04:00
Evan Carter,TEX,OF,Total Bases,3.5,demon,pre_game,2026-08-08T19:15:00.000-04:00
Corey Seager,TEX,IF,Total Bases,3.5,demon,pre_game,2026-08-08T19:15:00.000-04:00
Joc Pederson,TEX,DH,Total Bases,3.5,demon,pre_game,2026-08-08T19:15:00.000-04:00
Elias Díaz,TEX,C,Total Bases,3.5,demon,pre_game,2026-08-08T19:15:00.000-04:00
Jake Burger,TEX,IF,Total Bases,3.5,demon,pre_game,2026-08-08T19:15:00.000-04:00
Christian Encarnacion-Strand,BAL,IF,Total Bases,3.5,demon,pre_game,2026-08-08T19:15:00.000-04:00
Brandon Nimmo,TEX,OF,Total Bases,3.5,demon,pre_game,2026-08-08T19:15:00.000-04:00
Jackson Holliday,BAL,IF,Total Bases,3.5,demon,pre_game,2026-08-08T19:15:00.000-04:00
Ezequiel Duran,TEX,IF,Total Bases,3.5,demon,pre_game,2026-08-08T19:15:00.000-04:00
Coby Mayo,BAL,IF,Total Bases,3.5,demon,pre_game,2026-08-08T19:15:00.000-04:00
Leody Taveras,BAL,OF,Total Bases,3.5,demon,pre_game,2026-08-08T19:15:00.000-04:00
Gunnar Henderson,BAL,IF,Total Bases,3.5,demon,pre_game,2026-08-08T19:15:00.000-04:00
Pete Alonso,BAL,IF,Total Bases,3.5,demon,pre_game,2026-08-08T19:15:00.000-04:00
Jacob deGrom,TEX,P,Earned Runs Allowed,3.5,demon,pre_game,2026-08-08T19:15:00.000-04:00
Dylan Beavers,BAL,OF,Hits+Runs+RBIs,3.5,demon,pre_game,2026-08-08T19:15:00.000-04:00
Nicky Lopez,TEX,IF,Hits+Runs+RBIs,3.5,demon,pre_game,2026-08-08T19:15:00.000-04:00
Corey Seager,TEX,IF,Hits+Runs+RBIs,3.5,demon,pre_game,2026-08-08T19:15:00.000-04:00
Colton Cowser,BAL,OF,Hits+Runs+RBIs,3.5,demon,pre_game,2026-08-08T19:15:00.000-04:00
Kyle Bradish,BAL,P,Earned Runs Allowed,3.5,demon,pre_game,2026-08-08T19:15:00.000-04:00
Jackson Holliday,BAL,IF,Hits+Runs+RBIs,3.5,demon,pre_game,2026-08-08T19:15:00.000-04:00
Leody Taveras,BAL,OF,Hits+Runs+RBIs,3.5,demon,pre_game,2026-08-08T19:15:00.000-04:00
Jake Burger,TEX,IF,Hits+Runs+RBIs,3.5,demon,pre_game,2026-08-08T19:15:00.000-04:00
Christian Encarnacion-Strand,BAL,IF,Hits+Runs+RBIs,3.5,demon,pre_game,2026-08-08T19:15:00.000-04:00
Carlos Narváez,BAL,C,Hits+Runs+RBIs,3.5,demon,pre_game,2026-08-08T19:15:00.000-04:00
Pete Alonso,BAL,IF,Hits+Runs+RBIs,3.5,demon,pre_game,2026-08-08T19:15:00.000-04:00
Evan Carter,TEX,OF,Hits+Runs+RBIs,3.5,demon,pre_game,2026-08-08T19:15:00.000-04:00
Coby Mayo,BAL,IF,Hits+Runs+RBIs,3.5,demon,pre_game,2026-08-08T19:15:00.000-04:00
Gunnar Henderson,BAL,IF,Hits+Runs+RBIs,3.5,demon,pre_game,2026-08-08T19:15:00.000-04:00
Wyatt Langford,TEX,OF,Hits+Runs+RBIs,3.5,demon,pre_game,2026-08-08T19:15:00.000-04:00
Joc Pederson,TEX,DH,Hits+Runs+RBIs,3.5,demon,pre_game,2026-08-08T19:15:00.000-04:00
Jacob deGrom,TEX,P,Hits Allowed,3.5,goblin,pre_game,2026-08-08T19:15:00.000-04:00
Kyle Bradish,BAL,P,Hits Allowed,3.5,goblin,pre_game,2026-08-08T19:15:00.000-04:00
Ezequiel Duran,TEX,IF,Hits+Runs+RBIs,3.5,demon,pre_game,2026-08-08T19:15:00.000-04:00
Brandon Nimmo,TEX,OF,Hits+Runs+RBIs,3.5,demon,pre_game,2026-08-08T19:15:00.000-04:00
Elias Díaz,TEX,C,Hits+Runs+RBIs,3.5,demon,pre_game,2026-08-08T19:15:00.000-04:00
Jacob deGrom,TEX,P,Walks Allowed,3.5,demon,pre_game,2026-08-08T19:15:00.000-04:00
Joc Pederson,TEX,DH,Total Bases,2.5,demon,pre_game,2026-08-08T19:15:00.000-04:00
Evan Carter,TEX,OF,Total Bases,2.5,demon,pre_game,2026-08-08T19:15:00.000-04:00
Wyatt Langford,TEX,OF,Total Bases,2.5,demon,pre_game,2026-08-08T19:15:00.000-04:00
Carlos Narváez,BAL,C,Total Bases,2.5,demon,pre_game,2026-08-08T19:15:00.000-04:00
Colton Cowser,BAL,OF,Total Bases,2.5,demon,pre_game,2026-08-08T19:15:00.000-04:00
Corey Seager,TEX,IF,Total Bases,2.5,demon,pre_game,2026-08-08T19:15:00.000-04:00
Jake Burger,TEX,IF,Total Bases,2.5,demon,pre_game,2026-08-08T19:15:00.000-04:00
Elias Díaz,TEX,C,Total Bases,2.5,demon,pre_game,2026-08-08T19:15:00.000-04:00
Christian Encarnacion-Strand,BAL,IF,Total Bases,2.5,demon,pre_game,2026-08-08T19:15:00.000-04:00
Dylan Beavers,BAL,OF,Total Bases,2.5,demon,pre_game,2026-08-08T19:15:00.000-04:00
Brandon Nimmo,TEX,OF,Total Bases,2.5,demon,pre_game,2026-08-08T19:15:00.000-04:00
Jackson Holliday,BAL,IF,Total Bases,2.5,demon,pre_game,2026-08-08T19:15:00.000-04:00
Ezequiel Duran,TEX,IF,Total Bases,2.5,demon,pre_game,2026-08-08T19:15:00.000-04:00
Coby Mayo,BAL,IF,Total Bases,2.5,demon,pre_game,2026-08-08T19:15:00.000-04:00
Leody Taveras,BAL,OF,Total Bases,2.5,demon,pre_game,2026-08-08T19:15:00.000-04:00
Gunnar Henderson,BAL,IF,Total Bases,2.5,demon,pre_game,2026-08-08T19:15:00.000-04:00
Pete Alonso,BAL,IF,Total Bases,2.5,demon,pre_game,2026-08-08T19:15:00.000-04:00
Nicky Lopez,TEX,IF,Total Bases,2.5,demon,pre_game,2026-08-08T19:15:00.000-04:00
Kyle Bradish,BAL,P,Earned Runs Allowed,2.5,demon,pre_game,2026-08-08T19:15:00.000-04:00
Wyatt Langford,TEX,OF,Hits,2.5,demon,pre_game,2026-08-08T19:15:00.000-04:00
Colton Cowser,BAL,OF,Hitter Strikeouts,2.5,demon,pre_game,2026-08-08T19:15:00.000-04:00
Jacob deGrom,TEX,P,Walks Allowed,2.5,demon,pre_game,2026-08-08T19:15:00.000-04:00
Corey Seager,TEX,IF,Hits,2.5,demon,pre_game,2026-08-08T19:15:00.000-04:00
Gunnar Henderson,BAL,IF,Hits,2.5,demon,pre_game,2026-08-08T19:15:00.000-04:00
Brandon Nimmo,TEX,OF,Hits,2.5,demon,pre_game,2026-08-08T19:15:00.000-04:00
Jake Burger,TEX,IF,Hitter Strikeouts,2.5,demon,pre_game,2026-08-08T19:15:00.000-04:00
Gunnar Henderson,BAL,IF,Hitter Strikeouts,2.5,demon,pre_game,2026-08-08T19:15:00.000-04:00
Pete Alonso,BAL,IF,Hits,2.5,demon,pre_game,2026-08-08T19:15:00.000-04:00
Jake Burger,TEX,IF,RBIs,2.5,demon,pre_game,2026-08-08T19:15:00.000-04:00
Corey Seager,TEX,IF,RBIs,2.5,demon,pre_game,2026-08-08T19:15:00.000-04:00
Brandon Nimmo,TEX,OF,RBIs,2.5,demon,pre_game,2026-08-08T19:15:00.000-04:00
Christian Encarnacion-Strand,BAL,IF,Hitter Strikeouts,2.5,demon,pre_game,2026-08-08T19:15:00.000-04:00
Corey Seager,TEX,IF,Hitter Strikeouts,2.5,demon,pre_game,2026-08-08T19:15:00.000-04:00
Kyle Bradish,BAL,P,Walks Allowed,2.5,demon,pre_game,2026-08-08T19:15:00.000-04:00
Leody Taveras,BAL,OF,Hitter Strikeouts,2.5,demon,pre_game,2026-08-08T19:15:00.000-04:00
Dylan Beavers,BAL,OF,Hitter Strikeouts,2.5,demon,pre_game,2026-08-08T19:15:00.000-04:00
Evan Carter,TEX,OF,Hitter Strikeouts,2.5,demon,pre_game,2026-08-08T19:15:00.000-04:00
Jackson Holliday,BAL,IF,Hitter Strikeouts,2.5,demon,pre_game,2026-08-08T19:15:00.000-04:00
Wyatt Langford,TEX,OF,Hitter Strikeouts,2.5,demon,pre_game,2026-08-08T19:15:00.000-04:00
Christian Encarnacion-Strand,BAL,IF,RBIs,2.5,demon,pre_game,2026-08-08T19:15:00.000-04:00
Carlos Narváez,BAL,C,Hitter Strikeouts,2.5,demon,pre_game,2026-08-08T19:15:00.000-04:00
Coby Mayo,BAL,IF,Hitter Strikeouts,2.5,demon,pre_game,2026-08-08T19:15:00.000-04:00
Pete Alonso,BAL,IF,Hitter Strikeouts,2.5,demon,pre_game,2026-08-08T19:15:00.000-04:00
Joc Pederson,TEX,DH,Hitter Strikeouts,2.5,demon,pre_game,2026-08-08T19:15:00.000-04:00
Christian Encarnacion-Strand,BAL,IF,Hits,2.5,demon,pre_game,2026-08-08T19:15:00.000-04:00
Pete Alonso,BAL,IF,Hits+Runs+RBIs,2.5,demon,pre_game,2026-08-08T19:15:00.000-04:00
Brandon Nimmo,TEX,OF,Hits+Runs+RBIs,2.5,demon,pre_game,2026-08-08T19:15:00.000-04:00
Wyatt Langford,TEX,OF,Hits+Runs+RBIs,2.5,demon,pre_game,2026-08-08T19:15:00.000-04:00
Gunnar Henderson,BAL,IF,Hits+Runs+RBIs,2.5,demon,pre_game,2026-08-08T19:15:00.000-04:00
Coby Mayo,BAL,IF,Hits+Runs+RBIs,2.5,demon,pre_game,2026-08-08T19:15:00.000-04:00
Colton Cowser,BAL,OF,Hits+Runs+RBIs,2.5,demon,pre_game,2026-08-08T19:15:00.000-04:00
Corey Seager,TEX,IF,Hits+Runs+RBIs,2.5,demon,pre_game,2026-08-08T19:15:00.000-04:00
Carlos Narváez,BAL,C,Hits+Runs+RBIs,2.5,demon,pre_game,2026-08-08T19:15:00.000-04:00
Christian Encarnacion-Strand,BAL,IF,Hits+Runs+RBIs,2.5,demon,pre_game,2026-08-08T19:15:00.000-04:00
Joc Pederson,TEX,DH,Hits+Runs+RBIs,2.5,demon,pre_game,2026-08-08T19:15:00.000-04:00
Pete Alonso,BAL,IF,RBIs,2.5,demon,pre_game,2026-08-08T19:15:00.000-04:00
Joc Pederson,TEX,DH,Hits,2.5,demon,pre_game,2026-08-08T19:15:00.000-04:00
Jake Burger,TEX,IF,Hits,2.5,demon,pre_game,2026-08-08T19:15:00.000-04:00
Ezequiel Duran,TEX,IF,Hits,2.5,demon,pre_game,2026-08-08T19:15:00.000-04:00
Wyatt Langford,TEX,OF,RBIs,2.5,demon,pre_game,2026-08-08T19:15:00.000-04:00
Gunnar Henderson,BAL,IF,RBIs,2.5,demon,pre_game,2026-08-08T19:15:00.000-04:00
Elias Díaz,TEX,C,Hits+Runs+RBIs,2.5,demon,pre_game,2026-08-08T19:15:00.000-04:00
Jacob deGrom,TEX,P,Hits Allowed,2.5,goblin,pre_game,2026-08-08T19:15:00.000-04:00
Jacob deGrom,TEX,P,Earned Runs Allowed,2.5,demon,pre_game,2026-08-08T19:15:00.000-04:00
Leody Taveras,BAL,OF,Hits+Runs+RBIs,2.5,demon,pre_game,2026-08-08T19:15:00.000-04:00
Jackson Holliday,BAL,IF,Hits+Runs+RBIs,2.5,demon,pre_game,2026-08-08T19:15:00.000-04:00
Dylan Beavers,BAL,OF,Hits+Runs+RBIs,2.5,demon,pre_game,2026-08-08T19:15:00.000-04:00
Kyle Bradish,BAL,P,Hits Allowed,2.5,goblin,pre_game,2026-08-08T19:15:00.000-04:00
Nicky Lopez,TEX,IF,Hits+Runs+RBIs,2.5,demon,pre_game,2026-08-08T19:15:00.000-04:00
Ezequiel Duran,TEX,IF,Hits+Runs+RBIs,2.5,demon,pre_game,2026-08-08T19:15:00.000-04:00
Jake Burger,TEX,IF,Hits+Runs+RBIs,2.5,demon,pre_game,2026-08-08T19:15:00.000-04:00
Evan Carter,TEX,OF,Hits+Runs+RBIs,2.5,demon,pre_game,2026-08-08T19:15:00.000-04:00
Ezequiel Duran,TEX,IF,Hitter Strikeouts,2.5,demon,pre_game,2026-08-08T19:15:00.000-04:00
Carlos Narváez,BAL,C,Runs,1.5,demon,pre_game,2026-08-08T19:15:00.000-04:00
Coby Mayo,BAL,IF,Runs,1.5,demon,pre_game,2026-08-08T19:15:00.000-04:00
Dylan Beavers,BAL,OF,Runs,1.5,demon,pre_game,2026-08-08T19:15:00.000-04:00
Christian Encarnacion-Strand,BAL,IF,Runs,1.5,demon,pre_game,2026-08-08T19:15:00.000-04:00
Ezequiel Duran,TEX,IF,Runs,1.5,demon,pre_game,2026-08-08T19:15:00.000-04:00
Brandon Nimmo,TEX,OF,Runs,1.5,demon,pre_game,2026-08-08T19:15:00.000-04:00
Nicky Lopez,TEX,IF,Hits+Runs+RBIs,1.5,demon,pre_game,2026-08-08T19:15:00.000-04:00
Colton Cowser,BAL,OF,Runs,1.5,demon,pre_game,2026-08-08T19:15:00.000-04:00
Leody Taveras,BAL,OF,Hits+Runs+RBIs,1.5,demon,pre_game,2026-08-08T19:15:00.000-04:00
Carlos Narváez,BAL,C,Hits+Runs+RBIs,1.5,demon,pre_game,2026-08-08T19:15:00.000-04:00
Joc Pederson,TEX,DH,Runs,1.5,demon,pre_game,2026-08-08T19:15:00.000-04:00
Wyatt Langford,TEX,OF,Runs,1.5,demon,pre_game,2026-08-08T19:15:00.000-04:00
Jake Burger,TEX,IF,Runs,1.5,demon,pre_game,2026-08-08T19:15:00.000-04:00
Dylan Beavers,BAL,OF,Hits+Runs+RBIs,1.5,demon,pre_game,2026-08-08T19:15:00.000-04:00
Ezequiel Duran,TEX,IF,Hits,1.5,demon,pre_game,2026-08-08T19:15:00.000-04:00
Ezequiel Duran,TEX,IF,Hits+Runs+RBIs,1.5,demon,pre_game,2026-08-08T19:15:00.000-04:00
Pete Alonso,BAL,IF,Runs,1.5,demon,pre_game,2026-08-08T19:15:00.000-04:00
Evan Carter,TEX,OF,Runs,1.5,demon,pre_game,2026-08-08T19:15:00.000-04:00
Corey Seager,TEX,IF,Runs,1.5,demon,pre_game,2026-08-08T19:15:00.000-04:00
Coby Mayo,BAL,IF,Hits+Runs+RBIs,1.5,demon,pre_game,2026-08-08T19:15:00.000-04:00
Joc Pederson,TEX,DH,RBIs,1.5,demon,pre_game,2026-08-08T19:15:00.000-04:00
Elias Díaz,TEX,C,Hits+Runs+RBIs,1.5,demon,pre_game,2026-08-08T19:15:00.000-04:00
Coby Mayo,BAL,IF,Hits,1.5,demon,pre_game,2026-08-08T19:15:00.000-04:00
Joc Pederson,TEX,DH,Hits,1.5,demon,pre_game,2026-08-08T19:15:00.000-04:00
Evan Carter,TEX,OF,Hits,1.5,demon,pre_game,2026-08-08T19:15:00.000-04:00
Evan Carter,TEX,OF,Hits+Runs+RBIs,1.5,demon,pre_game,2026-08-08T19:15:00.000-04:00
Colton Cowser,BAL,OF,Hits+Runs+RBIs,1.5,demon,pre_game,2026-08-08T19:15:00.000-04:00
Nicky Lopez,TEX,IF,Hits,1.5,demon,pre_game,2026-08-08T19:15:00.000-04:00
Pete Alonso,BAL,IF,Hits,1.5,demon,pre_game,2026-08-08T19:15:00.000-04:00
Jackson Holliday,BAL,IF,Hits+Runs+RBIs,1.5,demon,pre_game,2026-08-08T19:15:00.000-04:00
Carlos Narváez,BAL,C,Hits,1.5,demon,pre_game,2026-08-08T19:15:00.000-04:00
Christian Encarnacion-Strand,BAL,IF,Hits+Runs+RBIs,1.5,demon,pre_game,2026-08-08T19:15:00.000-04:00
Evan Carter,TEX,OF,Total Bases,1.5,demon,pre_game,2026-08-08T19:15:00.000-04:00
Elias Díaz,TEX,C,RBIs,1.5,demon,pre_game,2026-08-08T19:15:00.000-04:00
Wyatt Langford,TEX,OF,Hits,1.5,demon,pre_game,2026-08-08T19:15:00.000-04:00
Wyatt Langford,TEX,OF,Total Bases,1.5,demon,pre_game,2026-08-08T19:15:00.000-04:00
Dylan Beavers,BAL,OF,Total Bases,1.5,demon,pre_game,2026-08-08T19:15:00.000-04:00
Colton Cowser,BAL,OF,Total Bases,1.5,demon,pre_game,2026-08-08T19:15:00.000-04:00
Gunnar Henderson,BAL,IF,Runs,1.5,demon,pre_game,2026-08-08T19:15:00.000-04:00
Carlos Narváez,BAL,C,Total Bases,1.5,demon,pre_game,2026-08-08T19:15:00.000-04:00
Jackson Holliday,BAL,IF,Runs,1.5,demon,pre_game,2026-08-08T19:15:00.000-04:00
Gunnar Henderson,BAL,IF,Hits,1.5,demon,pre_game,2026-08-08T19:15:00.000-04:00
Elias Díaz,TEX,C,Hits,1.5,demon,pre_game,2026-08-08T19:15:00.000-04:00
Brandon Nimmo,TEX,OF,Hits,1.5,demon,pre_game,2026-08-08T19:15:00.000-04:00
Corey Seager,TEX,IF,Total Bases,1.5,demon,pre_game,2026-08-08T19:15:00.000-04:00
Jake Burger,TEX,IF,Total Bases,1.5,demon,pre_game,2026-08-08T19:15:00.000-04:00
Elias Díaz,TEX,C,Total Bases,1.5,demon,pre_game,2026-08-08T19:15:00.000-04:00
Christian Encarnacion-Strand,BAL,IF,Hits,1.5,demon,pre_game,2026-08-08T19:15:00.000-04:00
Joc Pederson,TEX,DH,Total Bases,1.5,demon,pre_game,2026-08-08T19:15:00.000-04:00
Christian Encarnacion-Strand,BAL,IF,Total Bases,1.5,demon,pre_game,2026-08-08T19:15:00.000-04:00
Brandon Nimmo,TEX,OF,Total Bases,1.5,demon,pre_game,2026-08-08T19:15:00.000-04:00
Jackson Holliday,BAL,IF,Total Bases,1.5,demon,pre_game,2026-08-08T19:15:00.000-04:00
Leody Taveras,BAL,OF,RBIs,1.5,demon,pre_game,2026-08-08T19:15:00.000-04:00
Coby Mayo,BAL,IF,RBIs,1.5,demon,pre_game,2026-08-08T19:15:00.000-04:00
Ezequiel Duran,TEX,IF,Total Bases,1.5,demon,pre_game,2026-08-08T19:15:00.000-04:00
Corey Seager,TEX,IF,Hits,1.5,demon,pre_game,2026-08-08T19:15:00.000-04:00
Coby Mayo,BAL,IF,Total Bases,1.5,demon,pre_game,2026-08-08T19:15:00.000-04:00
Leody Taveras,BAL,OF,Total Bases,1.5,demon,pre_game,2026-08-08T19:15:00.000-04:00
Jackson Holliday,BAL,IF,Hits,1.5,demon,pre_game,2026-08-08T19:15:00.000-04:00
Jake Burger,TEX,IF,Hits,1.5,demon,pre_game,2026-08-08T19:15:00.000-04:00
Colton Cowser,BAL,OF,RBIs,1.5,demon,pre_game,2026-08-08T19:15:00.000-04:00
Dylan Beavers,BAL,OF,Hits,1.5,demon,pre_game,2026-08-08T19:15:00.000-04:00
Carlos Narváez,BAL,C,RBIs,1.5,demon,pre_game,2026-08-08T19:15:00.000-04:00
Colton Cowser,BAL,OF,Hits,1.5,demon,pre_game,2026-08-08T19:15:00.000-04:00
Ezequiel Duran,TEX,IF,RBIs,1.5,demon,pre_game,2026-08-08T19:15:00.000-04:00
Gunnar Henderson,BAL,IF,Total Bases,1.5,demon,pre_game,2026-08-08T19:15:00.000-04:00
Nicky Lopez,TEX,IF,RBIs,1.5,demon,pre_game,2026-08-08T19:15:00.000-04:00
Leody Taveras,BAL,OF,Hits,1.5,demon,pre_game,2026-08-08T19:15:00.000-04:00
Dylan Beavers,BAL,OF,RBIs,1.5,demon,pre_game,2026-08-08T19:15:00.000-04:00
Pete Alonso,BAL,IF,Total Bases,1.5,demon,pre_game,2026-08-08T19:15:00.000-04:00
Nicky Lopez,TEX,IF,Total Bases,1.5,demon,pre_game,2026-08-08T19:15:00.000-04:00
Jackson Holliday,BAL,IF,RBIs,1.5,demon,pre_game,2026-08-08T19:15:00.000-04:00
Jacob deGrom,TEX,P,Walks Allowed,1.5,goblin,pre_game,2026-08-08T19:15:00.000-04:00
Kyle Bradish,BAL,P,Walks Allowed,1.5,goblin,pre_game,2026-08-08T19:15:00.000-04:00
Pete Alonso,BAL,IF,Hits+Runs+RBIs,1.5,standard,pre_game,2026-08-08T19:15:00.000-04:00
Wyatt Langford,TEX,OF,Hits+Runs+RBIs,1.5,standard,pre_game,2026-08-08T19:15:00.000-04:00
Joc Pederson,TEX,DH,Hits+Runs+RBIs,1.5,standard,pre_game,2026-08-08T19:15:00.000-04:00
Jake Burger,TEX,IF,Hits+Runs+RBIs,1.5,demon,pre_game,2026-08-08T19:15:00.000-04:00
Corey Seager,TEX,IF,Hits+Runs+RBIs,1.5,standard,pre_game,2026-08-08T19:15:00.000-04:00
Brandon Nimmo,TEX,OF,Hits+Runs+RBIs,1.5,standard,pre_game,2026-08-08T19:15:00.000-04:00
Gunnar Henderson,BAL,IF,Hits+Runs+RBIs,1.5,standard,pre_game,2026-08-08T19:15:00.000-04:00
Jacob deGrom,TEX,P,Earned Runs Allowed,1.5,goblin,pre_game,2026-08-08T19:15:00.000-04:00
Nicky Lopez,TEX,IF,Hitter Strikeouts,1.5,demon,pre_game,2026-08-08T19:15:00.000-04:00
Brandon Nimmo,TEX,OF,Singles,1.5,demon,pre_game,2026-08-08T19:15:00.000-04:00
Ezequiel Duran,TEX,IF,Hitter Strikeouts,1.5,demon,pre_game,2026-08-08T19:15:00.000-04:00
Corey Seager,TEX,IF,Hitter Strikeouts,1.5,demon,pre_game,2026-08-08T19:15:00.000-04:00
Evan Carter,TEX,OF,Hitter Strikeouts,1.5,demon,pre_game,2026-08-08T19:15:00.000-04:00
Wyatt Langford,TEX,OF,Hitter Strikeouts,1.5,demon,pre_game,2026-08-08T19:15:00.000-04:00
Christian Encarnacion-Strand,BAL,IF,Hitter Strikeouts,1.5,demon,pre_game,2026-08-08T19:15:00.000-04:00
Brandon Nimmo,TEX,OF,Hitter Strikeouts,1.5,demon,pre_game,2026-08-08T19:15:00.000-04:00
Joc Pederson,TEX,DH,Hitter Strikeouts,1.5,demon,pre_game,2026-08-08T19:15:00.000-04:00
Elias Díaz,TEX,C,Hitter Strikeouts,1.5,demon,pre_game,2026-08-08T19:15:00.000-04:00
Colton Cowser,BAL,OF,Hitter Strikeouts,1.5,demon,pre_game,2026-08-08T19:15:00.000-04:00
Jackson Holliday,BAL,IF,Hitter Strikeouts,1.5,demon,pre_game,2026-08-08T19:15:00.000-04:00
Coby Mayo,BAL,IF,Hitter Strikeouts,1.5,demon,pre_game,2026-08-08T19:15:00.000-04:00
Leody Taveras,BAL,OF,Hitter Strikeouts,1.5,demon,pre_game,2026-08-08T19:15:00.000-04:00
Dylan Beavers,BAL,OF,Hitter Strikeouts,1.5,demon,pre_game,2026-08-08T19:15:00.000-04:00
Carlos Narváez,BAL,C,Hitter Strikeouts,1.5,demon,pre_game,2026-08-08T19:15:00.000-04:00
Gunnar Henderson,BAL,IF,Hitter Strikeouts,1.5,demon,pre_game,2026-08-08T19:15:00.000-04:00
Pete Alonso,BAL,IF,Hitter Strikeouts,1.5,demon,pre_game,2026-08-08T19:15:00.000-04:00
Kyle Bradish,BAL,P,Earned Runs Allowed,1.5,goblin,pre_game,2026-08-08T19:15:00.000-04:00
Jake Burger,TEX,IF,Hitter Strikeouts,1.5,demon,pre_game,2026-08-08T19:15:00.000-04:00
Evan Carter,TEX,OF,RBIs,1.5,demon,pre_game,2026-08-08T19:15:00.000-04:00
Elias Díaz,TEX,C,Runs,1.5,demon,pre_game,2026-08-08T19:15:00.000-04:00
Evan Carter,TEX,OF,Runs,0.5,demon,pre_game,2026-08-08T19:15:00.000-04:00
Gunnar Henderson,BAL,IF,Runs,0.5,demon,pre_game,2026-08-08T19:15:00.000-04:00
Leody Taveras,BAL,OF,Runs,0.5,demon,pre_game,2026-08-08T19:15:00.000-04:00
Elias Díaz,TEX,C,Runs,0.5,demon,pre_game,2026-08-08T19:15:00.000-04:00
Nicky Lopez,TEX,IF,Runs,0.5,demon,pre_game,2026-08-08T19:15:00.000-04:00
Jackson Holliday,BAL,IF,Runs,0.5,demon,pre_game,2026-08-08T19:15:00.000-04:00
Brandon Nimmo,TEX,OF,Runs,0.5,demon,pre_game,2026-08-08T19:15:00.000-04:00
Joc Pederson,TEX,DH,Hits+Runs+RBIs,0.5,goblin,pre_game,2026-08-08T19:15:00.000-04:00
Evan Carter,TEX,OF,Hits+Runs+RBIs,0.5,goblin,pre_game,2026-08-08T19:15:00.000-04:00
Colton Cowser,BAL,OF,Runs,0.5,demon,pre_game,2026-08-08T19:15:00.000-04:00
Carlos Narváez,BAL,C,Runs,0.5,demon,pre_game,2026-08-08T19:15:00.000-04:00
Gunnar Henderson,BAL,IF,Doubles,0.5,demon,pre_game,2026-08-08T19:15:00.000-04:00
Christian Encarnacion-Strand,BAL,IF,Hits+Runs+RBIs,0.5,goblin,pre_game,2026-08-08T19:15:00.000-04:00
Jake Burger,TEX,IF,Hits+Runs+RBIs,0.5,goblin,pre_game,2026-08-08T19:15:00.000-04:00
Brandon Nimmo,TEX,OF,Hits+Runs+RBIs,0.5,goblin,pre_game,2026-08-08T19:15:00.000-04:00
Jackson Holliday,BAL,IF,Doubles,0.5,demon,pre_game,2026-08-08T19:15:00.000-04:00
Coby Mayo,BAL,IF,Runs,0.5,demon,pre_game,2026-08-08T19:15:00.000-04:00
Gunnar Henderson,BAL,IF,Hits+Runs+RBIs,0.5,goblin,pre_game,2026-08-08T19:15:00.000-04:00
Leody Taveras,BAL,OF,Singles,0.5,demon,pre_game,2026-08-08T19:15:00.000-04:00
Jackson Holliday,BAL,IF,Singles,0.5,demon,pre_game,2026-08-08T19:15:00.000-04:00
Jake Burger,TEX,IF,Runs,0.5,demon,pre_game,2026-08-08T19:15:00.000-04:00
Ezequiel Duran,TEX,IF,Runs,0.5,demon,pre_game,2026-08-08T19:15:00.000-04:00
Christian Encarnacion-Strand,BAL,IF,Singles,0.5,demon,pre_game,2026-08-08T19:15:00.000-04:00
Wyatt Langford,TEX,OF,Home Runs,0.5,demon,pre_game,2026-08-08T19:15:00.000-04:00
Colton Cowser,BAL,OF,Doubles,0.5,demon,pre_game,2026-08-08T19:15:00.000-04:00
Joc Pederson,TEX,DH,Hits,0.5,goblin,pre_game,2026-08-08T19:15:00.000-04:00
Carlos Narváez,BAL,C,Singles,0.5,demon,pre_game,2026-08-08T19:15:00.000-04:00
Dylan Beavers,BAL,OF,Hits+Runs+RBIs,0.5,goblin,pre_game,2026-08-08T19:15:00.000-04:00
Leody Taveras,BAL,OF,Doubles,0.5,demon,pre_game,2026-08-08T19:15:00.000-04:00
Ezequiel Duran,TEX,IF,Hits+Runs+RBIs,0.5,goblin,pre_game,2026-08-08T19:15:00.000-04:00
Nicky Lopez,TEX,IF,Hits+Runs+RBIs,0.5,goblin,pre_game,2026-08-08T19:15:00.000-04:00
Elias Díaz,TEX,C,Home Runs,0.5,demon,pre_game,2026-08-08T19:15:00.000-04:00
Christian Encarnacion-Strand,BAL,IF,Doubles,0.5,demon,pre_game,2026-08-08T19:15:00.000-04:00
Wyatt Langford,TEX,OF,Hits+Runs+RBIs,0.5,goblin,pre_game,2026-08-08T19:15:00.000-04:00
Pete Alonso,BAL,IF,Runs,0.5,demon,pre_game,2026-08-08T19:15:00.000-04:00
Brandon Nimmo,TEX,OF,Home Runs,0.5,demon,pre_game,2026-08-08T19:15:00.000-04:00
Dylan Beavers,BAL,OF,Runs,0.5,demon,pre_game,2026-08-08T19:15:00.000-04:00
Leody Taveras,BAL,OF,Hits+Runs+RBIs,0.5,goblin,pre_game,2026-08-08T19:15:00.000-04:00
Joc Pederson,TEX,DH,Home Runs,0.5,demon,pre_game,2026-08-08T19:15:00.000-04:00
Corey Seager,TEX,IF,Hits+Runs+RBIs,0.5,goblin,pre_game,2026-08-08T19:15:00.000-04:00
Pete Alonso,BAL,IF,Doubles,0.5,demon,pre_game,2026-08-08T19:15:00.000-04:00
Christian Encarnacion-Strand,BAL,IF,Runs,0.5,demon,pre_game,2026-08-08T19:15:00.000-04:00
Coby Mayo,BAL,IF,Hits+Runs+RBIs,0.5,goblin,pre_game,2026-08-08T19:15:00.000-04:00
Joc Pederson,TEX,DH,RBIs,0.5,demon,pre_game,2026-08-08T19:15:00.000-04:00
Ezequiel Duran,TEX,IF,Home Runs,0.5,demon,pre_game,2026-08-08T19:15:00.000-04:00
Jake Burger,TEX,IF,RBIs,0.5,demon,pre_game,2026-08-08T19:15:00.000-04:00
Elias Díaz,TEX,C,Hits+Runs+RBIs,0.5,goblin,pre_game,2026-08-08T19:15:00.000-04:00
Dylan Beavers,BAL,OF,Doubles,0.5,demon,pre_game,2026-08-08T19:15:00.000-04:00
Leody Taveras,BAL,OF,Home Runs,0.5,demon,pre_game,2026-08-08T19:15:00.000-04:00
Jake Burger,TEX,IF,Home Runs,0.5,demon,pre_game,2026-08-08T19:15:00.000-04:00
Corey Seager,TEX,IF,Home Runs,0.5,demon,pre_game,2026-08-08T19:15:00.000-04:00
Evan Carter,TEX,OF,Hits,0.5,goblin,pre_game,2026-08-08T19:15:00.000-04:00
Nicky Lopez,TEX,IF,Doubles,0.5,demon,pre_game,2026-08-08T19:15:00.000-04:00
Gunnar Henderson,BAL,IF,Home Runs,0.5,demon,pre_game,2026-08-08T19:15:00.000-04:00
Carlos Narváez,BAL,C,Home Runs,0.5,demon,pre_game,2026-08-08T19:15:00.000-04:00
Jake Burger,TEX,IF,Singles,0.5,demon,pre_game,2026-08-08T19:15:00.000-04:00
Joc Pederson,TEX,DH,Doubles,0.5,demon,pre_game,2026-08-08T19:15:00.000-04:00
Jackson Holliday,BAL,IF,Home Runs,0.5,demon,pre_game,2026-08-08T19:15:00.000-04:00
Evan Carter,TEX,OF,Doubles,0.5,demon,pre_game,2026-08-08T19:15:00.000-04:00
Wyatt Langford,TEX,OF,Singles,0.5,demon,pre_game,2026-08-08T19:15:00.000-04:00
Jackson Holliday,BAL,IF,Hits+Runs+RBIs,0.5,goblin,pre_game,2026-08-08T19:15:00.000-04:00
Pete Alonso,BAL,IF,Hits,0.5,goblin,pre_game,2026-08-08T19:15:00.000-04:00
Elias Díaz,TEX,C,RBIs,0.5,demon,pre_game,2026-08-08T19:15:00.000-04:00
Carlos Narváez,BAL,C,Doubles,0.5,demon,pre_game,2026-08-08T19:15:00.000-04:00
Wyatt Langford,TEX,OF,Hits,0.5,goblin,pre_game,2026-08-08T19:15:00.000-04:00
Evan Carter,TEX,OF,RBIs,0.5,demon,pre_game,2026-08-08T19:15:00.000-04:00
Corey Seager,TEX,IF,Singles,0.5,demon,pre_game,2026-08-08T19:15:00.000-04:00
Brandon Nimmo,TEX,OF,Doubles,0.5,demon,pre_game,2026-08-08T19:15:00.000-04:00
Coby Mayo,BAL,IF,Home Runs,0.5,demon,pre_game,2026-08-08T19:15:00.000-04:00
Pete Alonso,BAL,IF,Hits+Runs+RBIs,0.5,goblin,pre_game,2026-08-08T19:15:00.000-04:00
Wyatt Langford,TEX,OF,RBIs,0.5,demon,pre_game,2026-08-08T19:15:00.000-04:00
Ezequiel Duran,TEX,IF,Doubles,0.5,demon,pre_game,2026-08-08T19:15:00.000-04:00
Coby Mayo,BAL,IF,Singles,0.5,demon,pre_game,2026-08-08T19:15:00.000-04:00
Christian Encarnacion-Strand,BAL,IF,Home Runs,0.5,demon,pre_game,2026-08-08T19:15:00.000-04:00
Brandon Nimmo,TEX,OF,Hits,0.5,goblin,pre_game,2026-08-08T19:15:00.000-04:00
Gunnar Henderson,BAL,IF,Hits,0.5,goblin,pre_game,2026-08-08T19:15:00.000-04:00
Colton Cowser,BAL,OF,Home Runs,0.5,demon,pre_game,2026-08-08T19:15:00.000-04:00
Ezequiel Duran,TEX,IF,Hits,0.5,goblin,pre_game,2026-08-08T19:15:00.000-04:00
Coby Mayo,BAL,IF,Doubles,0.5,demon,pre_game,2026-08-08T19:15:00.000-04:00
Colton Cowser,BAL,OF,Singles,0.5,demon,pre_game,2026-08-08T19:15:00.000-04:00
Wyatt Langford,TEX,OF,Doubles,0.5,demon,pre_game,2026-08-08T19:15:00.000-04:00
Christian Encarnacion-Strand,BAL,IF,Hits,0.5,goblin,pre_game,2026-08-08T19:15:00.000-04:00
Joc Pederson,TEX,DH,Singles,0.5,demon,pre_game,2026-08-08T19:15:00.000-04:00
Pete Alonso,BAL,IF,Singles,0.5,demon,pre_game,2026-08-08T19:15:00.000-04:00
Nicky Lopez,TEX,IF,Singles,0.5,demon,pre_game,2026-08-08T19:15:00.000-04:00
Dylan Beavers,BAL,OF,Singles,0.5,demon,pre_game,2026-08-08T19:15:00.000-04:00
Evan Carter,TEX,OF,Singles,0.5,demon,pre_game,2026-08-08T19:15:00.000-04:00
Corey Seager,TEX,IF,RBIs,0.5,demon,pre_game,2026-08-08T19:15:00.000-04:00
Elias Díaz,TEX,C,Doubles,0.5,demon,pre_game,2026-08-08T19:15:00.000-04:00
Corey Seager,TEX,IF,Doubles,0.5,demon,pre_game,2026-08-08T19:15:00.000-04:00
Jake Burger,TEX,IF,Doubles,0.5,demon,pre_game,2026-08-08T19:15:00.000-04:00
Coby Mayo,BAL,IF,RBIs,0.5,demon,pre_game,2026-08-08T19:15:00.000-04:00
Leody Taveras,BAL,OF,RBIs,0.5,demon,pre_game,2026-08-08T19:15:00.000-04:00
Corey Seager,TEX,IF,Hits,0.5,goblin,pre_game,2026-08-08T19:15:00.000-04:00
Jackson Holliday,BAL,IF,Hits,0.5,goblin,pre_game,2026-08-08T19:15:00.000-04:00
Jake Burger,TEX,IF,Hits,0.5,goblin,pre_game,2026-08-08T19:15:00.000-04:00
Colton Cowser,BAL,OF,RBIs,0.5,demon,pre_game,2026-08-08T19:15:00.000-04:00
Pete Alonso,BAL,IF,Home Runs,0.5,demon,pre_game,2026-08-08T19:15:00.000-04:00
Dylan Beavers,BAL,OF,Hits,0.5,goblin,pre_game,2026-08-08T19:15:00.000-04:00
Carlos Narváez,BAL,C,RBIs,0.5,demon,pre_game,2026-08-08T19:15:00.000-04:00
Dylan Beavers,BAL,OF,Home Runs,0.5,demon,pre_game,2026-08-08T19:15:00.000-04:00
Ezequiel Duran,TEX,IF,RBIs,0.5,demon,pre_game,2026-08-08T19:15:00.000-04:00
Elias Díaz,TEX,C,Singles,0.5,demon,pre_game,2026-08-08T19:15:00.000-04:00
Nicky Lopez,TEX,IF,RBIs,0.5,demon,pre_game,2026-08-08T19:15:00.000-04:00
Brandon Nimmo,TEX,OF,RBIs,0.5,demon,pre_game,2026-08-08T19:15:00.000-04:00
Christian Encarnacion-Strand,BAL,IF,RBIs,0.5,demon,pre_game,2026-08-08T19:15:00.000-04:00
Pete Alonso,BAL,IF,RBIs,0.5,demon,pre_game,2026-08-08T19:15:00.000-04:00
Dylan Beavers,BAL,OF,RBIs,0.5,demon,pre_game,2026-08-08T19:15:00.000-04:00
Jackson Holliday,BAL,IF,RBIs,0.5,demon,pre_game,2026-08-08T19:15:00.000-04:00
Evan Carter,TEX,OF,Home Runs,0.5,demon,pre_game,2026-08-08T19:15:00.000-04:00
Gunnar Henderson,BAL,IF,RBIs,0.5,demon,pre_game,2026-08-08T19:15:00.000-04:00
Dylan Beavers,BAL,OF,Walks,0.5,demon,pre_game,2026-08-08T19:15:00.000-04:00
Leody Taveras,BAL,OF,Stolen Bases,0.5,demon,pre_game,2026-08-08T19:15:00.000-04:00
Nicky Lopez,TEX,IF,Walks,0.5,demon,pre_game,2026-08-08T19:15:00.000-04:00
Brandon Nimmo,TEX,OF,Walks,0.5,demon,pre_game,2026-08-08T19:15:00.000-04:00
Joc Pederson,TEX,DH,Walks,0.5,demon,pre_game,2026-08-08T19:15:00.000-04:00
Brandon Nimmo,TEX,OF,Stolen Bases,0.5,demon,pre_game,2026-08-08T19:15:00.000-04:00
Evan Carter,TEX,OF,Stolen Bases,0.5,demon,pre_game,2026-08-08T19:15:00.000-04:00
Corey Seager,TEX,IF,Walks,0.5,demon,pre_game,2026-08-08T19:15:00.000-04:00
Gunnar Henderson,BAL,IF,Stolen Bases,0.5,demon,pre_game,2026-08-08T19:15:00.000-04:00
Coby Mayo,BAL,IF,Walks,0.5,demon,pre_game,2026-08-08T19:15:00.000-04:00
Ezequiel Duran,TEX,IF,Walks,0.5,demon,pre_game,2026-08-08T19:15:00.000-04:00
Jackson Holliday,BAL,IF,Stolen Bases,0.5,demon,pre_game,2026-08-08T19:15:00.000-04:00
Wyatt Langford,TEX,OF,Walks,0.5,demon,pre_game,2026-08-08T19:15:00.000-04:00
Jackson Holliday,BAL,IF,Walks,0.5,demon,pre_game,2026-08-08T19:15:00.000-04:00
Dylan Beavers,BAL,OF,Stolen Bases,0.5,demon,pre_game,2026-08-08T19:15:00.000-04:00
Wyatt Langford,TEX,OF,Runs,0.5,demon,pre_game,2026-08-08T19:15:00.000-04:00
Colton Cowser,BAL,OF,Stolen Bases,0.5,demon,pre_game,2026-08-08T19:15:00.000-04:00
Elias Díaz,TEX,C,Walks,0.5,demon,pre_game,2026-08-08T19:15:00.000-04:00
Carlos Narváez,BAL,C,Hits,0.5,demon,pre_game,2026-08-08T19:15:00.000-04:00
Wyatt Langford,TEX,OF,Stolen Bases,0.5,demon,pre_game,2026-08-08T19:15:00.000-04:00
Evan Carter,TEX,OF,Walks,0.5,demon,pre_game,2026-08-08T19:15:00.000-04:00
Pete Alonso,BAL,IF,Walks,0.5,demon,pre_game,2026-08-08T19:15:00.000-04:00
Leody Taveras,BAL,OF,Walks,0.5,demon,pre_game,2026-08-08T19:15:00.000-04:00
Ezequiel Duran,TEX,IF,Stolen Bases,0.5,demon,pre_game,2026-08-08T19:15:00.000-04:00
Carlos Narváez,BAL,C,Total Bases,0.5,demon,pre_game,2026-08-08T19:15:00.000-04:00
Coby Mayo,BAL,IF,Hits,0.5,standard,pre_game,2026-08-08T19:15:00.000-04:00
Joc Pederson,TEX,DH,Runs,0.5,demon,pre_game,2026-08-08T19:15:00.000-04:00
Ezequiel Duran,TEX,IF,Total Bases,0.5,goblin,pre_game,2026-08-08T19:15:00.000-04:00
Leody Taveras,BAL,OF,Hits,0.5,standard,pre_game,2026-08-08T19:15:00.000-04:00
Corey Seager,TEX,IF,Runs,0.5,demon,pre_game,2026-08-08T19:15:00.000-04:00
Jackson Holliday,BAL,IF,Total Bases,0.5,goblin,pre_game,2026-08-08T19:15:00.000-04:00
Colton Cowser,BAL,OF,Hits,0.5,demon,pre_game,2026-08-08T19:15:00.000-04:00
Colton Cowser,BAL,OF,Walks,0.5,demon,pre_game,2026-08-08T19:15:00.000-04:00
Gunnar Henderson,BAL,IF,Walks,0.5,demon,pre_game,2026-08-08T19:15:00.000-04:00
Coby Mayo,BAL,IF,Total Bases,0.5,standard,pre_game,2026-08-08T19:15:00.000-04:00
Wyatt Langford,TEX,OF,Total Bases,0.5,goblin,pre_game,2026-08-08T19:15:00.000-04:00
Carlos Narváez,BAL,C,Hits+Runs+RBIs,0.5,standard,pre_game,2026-08-08T19:15:00.000-04:00
Nicky Lopez,TEX,IF,Total Bases,0.5,standard,pre_game,2026-08-08T19:15:00.000-04:00
Nicky Lopez,TEX,IF,Hits,0.5,standard,pre_game,2026-08-08T19:15:00.000-04:00
Leody Taveras,BAL,OF,Total Bases,0.5,standard,pre_game,2026-08-08T19:15:00.000-04:00
Jake Burger,TEX,IF,Total Bases,0.5,goblin,pre_game,2026-08-08T19:15:00.000-04:00
Colton Cowser,BAL,OF,Hits+Runs+RBIs,0.5,standard,pre_game,2026-08-08T19:15:00.000-04:00
Elias Díaz,TEX,C,Total Bases,0.5,standard,pre_game,2026-08-08T19:15:00.000-04:00
Elias Díaz,TEX,C,Hits,0.5,standard,pre_game,2026-08-08T19:15:00.000-04:00
Colton Cowser,BAL,OF,Total Bases,0.5,demon,pre_game,2026-08-08T19:15:00.000-04:00
Joc Pederson,TEX,DH,Total Bases,0.5,goblin,pre_game,2026-08-08T19:15:00.000-04:00
Jake Burger,TEX,IF,Walks,0.5,demon,pre_game,2026-08-08T19:15:00.000-04:00
Jacob deGrom,TEX,P,Earned Runs Allowed,0.5,goblin,pre_game,2026-08-08T19:15:00.000-04:00
Pete Alonso,BAL,IF,Stolen Bases,0.5,demon,pre_game,2026-08-08T19:15:00.000-04:00
Coby Mayo,BAL,IF,Stolen Bases,0.5,demon,pre_game,2026-08-08T19:15:00.000-04:00
Corey Seager,TEX,IF,Total Bases,0.5,goblin,pre_game,2026-08-08T19:15:00.000-04:00
Colton Cowser,BAL,OF,Hitter Strikeouts,0.5,goblin,pre_game,2026-08-08T19:15:00.000-04:00
Corey Seager,TEX,IF,Stolen Bases,0.5,demon,pre_game,2026-08-08T19:15:00.000-04:00
Kyle Bradish,BAL,P,Earned Runs Allowed,0.5,goblin,pre_game,2026-08-08T19:15:00.000-04:00
Jacob deGrom,TEX,P,Walks Allowed,0.5,goblin,pre_game,2026-08-08T19:15:00.000-04:00
Gunnar Henderson,BAL,IF,Singles,0.5,demon,pre_game,2026-08-08T19:15:00.000-04:00
Joc Pederson,TEX,DH,Stolen Bases,0.5,demon,pre_game,2026-08-08T19:15:00.000-04:00
Nicky Lopez,TEX,IF,Stolen Bases,0.5,demon,pre_game,2026-08-08T19:15:00.000-04:00
Ezequiel Duran,TEX,IF,Singles,0.5,demon,pre_game,2026-08-08T19:15:00.000-04:00
Brandon Nimmo,TEX,OF,Total Bases,0.5,goblin,pre_game,2026-08-08T19:15:00.000-04:00
Gunnar Henderson,BAL,IF,Hitter Strikeouts,0.5,goblin,pre_game,2026-08-08T19:15:00.000-04:00
Brandon Nimmo,TEX,OF,Singles,0.5,standard,pre_game,2026-08-08T19:15:00.000-04:00
Jake Burger,TEX,IF,Hitter Strikeouts,0.5,goblin,pre_game,2026-08-08T19:15:00.000-04:00
Leody Taveras,BAL,OF,Hitter Strikeouts,0.5,goblin,pre_game,2026-08-08T19:15:00.000-04:00
Dylan Beavers,BAL,OF,Hitter Strikeouts,0.5,goblin,pre_game,2026-08-08T19:15:00.000-04:00
Jackson Holliday,BAL,IF,Hitter Strikeouts,0.5,goblin,pre_game,2026-08-08T19:15:00.000-04:00
Christian Encarnacion-Strand,BAL,IF,Total Bases,0.5,goblin,pre_game,2026-08-08T19:15:00.000-04:00
Carlos Narváez,BAL,C,Hitter Strikeouts,0.5,goblin,pre_game,2026-08-08T19:15:00.000-04:00
Coby Mayo,BAL,IF,Hitter Strikeouts,0.5,goblin,pre_game,2026-08-08T19:15:00.000-04:00
Pete Alonso,BAL,IF,Hitter Strikeouts,0.5,goblin,pre_game,2026-08-08T19:15:00.000-04:00
Pete Alonso,BAL,IF,Total Bases,0.5,goblin,pre_game,2026-08-08T19:15:00.000-04:00
Gunnar Henderson,BAL,IF,Total Bases,0.5,goblin,pre_game,2026-08-08T19:15:00.000-04:00
Kyle Bradish + Jacob deGrom,BAL/TEX,P,1st Inning Runs Allowed,0.5,standard,pre_game,2026-08-08T19:15:00.000-04:00
Kyle Bradish + Jacob deGrom,BAL/TEX,P,1st Inning Walks Allowed,0.5,standard,pre_game,2026-08-08T19:15:00.000-04:00
Jake Burger,TEX,IF,Stolen Bases,0.5,demon,pre_game,2026-08-08T19:15:00.000-04:00
Nicky Lopez,TEX,IF,Home Runs,0.5,demon,pre_game,2026-08-08T19:15:00.000-04:00
Dylan Beavers,BAL,OF,Total Bases,0.5,goblin,pre_game,2026-08-08T19:15:00.000-04:00
Christian Encarnacion-Strand,BAL,IF,Walks,0.5,demon,pre_game,2026-08-08T19:15:00.000-04:00
Carlos Narváez,BAL,C,Walks,0.5,demon,pre_game,2026-08-08T19:15:00.000-04:00
Christian Encarnacion-Strand,BAL,IF,Hitter Strikeouts,0.5,goblin,pre_game,2026-08-08T19:15:00.000-04:00
Wyatt Langford,TEX,OF,Hitter Strikeouts,0.5,goblin,pre_game,2026-08-08T19:15:00.000-04:00
Corey Seager,TEX,IF,Hitter Strikeouts,0.5,goblin,pre_game,2026-08-08T19:15:00.000-04:00
Ezequiel Duran,TEX,IF,Hitter Strikeouts,0.5,goblin,pre_game,2026-08-08T19:15:00.000-04:00
Nicky Lopez,TEX,IF,Hitter Strikeouts,0.5,demon,pre_game,2026-08-08T19:15:00.000-04:00
Joc Pederson,TEX,DH,Hitter Strikeouts,0.5,goblin,pre_game,2026-08-08T19:15:00.000-04:00
Evan Carter,TEX,OF,Hitter Strikeouts,0.5,goblin,pre_game,2026-08-08T19:15:00.000-04:00
Brandon Nimmo,TEX,OF,Hitter Strikeouts,0.5,goblin,pre_game,2026-08-08T19:15:00.000-04:00
Elias Díaz,TEX,C,Hitter Strikeouts,0.5,goblin,pre_game,2026-08-08T19:15:00.000-04:00
Evan Carter,TEX,OF,Total Bases,0.5,goblin,pre_game,2026-08-08T19:15:00.000-04:00
Yoshi Yamamoto,LAD,P,Pitches Thrown,105.5,demon,pre_game,2026-08-08T20:10:00.000-04:00
Yoshi Yamamoto,LAD,P,Pitches Thrown,98.5,standard,pre_game,2026-08-08T20:10:00.000-04:00
Brandon Pfaadt,AZ,P,Pitches Thrown,96.5,demon,pre_game,2026-08-08T20:10:00.000-04:00
Yoshi Yamamoto,LAD,P,Pitches Thrown,93.5,goblin,pre_game,2026-08-08T20:10:00.000-04:00
Brandon Pfaadt,AZ,P,Pitches Thrown,90.5,standard,pre_game,2026-08-08T20:10:00.000-04:00
Brandon Pfaadt,AZ,P,Pitches Thrown,84.5,goblin,pre_game,2026-08-08T20:10:00.000-04:00
Yoshi Yamamoto,LAD,P,Pitcher Fantasy Score,43.5,demon,pre_game,2026-08-08T20:10:00.000-04:00
Yoshi Yamamoto,LAD,P,Pitcher Fantasy Score,35.5,standard,pre_game,2026-08-08T20:10:00.000-04:00
Brandon Pfaadt,AZ,P,Pitcher Fantasy Score,28.5,demon,pre_game,2026-08-08T20:10:00.000-04:00
Yoshi Yamamoto,LAD,P,Pitcher Fantasy Score,27.5,goblin,pre_game,2026-08-08T20:10:00.000-04:00
Yoshi Yamamoto,LAD,P,Batters Faced,25.5,standard,pre_game,2026-08-08T20:10:00.000-04:00
Brandon Pfaadt,AZ,P,Batters Faced,24.5,demon,pre_game,2026-08-08T20:10:00.000-04:00
Brandon Pfaadt,AZ,P,Pitcher Fantasy Score,21.5,standard,pre_game,2026-08-08T20:10:00.000-04:00
Shohei Ohtani,LAD,P,Pitches Seen,20.5,standard,pre_game,2026-08-08T20:10:00.000-04:00
Max Muncy,LAD,IF,Pitches Seen,18.5,standard,pre_game,2026-08-08T20:10:00.000-04:00
Corbin Carroll,AZ,OF,Pitches Seen,17.5,standard,pre_game,2026-08-08T20:10:00.000-04:00
Freddie Freeman,LAD,IF,Pitches Seen,17.5,standard,pre_game,2026-08-08T20:10:00.000-04:00
Andy Pages,LAD,OF,Pitches Seen,16.5,standard,pre_game,2026-08-08T20:10:00.000-04:00
Geraldo Perdomo,AZ,IF,Pitches Seen,16.5,standard,pre_game,2026-08-08T20:10:00.000-04:00
Gabriel Moreno,AZ,C,Pitches Seen,15.5,goblin,pre_game,2026-08-08T20:10:00.000-04:00
Ketel Marte,AZ,IF,Pitches Seen,15.5,standard,pre_game,2026-08-08T20:10:00.000-04:00
Shohei Ohtani,LAD,P,Hitter Fantasy Score,14.5,demon,pre_game,2026-08-08T20:10:00.000-04:00
Brandon Pfaadt,AZ,P,Pitcher Fantasy Score,13.5,goblin,pre_game,2026-08-08T20:10:00.000-04:00
Andy Pages,LAD,OF,Hitter Fantasy Score,11.5,demon,pre_game,2026-08-08T20:10:00.000-04:00
Max Muncy,LAD,IF,Hitter Fantasy Score,11.5,demon,pre_game,2026-08-08T20:10:00.000-04:00
Kyle Tucker,LAD,OF,Hitter Fantasy Score,11.5,demon,pre_game,2026-08-08T20:10:00.000-04:00
Freddie Freeman,LAD,IF,Hitter Fantasy Score,10.5,demon,pre_game,2026-08-08T20:10:00.000-04:00
Mookie Betts,LAD,IF,Hitter Fantasy Score,10.5,demon,pre_game,2026-08-08T20:10:00.000-04:00
Corbin Carroll,AZ,OF,Hitter Fantasy Score,10.5,demon,pre_game,2026-08-08T20:10:00.000-04:00
Tommy Edman,LAD,IF,Hitter Fantasy Score,9.5,demon,pre_game,2026-08-08T20:10:00.000-04:00
Teoscar Hernández,LAD,OF,Hitter Fantasy Score,9.5,demon,pre_game,2026-08-08T20:10:00.000-04:00
Shohei Ohtani,LAD,P,Hitter Fantasy Score,8.5,standard,pre_game,2026-08-08T20:10:00.000-04:00
Ketel Marte,AZ,IF,Hitter Fantasy Score,8.5,demon,pre_game,2026-08-08T20:10:00.000-04:00
Gabriel Moreno,AZ,C,Hitter Fantasy Score,8.5,demon,pre_game,2026-08-08T20:10:00.000-04:00
Geraldo Perdomo,AZ,IF,Hitter Fantasy Score,8.5,demon,pre_game,2026-08-08T20:10:00.000-04:00
Max Kepler,AZ,OF,Hitter Fantasy Score,7.5,demon,pre_game,2026-08-08T20:10:00.000-04:00
Lars Nootbaar,AZ,OF,Hitter Fantasy Score,7.5,demon,pre_game,2026-08-08T20:10:00.000-04:00
Ben Rortvedt,LAD,C,Hitter Fantasy Score,6.5,demon,pre_game,2026-08-08T20:10:00.000-04:00
Freddie Freeman,LAD,IF,Hitter Fantasy Score,6.5,standard,pre_game,2026-08-08T20:10:00.000-04:00
James McCann,AZ,C,Hitter Fantasy Score,6.5,demon,pre_game,2026-08-08T20:10:00.000-04:00
Mookie Betts,LAD,IF,Hitter Fantasy Score,6.5,standard,pre_game,2026-08-08T20:10:00.000-04:00
Tim Tawa,AZ,OF,Hitter Fantasy Score,6.5,demon,pre_game,2026-08-08T20:10:00.000-04:00
Andy Pages,LAD,OF,Hitter Fantasy Score,6.5,standard,pre_game,2026-08-08T20:10:00.000-04:00
Max Muncy,LAD,IF,Hitter Fantasy Score,6.5,standard,pre_game,2026-08-08T20:10:00.000-04:00
Nolan Arenado,AZ,IF,Hitter Fantasy Score,6.5,demon,pre_game,2026-08-08T20:10:00.000-04:00
Tommy Edman,LAD,IF,Hitter Fantasy Score,5.5,standard,pre_game,2026-08-08T20:10:00.000-04:00
Corbin Carroll,AZ,OF,Hitter Fantasy Score,5.5,standard,pre_game,2026-08-08T20:10:00.000-04:00
Kyle Tucker,LAD,OF,Hitter Fantasy Score,5.5,standard,pre_game,2026-08-08T20:10:00.000-04:00
Teoscar Hernández,LAD,OF,Hitter Fantasy Score,5.5,standard,pre_game,2026-08-08T20:10:00.000-04:00
Shohei Ohtani,LAD,P,Plate Appearances,5.5,demon,pre_game,2026-08-08T20:10:00.000-04:00
Ketel Marte,AZ,IF,Hitter Fantasy Score,5.0,standard,pre_game,2026-08-08T20:10:00.000-04:00
Gabriel Moreno,AZ,C,Hitter Fantasy Score,5.0,standard,pre_game,2026-08-08T20:10:00.000-04:00
Geraldo Perdomo,AZ,IF,Hitter Fantasy Score,5.0,standard,pre_game,2026-08-08T20:10:00.000-04:00
Shohei Ohtani,LAD,P,Hitter Fantasy Score,4.5,goblin,pre_game,2026-08-08T20:10:00.000-04:00
Corbin Carroll,AZ,OF,Plate Appearances,4.5,demon,pre_game,2026-08-08T20:10:00.000-04:00
Gabriel Moreno,AZ,C,Plate Appearances,4.5,demon,pre_game,2026-08-08T20:10:00.000-04:00
Andy Pages,LAD,OF,Plate Appearances,4.5,goblin,pre_game,2026-08-08T20:10:00.000-04:00
Max Muncy,LAD,IF,Plate Appearances,4.5,standard,pre_game,2026-08-08T20:10:00.000-04:00
Geraldo Perdomo,AZ,IF,Plate Appearances,4.5,demon,pre_game,2026-08-08T20:10:00.000-04:00
Ketel Marte,AZ,IF,Plate Appearances,4.5,demon,pre_game,2026-08-08T20:10:00.000-04:00
Freddie Freeman,LAD,IF,Plate Appearances,4.5,goblin,pre_game,2026-08-08T20:10:00.000-04:00
Lars Nootbaar,AZ,OF,Hitter Fantasy Score,4.0,standard,pre_game,2026-08-08T20:10:00.000-04:00
Ben Rortvedt,LAD,C,Hitter Fantasy Score,3.5,standard,pre_game,2026-08-08T20:10:00.000-04:00
Freddie Freeman,LAD,IF,Hitter Fantasy Score,3.5,goblin,pre_game,2026-08-08T20:10:00.000-04:00
Mookie Betts,LAD,IF,Hitter Fantasy Score,3.5,goblin,pre_game,2026-08-08T20:10:00.000-04:00
Tim Tawa,AZ,OF,Hitter Fantasy Score,3.5,standard,pre_game,2026-08-08T20:10:00.000-04:00
Andy Pages,LAD,OF,Hitter Fantasy Score,3.5,goblin,pre_game,2026-08-08T20:10:00.000-04:00
Max Muncy,LAD,IF,Hitter Fantasy Score,3.5,goblin,pre_game,2026-08-08T20:10:00.000-04:00
Kyle Tucker,LAD,OF,Hitter Fantasy Score,3.5,goblin,pre_game,2026-08-08T20:10:00.000-04:00
Nolan Arenado,AZ,IF,Hitter Fantasy Score,3.5,standard,pre_game,2026-08-08T20:10:00.000-04:00
Teoscar Hernández,LAD,OF,Hitter Fantasy Score,3.5,goblin,pre_game,2026-08-08T20:10:00.000-04:00
Max Kepler,AZ,OF,Hitter Fantasy Score,3.0,standard,pre_game,2026-08-08T20:10:00.000-04:00
James McCann,AZ,C,Hitter Fantasy Score,3.0,standard,pre_game,2026-08-08T20:10:00.000-04:00
Lars Nootbaar,AZ,OF,Hitter Fantasy Score,2.5,goblin,pre_game,2026-08-08T20:10:00.000-04:00
Tommy Edman,LAD,IF,Hitter Fantasy Score,2.5,goblin,pre_game,2026-08-08T20:10:00.000-04:00
Ketel Marte,AZ,IF,Hitter Fantasy Score,2.5,goblin,pre_game,2026-08-08T20:10:00.000-04:00
Gabriel Moreno,AZ,C,Hitter Fantasy Score,2.5,goblin,pre_game,2026-08-08T20:10:00.000-04:00
Geraldo Perdomo,AZ,IF,Hitter Fantasy Score,2.5,goblin,pre_game,2026-08-08T20:10:00.000-04:00
Corbin Carroll,AZ,OF,Hitter Fantasy Score,2.5,goblin,pre_game,2026-08-08T20:10:00.000-04:00
Max Kepler,AZ,OF,Hitter Fantasy Score,1.5,goblin,pre_game,2026-08-08T20:10:00.000-04:00
Ben Rortvedt,LAD,C,Hitter Fantasy Score,1.5,goblin,pre_game,2026-08-08T20:10:00.000-04:00
James McCann,AZ,C,Hitter Fantasy Score,1.5,goblin,pre_game,2026-08-08T20:10:00.000-04:00
Tim Tawa,AZ,OF,Hitter Fantasy Score,1.5,goblin,pre_game,2026-08-08T20:10:00.000-04:00
Nolan Arenado,AZ,IF,Hitter Fantasy Score,1.5,goblin,pre_game,2026-08-08T20:10:00.000-04:00
Yoshi Yamamoto,LAD,P,Pitching Outs,23.5,demon,pre_game,2026-08-08T20:10:00.000-04:00
Brandon Pfaadt,AZ,P,Pitching Outs,20.5,demon,pre_game,2026-08-08T20:10:00.000-04:00
Yoshi Yamamoto,LAD,P,Pitching Outs,18.5,demon,pre_game,2026-08-08T20:10:00.000-04:00
Brandon Pfaadt,AZ,P,Pitching Outs,17.5,demon,pre_game,2026-08-08T20:10:00.000-04:00
Yoshi Yamamoto,LAD,P,Pitching Outs,17.5,goblin,pre_game,2026-08-08T20:10:00.000-04:00
Brandon Pfaadt,AZ,P,Pitching Outs,16.5,standard,pre_game,2026-08-08T20:10:00.000-04:00
Brandon Pfaadt,AZ,P,Pitching Outs,14.5,goblin,pre_game,2026-08-08T20:10:00.000-04:00
Yoshinobu Yamamoto + Brandon Pfaadt,LAD/AZ,P,Pitcher Strikeouts (Combo),9.5,demon,pre_game,2026-08-08T20:10:00.000-04:00
Brandon Pfaadt,AZ,P,Hits Allowed,9.5,demon,pre_game,2026-08-08T20:10:00.000-04:00
Yoshi Yamamoto,LAD,P,Pitcher Strikeouts,9.5,demon,pre_game,2026-08-08T20:10:00.000-04:00
Yoshi Yamamoto,LAD,P,Pitcher Strikeouts,8.5,demon,pre_game,2026-08-08T20:10:00.000-04:00
Yoshi Yamamoto,LAD,P,Hits Allowed,8.5,demon,pre_game,2026-08-08T20:10:00.000-04:00
Yoshi Yamamoto,LAD,P,Pitcher Strikeouts,7.5,demon,pre_game,2026-08-08T20:10:00.000-04:00
Brandon Pfaadt,AZ,P,Pitcher Strikeouts,7.5,demon,pre_game,2026-08-08T20:10:00.000-04:00
Shohei Ohtani,LAD,P,Total Bases,7.5,demon,pre_game,2026-08-08T20:10:00.000-04:00
Shohei Ohtani,LAD,P,Hits+Runs+RBIs,7.5,demon,pre_game,2026-08-08T20:10:00.000-04:00
Brandon Pfaadt,AZ,P,Earned Runs Allowed,7.5,demon,pre_game,2026-08-08T20:10:00.000-04:00
Brandon Pfaadt,AZ,P,Hits Allowed,7.5,demon,pre_game,2026-08-08T20:10:00.000-04:00
Yoshi Yamamoto,LAD,P,Pitcher Strikeouts,6.5,demon,pre_game,2026-08-08T20:10:00.000-04:00
Brandon Pfaadt,AZ,P,Pitcher Strikeouts,6.5,demon,pre_game,2026-08-08T20:10:00.000-04:00
Freddie Freeman,LAD,IF,Hits+Runs+RBIs,6.5,demon,pre_game,2026-08-08T20:10:00.000-04:00
Max Muncy,LAD,IF,Hits+Runs+RBIs,6.5,demon,pre_game,2026-08-08T20:10:00.000-04:00
Andy Pages,LAD,OF,Hits+Runs+RBIs,6.5,demon,pre_game,2026-08-08T20:10:00.000-04:00
Brandon Pfaadt,AZ,P,Hits Allowed,6.5,demon,pre_game,2026-08-08T20:10:00.000-04:00
Yoshi Yamamoto,LAD,P,Hits Allowed,6.5,demon,pre_game,2026-08-08T20:10:00.000-04:00
Max Muncy,LAD,IF,Total Bases,6.5,demon,pre_game,2026-08-08T20:10:00.000-04:00
Mookie Betts,LAD,IF,Hits+Runs+RBIs,6.5,demon,pre_game,2026-08-08T20:10:00.000-04:00
Teoscar Hernández,LAD,OF,Hits+Runs+RBIs,6.5,demon,pre_game,2026-08-08T20:10:00.000-04:00
Kyle Tucker,LAD,OF,Hits+Runs+RBIs,6.5,demon,pre_game,2026-08-08T20:10:00.000-04:00
Brandon Pfaadt,AZ,P,Pitcher Strikeouts,5.5,demon,pre_game,2026-08-08T20:10:00.000-04:00
Mookie Betts,LAD,IF,Total Bases,5.5,demon,pre_game,2026-08-08T20:10:00.000-04:00
Gabriel Moreno,AZ,C,Total Bases,5.5,demon,pre_game,2026-08-08T20:10:00.000-04:00
Teoscar Hernández,LAD,OF,Total Bases,5.5,demon,pre_game,2026-08-08T20:10:00.000-04:00
Corbin Carroll,AZ,OF,Total Bases,5.5,demon,pre_game,2026-08-08T20:10:00.000-04:00
Brandon Pfaadt,AZ,P,Hits Allowed,5.5,goblin,pre_game,2026-08-08T20:10:00.000-04:00
Yoshi Yamamoto,LAD,P,Hits Allowed,5.5,demon,pre_game,2026-08-08T20:10:00.000-04:00
Freddie Freeman,LAD,IF,Total Bases,5.5,demon,pre_game,2026-08-08T20:10:00.000-04:00
Kyle Tucker,LAD,OF,Total Bases,5.5,demon,pre_game,2026-08-08T20:10:00.000-04:00
Andy Pages,LAD,OF,Total Bases,5.5,demon,pre_game,2026-08-08T20:10:00.000-04:00
Ketel Marte,AZ,IF,Total Bases,5.5,demon,pre_game,2026-08-08T20:10:00.000-04:00
Gabriel Moreno,AZ,C,Hits+Runs+RBIs,5.5,demon,pre_game,2026-08-08T20:10:00.000-04:00
Geraldo Perdomo,AZ,IF,Hits+Runs+RBIs,5.5,demon,pre_game,2026-08-08T20:10:00.000-04:00
Ketel Marte,AZ,IF,Hits+Runs+RBIs,5.5,demon,pre_game,2026-08-08T20:10:00.000-04:00
Corbin Carroll,AZ,OF,Hits+Runs+RBIs,5.5,demon,pre_game,2026-08-08T20:10:00.000-04:00
Tommy Edman,LAD,IF,Hits+Runs+RBIs,5.5,demon,pre_game,2026-08-08T20:10:00.000-04:00
Ben Rortvedt,LAD,C,Hits+Runs+RBIs,5.5,demon,pre_game,2026-08-08T20:10:00.000-04:00
Yoshi Yamamoto,LAD,P,Pitcher Strikeouts,5.5,standard,pre_game,2026-08-08T20:10:00.000-04:00
Lars Nootbaar,AZ,OF,Hits+Runs+RBIs,5.5,demon,pre_game,2026-08-08T20:10:00.000-04:00
Nolan Arenado,AZ,IF,Hits+Runs+RBIs,5.5,demon,pre_game,2026-08-08T20:10:00.000-04:00
Yoshi Yamamoto,LAD,P,Earned Runs Allowed,5.5,demon,pre_game,2026-08-08T20:10:00.000-04:00
Yoshi Yamamoto,LAD,P,Hits Allowed,5.0,standard,pre_game,2026-08-08T20:10:00.000-04:00
Brandon Pfaadt,AZ,P,Pitcher Strikeouts,4.5,demon,pre_game,2026-08-08T20:10:00.000-04:00
Yoshi Yamamoto,LAD,P,Pitcher Strikeouts,4.5,goblin,pre_game,2026-08-08T20:10:00.000-04:00
Lars Nootbaar,AZ,OF,Total Bases,4.5,demon,pre_game,2026-08-08T20:10:00.000-04:00
Tim Tawa,AZ,OF,Total Bases,4.5,demon,pre_game,2026-08-08T20:10:00.000-04:00
Nolan Arenado,AZ,IF,Total Bases,4.5,demon,pre_game,2026-08-08T20:10:00.000-04:00
Geraldo Perdomo,AZ,IF,Total Bases,4.5,demon,pre_game,2026-08-08T20:10:00.000-04:00
Tommy Edman,LAD,IF,Total Bases,4.5,demon,pre_game,2026-08-08T20:10:00.000-04:00
Shohei Ohtani,LAD,P,Total Bases,4.5,demon,pre_game,2026-08-08T20:10:00.000-04:00
Freddie Freeman,LAD,IF,Total Bases,4.5,demon,pre_game,2026-08-08T20:10:00.000-04:00
Ben Rortvedt,LAD,C,Total Bases,4.5,demon,pre_game,2026-08-08T20:10:00.000-04:00
Shohei Ohtani,LAD,P,Hits+Runs+RBIs,4.5,demon,pre_game,2026-08-08T20:10:00.000-04:00
Ketel Marte,AZ,IF,Hits+Runs+RBIs,4.5,demon,pre_game,2026-08-08T20:10:00.000-04:00
Teoscar Hernández,LAD,OF,Hits+Runs+RBIs,4.5,demon,pre_game,2026-08-08T20:10:00.000-04:00
Corbin Carroll,AZ,OF,Hits+Runs+RBIs,4.5,demon,pre_game,2026-08-08T20:10:00.000-04:00
Yoshi Yamamoto,LAD,P,Hits Allowed,4.5,goblin,pre_game,2026-08-08T20:10:00.000-04:00
Max Muncy,LAD,IF,Hits+Runs+RBIs,4.5,demon,pre_game,2026-08-08T20:10:00.000-04:00
Tommy Edman,LAD,IF,Hits+Runs+RBIs,4.5,demon,pre_game,2026-08-08T20:10:00.000-04:00
Freddie Freeman,LAD,IF,Hits+Runs+RBIs,4.5,demon,pre_game,2026-08-08T20:10:00.000-04:00
Mookie Betts,LAD,IF,Hits+Runs+RBIs,4.5,demon,pre_game,2026-08-08T20:10:00.000-04:00
Andy Pages,LAD,OF,Hits+Runs+RBIs,4.5,demon,pre_game,2026-08-08T20:10:00.000-04:00
Brandon Pfaadt,AZ,P,Hits Allowed,4.5,goblin,pre_game,2026-08-08T20:10:00.000-04:00
Brandon Pfaadt,AZ,P,Earned Runs Allowed,4.5,demon,pre_game,2026-08-08T20:10:00.000-04:00
Tim Tawa,AZ,OF,Hits+Runs+RBIs,4.5,demon,pre_game,2026-08-08T20:10:00.000-04:00
Max Kepler,AZ,OF,Hits+Runs+RBIs,4.5,demon,pre_game,2026-08-08T20:10:00.000-04:00
Max Kepler,AZ,OF,Total Bases,4.5,demon,pre_game,2026-08-08T20:10:00.000-04:00
Ryan Waldschmidt,AZ,OF,Hits+Runs+RBIs,4.5,demon,pre_game,2026-08-08T20:10:00.000-04:00
Yoshi Yamamoto,LAD,P,Walks Allowed,4.5,demon,pre_game,2026-08-08T20:10:00.000-04:00
Hunter Feduccia,LAD,C,Hits+Runs+RBIs,4.5,demon,pre_game,2026-08-08T20:10:00.000-04:00
Hunter Feduccia,LAD,C,Total Bases,4.5,demon,pre_game,2026-08-08T20:10:00.000-04:00
Kyle Tucker,LAD,OF,Hits+Runs+RBIs,4.5,demon,pre_game,2026-08-08T20:10:00.000-04:00
Brandon Pfaadt,AZ,P,Walks Allowed,4.5,demon,pre_game,2026-08-08T20:10:00.000-04:00
Yoshi Yamamoto,LAD,P,Pitcher Strikeouts,3.5,goblin,pre_game,2026-08-08T20:10:00.000-04:00
Brandon Pfaadt,AZ,P,Pitcher Strikeouts,3.5,standard,pre_game,2026-08-08T20:10:00.000-04:00
Gabriel Moreno,AZ,C,Total Bases,3.5,demon,pre_game,2026-08-08T20:10:00.000-04:00
Tim Tawa,AZ,OF,Total Bases,3.5,demon,pre_game,2026-08-08T20:10:00.000-04:00
Lars Nootbaar,AZ,OF,Total Bases,3.5,demon,pre_game,2026-08-08T20:10:00.000-04:00
Nolan Arenado,AZ,IF,Total Bases,3.5,demon,pre_game,2026-08-08T20:10:00.000-04:00
Kyle Tucker,LAD,OF,Total Bases,3.5,demon,pre_game,2026-08-08T20:10:00.000-04:00
Ketel Marte,AZ,IF,Total Bases,3.5,demon,pre_game,2026-08-08T20:10:00.000-04:00
Teoscar Hernández,LAD,OF,Total Bases,3.5,demon,pre_game,2026-08-08T20:10:00.000-04:00
Andy Pages,LAD,OF,Total Bases,3.5,demon,pre_game,2026-08-08T20:10:00.000-04:00
Ryan Waldschmidt,AZ,OF,Total Bases,3.5,demon,pre_game,2026-08-08T20:10:00.000-04:00
Tommy Edman,LAD,IF,Total Bases,3.5,demon,pre_game,2026-08-08T20:10:00.000-04:00
James McCann,AZ,C,Total Bases,3.5,demon,pre_game,2026-08-08T20:10:00.000-04:00
Shohei Ohtani,LAD,P,Total Bases,3.5,demon,pre_game,2026-08-08T20:10:00.000-04:00
Mookie Betts,LAD,IF,Total Bases,3.5,demon,pre_game,2026-08-08T20:10:00.000-04:00
Freddie Freeman,LAD,IF,Total Bases,3.5,demon,pre_game,2026-08-08T20:10:00.000-04:00
Max Muncy,LAD,IF,Total Bases,3.5,demon,pre_game,2026-08-08T20:10:00.000-04:00
Corbin Carroll,AZ,OF,Total Bases,3.5,demon,pre_game,2026-08-08T20:10:00.000-04:00
Ben Rortvedt,LAD,C,Total Bases,3.5,demon,pre_game,2026-08-08T20:10:00.000-04:00
Gabriel Moreno,AZ,C,Hits+Runs+RBIs,3.5,demon,pre_game,2026-08-08T20:10:00.000-04:00
Max Kepler,AZ,OF,Total Bases,3.5,demon,pre_game,2026-08-08T20:10:00.000-04:00
Shohei Ohtani,LAD,P,Hits+Runs+RBIs,3.5,demon,pre_game,2026-08-08T20:10:00.000-04:00
Freddie Freeman,LAD,IF,Hits+Runs+RBIs,3.5,demon,pre_game,2026-08-08T20:10:00.000-04:00
Tim Tawa,AZ,OF,Hits+Runs+RBIs,3.5,demon,pre_game,2026-08-08T20:10:00.000-04:00
Lars Nootbaar,AZ,OF,Hits+Runs+RBIs,3.5,demon,pre_game,2026-08-08T20:10:00.000-04:00
Mookie Betts,LAD,IF,Hits+Runs+RBIs,3.5,demon,pre_game,2026-08-08T20:10:00.000-04:00
Ryan Waldschmidt,AZ,OF,Hits+Runs+RBIs,3.5,demon,pre_game,2026-08-08T20:10:00.000-04:00
Ben Rortvedt,LAD,C,Hits+Runs+RBIs,3.5,demon,pre_game,2026-08-08T20:10:00.000-04:00
Corbin Carroll,AZ,OF,Hits+Runs+RBIs,3.5,demon,pre_game,2026-08-08T20:10:00.000-04:00
Max Muncy,LAD,IF,Hits+Runs+RBIs,3.5,demon,pre_game,2026-08-08T20:10:00.000-04:00
Max Kepler,AZ,OF,Hits+Runs+RBIs,3.5,demon,pre_game,2026-08-08T20:10:00.000-04:00
Ketel Marte,AZ,IF,Hits+Runs+RBIs,3.5,demon,pre_game,2026-08-08T20:10:00.000-04:00
Geraldo Perdomo,AZ,IF,Hits+Runs+RBIs,3.5,demon,pre_game,2026-08-08T20:10:00.000-04:00
Tommy Edman,LAD,IF,Hits+Runs+RBIs,3.5,demon,pre_game,2026-08-08T20:10:00.000-04:00
Andy Pages,LAD,OF,Hits+Runs+RBIs,3.5,demon,pre_game,2026-08-08T20:10:00.000-04:00
Kyle Tucker,LAD,OF,Hits+Runs+RBIs,3.5,demon,pre_game,2026-08-08T20:10:00.000-04:00
Teoscar Hernández,LAD,OF,Hits+Runs+RBIs,3.5,demon,pre_game,2026-08-08T20:10:00.000-04:00
Brandon Pfaadt,AZ,P,Earned Runs Allowed,3.5,demon,pre_game,2026-08-08T20:10:00.000-04:00
Yoshi Yamamoto,LAD,P,Hits Allowed,3.5,goblin,pre_game,2026-08-08T20:10:00.000-04:00
Yoshi Yamamoto,LAD,P,Earned Runs Allowed,3.5,demon,pre_game,2026-08-08T20:10:00.000-04:00
Brandon Pfaadt,AZ,P,Hits Allowed,3.5,goblin,pre_game,2026-08-08T20:10:00.000-04:00
Nolan Arenado,AZ,IF,Hits+Runs+RBIs,3.5,demon,pre_game,2026-08-08T20:10:00.000-04:00
Hunter Feduccia,LAD,C,Hits+Runs+RBIs,3.5,demon,pre_game,2026-08-08T20:10:00.000-04:00
Hunter Feduccia,LAD,C,Total Bases,3.5,demon,pre_game,2026-08-08T20:10:00.000-04:00
Geraldo Perdomo,AZ,IF,Total Bases,3.5,demon,pre_game,2026-08-08T20:10:00.000-04:00
Brandon Pfaadt,AZ,P,Pitcher Strikeouts,2.5,goblin,pre_game,2026-08-08T20:10:00.000-04:00
Mookie Betts,LAD,IF,Total Bases,2.5,demon,pre_game,2026-08-08T20:10:00.000-04:00
Lars Nootbaar,AZ,OF,Total Bases,2.5,demon,pre_game,2026-08-08T20:10:00.000-04:00
Tim Tawa,AZ,OF,Total Bases,2.5,demon,pre_game,2026-08-08T20:10:00.000-04:00
Kyle Tucker,LAD,OF,Total Bases,2.5,demon,pre_game,2026-08-08T20:10:00.000-04:00
Ketel Marte,AZ,IF,Total Bases,2.5,demon,pre_game,2026-08-08T20:10:00.000-04:00
Nolan Arenado,AZ,IF,Total Bases,2.5,demon,pre_game,2026-08-08T20:10:00.000-04:00
Teoscar Hernández,LAD,OF,Total Bases,2.5,demon,pre_game,2026-08-08T20:10:00.000-04:00
Andy Pages,LAD,OF,Total Bases,2.5,demon,pre_game,2026-08-08T20:10:00.000-04:00
Geraldo Perdomo,AZ,IF,Total Bases,2.5,demon,pre_game,2026-08-08T20:10:00.000-04:00
Tommy Edman,LAD,IF,Total Bases,2.5,demon,pre_game,2026-08-08T20:10:00.000-04:00
James McCann,AZ,C,Total Bases,2.5,demon,pre_game,2026-08-08T20:10:00.000-04:00
Ryan Waldschmidt,AZ,OF,Total Bases,2.5,demon,pre_game,2026-08-08T20:10:00.000-04:00
Gabriel Moreno,AZ,C,Total Bases,2.5,demon,pre_game,2026-08-08T20:10:00.000-04:00
Shohei Ohtani,LAD,P,Total Bases,2.5,demon,pre_game,2026-08-08T20:10:00.000-04:00
Freddie Freeman,LAD,IF,Total Bases,2.5,demon,pre_game,2026-08-08T20:10:00.000-04:00
Max Muncy,LAD,IF,Total Bases,2.5,demon,pre_game,2026-08-08T20:10:00.000-04:00
Corbin Carroll,AZ,OF,Total Bases,2.5,demon,pre_game,2026-08-08T20:10:00.000-04:00
Ben Rortvedt,LAD,C,Total Bases,2.5,demon,pre_game,2026-08-08T20:10:00.000-04:00
Yoshi Yamamoto,LAD,P,Walks Allowed,2.5,demon,pre_game,2026-08-08T20:10:00.000-04:00
Brandon Pfaadt,AZ,P,Walks Allowed,2.5,demon,pre_game,2026-08-08T20:10:00.000-04:00
Freddie Freeman,LAD,IF,Hits+Runs+RBIs,2.5,demon,pre_game,2026-08-08T20:10:00.000-04:00
Ketel Marte,AZ,IF,Hits,2.5,demon,pre_game,2026-08-08T20:10:00.000-04:00
Teoscar Hernández,LAD,OF,Hits,2.5,demon,pre_game,2026-08-08T20:10:00.000-04:00
Teoscar Hernández,LAD,OF,RBIs,2.5,demon,pre_game,2026-08-08T20:10:00.000-04:00
Lars Nootbaar,AZ,OF,Hitter Strikeouts,2.5,demon,pre_game,2026-08-08T20:10:00.000-04:00
Corbin Carroll,AZ,OF,Hits,2.5,demon,pre_game,2026-08-08T20:10:00.000-04:00
Geraldo Perdomo,AZ,IF,Hits,2.5,demon,pre_game,2026-08-08T20:10:00.000-04:00
Freddie Freeman,LAD,IF,Hits,2.5,demon,pre_game,2026-08-08T20:10:00.000-04:00
Teoscar Hernández,LAD,OF,Hitter Strikeouts,2.5,demon,pre_game,2026-08-08T20:10:00.000-04:00
Shohei Ohtani,LAD,P,Hitter Strikeouts,2.5,demon,pre_game,2026-08-08T20:10:00.000-04:00
Andy Pages,LAD,OF,Hits+Runs+RBIs,2.5,demon,pre_game,2026-08-08T20:10:00.000-04:00
Tommy Edman,LAD,IF,Hits,2.5,demon,pre_game,2026-08-08T20:10:00.000-04:00
Ketel Marte,AZ,IF,RBIs,2.5,demon,pre_game,2026-08-08T20:10:00.000-04:00
Ryan Waldschmidt,AZ,OF,Hitter Strikeouts,2.5,demon,pre_game,2026-08-08T20:10:00.000-04:00
Mookie Betts,LAD,IF,Hits,2.5,demon,pre_game,2026-08-08T20:10:00.000-04:00
Corbin Carroll,AZ,OF,Hitter Strikeouts,2.5,demon,pre_game,2026-08-08T20:10:00.000-04:00
Andy Pages,LAD,OF,Hits,2.5,demon,pre_game,2026-08-08T20:10:00.000-04:00
Max Muncy,LAD,IF,Hits,2.5,demon,pre_game,2026-08-08T20:10:00.000-04:00
Andy Pages,LAD,OF,RBIs,2.5,demon,pre_game,2026-08-08T20:10:00.000-04:00
Gabriel Moreno,AZ,C,Hits,2.5,demon,pre_game,2026-08-08T20:10:00.000-04:00
Brandon Pfaadt,AZ,P,Earned Runs Allowed,2.5,goblin,pre_game,2026-08-08T20:10:00.000-04:00
Freddie Freeman,LAD,IF,RBIs,2.5,demon,pre_game,2026-08-08T20:10:00.000-04:00
Yoshi Yamamoto,LAD,P,Earned Runs Allowed,2.5,demon,pre_game,2026-08-08T20:10:00.000-04:00
Kyle Tucker,LAD,OF,Hits,2.5,demon,pre_game,2026-08-08T20:10:00.000-04:00
Mookie Betts,LAD,IF,RBIs,2.5,demon,pre_game,2026-08-08T20:10:00.000-04:00
Andy Pages,LAD,OF,Hitter Strikeouts,2.5,demon,pre_game,2026-08-08T20:10:00.000-04:00
Shohei Ohtani,LAD,P,Hits,2.5,demon,pre_game,2026-08-08T20:10:00.000-04:00
Max Muncy,LAD,IF,RBIs,2.5,demon,pre_game,2026-08-08T20:10:00.000-04:00
Tim Tawa,AZ,OF,Hitter Strikeouts,2.5,demon,pre_game,2026-08-08T20:10:00.000-04:00
Shohei Ohtani,LAD,P,RBIs,2.5,demon,pre_game,2026-08-08T20:10:00.000-04:00
Shohei Ohtani,LAD,P,Runs,2.5,demon,pre_game,2026-08-08T20:10:00.000-04:00
Max Muncy,LAD,IF,Hitter Strikeouts,2.5,demon,pre_game,2026-08-08T20:10:00.000-04:00
Gabriel Moreno,AZ,C,Hits+Runs+RBIs,2.5,demon,pre_game,2026-08-08T20:10:00.000-04:00
Ketel Marte,AZ,IF,Hits+Runs+RBIs,2.5,demon,pre_game,2026-08-08T20:10:00.000-04:00
Kyle Tucker,LAD,OF,Hits+Runs+RBIs,2.5,demon,pre_game,2026-08-08T20:10:00.000-04:00
Geraldo Perdomo,AZ,IF,Hits+Runs+RBIs,2.5,demon,pre_game,2026-08-08T20:10:00.000-04:00
Teoscar Hernández,LAD,OF,Hits+Runs+RBIs,2.5,demon,pre_game,2026-08-08T20:10:00.000-04:00
Corbin Carroll,AZ,OF,Hits+Runs+RBIs,2.5,demon,pre_game,2026-08-08T20:10:00.000-04:00
Corbin Carroll,AZ,OF,RBIs,2.5,demon,pre_game,2026-08-08T20:10:00.000-04:00
Max Muncy,LAD,IF,Hits+Runs+RBIs,2.5,demon,pre_game,2026-08-08T20:10:00.000-04:00
Tommy Edman,LAD,IF,RBIs,2.5,demon,pre_game,2026-08-08T20:10:00.000-04:00
Kyle Tucker,LAD,OF,RBIs,2.5,demon,pre_game,2026-08-08T20:10:00.000-04:00
Mookie Betts,LAD,IF,Hits+Runs+RBIs,2.5,demon,pre_game,2026-08-08T20:10:00.000-04:00
Tommy Edman,LAD,IF,Hits+Runs+RBIs,2.5,demon,pre_game,2026-08-08T20:10:00.000-04:00
Ben Rortvedt,LAD,C,Hits+Runs+RBIs,2.5,demon,pre_game,2026-08-08T20:10:00.000-04:00
Shohei Ohtani,LAD,P,Hits+Runs+RBIs,2.5,demon,pre_game,2026-08-08T20:10:00.000-04:00
Ryan Waldschmidt,AZ,OF,Hits+Runs+RBIs,2.5,demon,pre_game,2026-08-08T20:10:00.000-04:00
Tim Tawa,AZ,OF,Hits+Runs+RBIs,2.5,demon,pre_game,2026-08-08T20:10:00.000-04:00
Nolan Arenado,AZ,IF,Hits+Runs+RBIs,2.5,demon,pre_game,2026-08-08T20:10:00.000-04:00
Max Kepler,AZ,OF,Total Bases,2.5,demon,pre_game,2026-08-08T20:10:00.000-04:00
Max Kepler,AZ,OF,Hits+Runs+RBIs,2.5,demon,pre_game,2026-08-08T20:10:00.000-04:00
Lars Nootbaar,AZ,OF,Hits+Runs+RBIs,2.5,demon,pre_game,2026-08-08T20:10:00.000-04:00
Nolan Arenado,AZ,IF,Hitter Strikeouts,2.5,demon,pre_game,2026-08-08T20:10:00.000-04:00
Yoshi Yamamoto,LAD,P,Hits Allowed,2.5,goblin,pre_game,2026-08-08T20:10:00.000-04:00
Hunter Feduccia,LAD,C,Hits+Runs+RBIs,2.5,demon,pre_game,2026-08-08T20:10:00.000-04:00
Hunter Feduccia,LAD,C,Total Bases,2.5,demon,pre_game,2026-08-08T20:10:00.000-04:00
Hunter Feduccia,LAD,C,Hits,2.5,demon,pre_game,2026-08-08T20:10:00.000-04:00
Ryan Waldschmidt,AZ,OF,Hits+Runs+RBIs,1.5,demon,pre_game,2026-08-08T20:10:00.000-04:00
Geraldo Perdomo,AZ,IF,Hits+Runs+RBIs,1.5,demon,pre_game,2026-08-08T20:10:00.000-04:00
Ben Rortvedt,LAD,C,Hits+Runs+RBIs,1.5,demon,pre_game,2026-08-08T20:10:00.000-04:00
James McCann,AZ,C,Hits+Runs+RBIs,1.5,demon,pre_game,2026-08-08T20:10:00.000-04:00
Nolan Arenado,AZ,IF,Hits+Runs+RBIs,1.5,demon,pre_game,2026-08-08T20:10:00.000-04:00
Mookie Betts,LAD,IF,Hits,1.5,demon,pre_game,2026-08-08T20:10:00.000-04:00
Ketel Marte,AZ,IF,Hits,1.5,demon,pre_game,2026-08-08T20:10:00.000-04:00
Tommy Edman,LAD,IF,Hits,1.5,demon,pre_game,2026-08-08T20:10:00.000-04:00
Tim Tawa,AZ,OF,Hits+Runs+RBIs,1.5,demon,pre_game,2026-08-08T20:10:00.000-04:00
Freddie Freeman,LAD,IF,Hits+Runs+RBIs,1.5,goblin,pre_game,2026-08-08T20:10:00.000-04:00
Freddie Freeman,LAD,IF,Hits,1.5,demon,pre_game,2026-08-08T20:10:00.000-04:00
Ketel Marte,AZ,IF,Runs,1.5,demon,pre_game,2026-08-08T20:10:00.000-04:00
Max Muncy,LAD,IF,Hits+Runs+RBIs,1.5,goblin,pre_game,2026-08-08T20:10:00.000-04:00
Shohei Ohtani,LAD,P,Hits,1.5,demon,pre_game,2026-08-08T20:10:00.000-04:00
Max Muncy,LAD,IF,Runs,1.5,demon,pre_game,2026-08-08T20:10:00.000-04:00
Andy Pages,LAD,OF,Runs,1.5,demon,pre_game,2026-08-08T20:10:00.000-04:00
Tim Tawa,AZ,OF,RBIs,1.5,demon,pre_game,2026-08-08T20:10:00.000-04:00
Lars Nootbaar,AZ,OF,Hits+Runs+RBIs,1.5,demon,pre_game,2026-08-08T20:10:00.000-04:00
Mookie Betts,LAD,IF,Hits+Runs+RBIs,1.5,goblin,pre_game,2026-08-08T20:10:00.000-04:00
Geraldo Perdomo,AZ,IF,Hits,1.5,demon,pre_game,2026-08-08T20:10:00.000-04:00
Tim Tawa,AZ,OF,Hits,1.5,demon,pre_game,2026-08-08T20:10:00.000-04:00
Max Muncy,LAD,IF,Hits,1.5,demon,pre_game,2026-08-08T20:10:00.000-04:00
Andy Pages,LAD,OF,Hits+Runs+RBIs,1.5,goblin,pre_game,2026-08-08T20:10:00.000-04:00
Nolan Arenado,AZ,IF,Hits,1.5,demon,pre_game,2026-08-08T20:10:00.000-04:00
Lars Nootbaar,AZ,OF,RBIs,1.5,demon,pre_game,2026-08-08T20:10:00.000-04:00
Corbin Carroll,AZ,OF,Hits,1.5,demon,pre_game,2026-08-08T20:10:00.000-04:00
Teoscar Hernández,LAD,OF,Hits,1.5,demon,pre_game,2026-08-08T20:10:00.000-04:00
Shohei Ohtani,LAD,P,Hits+Runs+RBIs,1.5,goblin,pre_game,2026-08-08T20:10:00.000-04:00
Nolan Arenado,AZ,IF,RBIs,1.5,demon,pre_game,2026-08-08T20:10:00.000-04:00
James McCann,AZ,C,Hits,1.5,demon,pre_game,2026-08-08T20:10:00.000-04:00
Tommy Edman,LAD,IF,Runs,1.5,demon,pre_game,2026-08-08T20:10:00.000-04:00
Geraldo Perdomo,AZ,IF,RBIs,1.5,demon,pre_game,2026-08-08T20:10:00.000-04:00
Gabriel Moreno,AZ,C,Hits,1.5,demon,pre_game,2026-08-08T20:10:00.000-04:00
James McCann,AZ,C,RBIs,1.5,demon,pre_game,2026-08-08T20:10:00.000-04:00
Gabriel Moreno,AZ,C,Runs,1.5,demon,pre_game,2026-08-08T20:10:00.000-04:00
Lars Nootbaar,AZ,OF,Runs,1.5,demon,pre_game,2026-08-08T20:10:00.000-04:00
Ben Rortvedt,LAD,C,Hits,1.5,demon,pre_game,2026-08-08T20:10:00.000-04:00
Gabriel Moreno,AZ,C,RBIs,1.5,demon,pre_game,2026-08-08T20:10:00.000-04:00
Ketel Marte,AZ,IF,Total Bases,1.5,demon,pre_game,2026-08-08T20:10:00.000-04:00
Ryan Waldschmidt,AZ,OF,Hits,1.5,demon,pre_game,2026-08-08T20:10:00.000-04:00
Teoscar Hernández,LAD,OF,Runs,1.5,demon,pre_game,2026-08-08T20:10:00.000-04:00
Ben Rortvedt,LAD,C,RBIs,1.5,demon,pre_game,2026-08-08T20:10:00.000-04:00
Ryan Waldschmidt,AZ,OF,RBIs,1.5,demon,pre_game,2026-08-08T20:10:00.000-04:00
Kyle Tucker,LAD,OF,Hits,1.5,demon,pre_game,2026-08-08T20:10:00.000-04:00
Mookie Betts,LAD,IF,Total Bases,1.5,demon,pre_game,2026-08-08T20:10:00.000-04:00
Geraldo Perdomo,AZ,IF,Runs,1.5,demon,pre_game,2026-08-08T20:10:00.000-04:00
Lars Nootbaar,AZ,OF,Total Bases,1.5,demon,pre_game,2026-08-08T20:10:00.000-04:00
Gabriel Moreno,AZ,C,Total Bases,1.5,demon,pre_game,2026-08-08T20:10:00.000-04:00
Ryan Waldschmidt,AZ,OF,Runs,1.5,demon,pre_game,2026-08-08T20:10:00.000-04:00
Tim Tawa,AZ,OF,Total Bases,1.5,demon,pre_game,2026-08-08T20:10:00.000-04:00
Lars Nootbaar,AZ,OF,Hits,1.5,demon,pre_game,2026-08-08T20:10:00.000-04:00
Corbin Carroll,AZ,OF,Runs,1.5,demon,pre_game,2026-08-08T20:10:00.000-04:00
Freddie Freeman,LAD,IF,Runs,1.5,demon,pre_game,2026-08-08T20:10:00.000-04:00
Shohei Ohtani,LAD,P,Runs,1.5,demon,pre_game,2026-08-08T20:10:00.000-04:00
Kyle Tucker,LAD,OF,Total Bases,1.5,demon,pre_game,2026-08-08T20:10:00.000-04:00
Nolan Arenado,AZ,IF,Total Bases,1.5,demon,pre_game,2026-08-08T20:10:00.000-04:00
Teoscar Hernández,LAD,OF,Total Bases,1.5,demon,pre_game,2026-08-08T20:10:00.000-04:00
Andy Pages,LAD,OF,Hits,1.5,demon,pre_game,2026-08-08T20:10:00.000-04:00
Geraldo Perdomo,AZ,IF,Total Bases,1.5,demon,pre_game,2026-08-08T20:10:00.000-04:00
Mookie Betts,LAD,IF,Runs,1.5,demon,pre_game,2026-08-08T20:10:00.000-04:00
Ben Rortvedt,LAD,C,Runs,1.5,demon,pre_game,2026-08-08T20:10:00.000-04:00
Ryan Waldschmidt,AZ,OF,Total Bases,1.5,demon,pre_game,2026-08-08T20:10:00.000-04:00
Tommy Edman,LAD,IF,Total Bases,1.5,demon,pre_game,2026-08-08T20:10:00.000-04:00
Tim Tawa,AZ,OF,Runs,1.5,demon,pre_game,2026-08-08T20:10:00.000-04:00
James McCann,AZ,C,Total Bases,1.5,demon,pre_game,2026-08-08T20:10:00.000-04:00
Kyle Tucker,LAD,OF,Runs,1.5,demon,pre_game,2026-08-08T20:10:00.000-04:00
Corbin Carroll,AZ,OF,Total Bases,1.5,demon,pre_game,2026-08-08T20:10:00.000-04:00
Max Muncy,LAD,IF,Total Bases,1.5,demon,pre_game,2026-08-08T20:10:00.000-04:00
Ben Rortvedt,LAD,C,Total Bases,1.5,demon,pre_game,2026-08-08T20:10:00.000-04:00
Brandon Pfaadt,AZ,P,Walks Allowed,1.5,goblin,pre_game,2026-08-08T20:10:00.000-04:00
Yoshi Yamamoto,LAD,P,Walks Allowed,1.5,goblin,pre_game,2026-08-08T20:10:00.000-04:00
Ketel Marte,AZ,IF,Hits+Runs+RBIs,1.5,standard,pre_game,2026-08-08T20:10:00.000-04:00
Corbin Carroll,AZ,OF,Hits+Runs+RBIs,1.5,standard,pre_game,2026-08-08T20:10:00.000-04:00
Andy Pages,LAD,OF,Total Bases,1.5,demon,pre_game,2026-08-08T20:10:00.000-04:00
Freddie Freeman,LAD,IF,Singles,1.5,demon,pre_game,2026-08-08T20:10:00.000-04:00
Kyle Tucker,LAD,OF,Hits+Runs+RBIs,1.5,standard,pre_game,2026-08-08T20:10:00.000-04:00
Freddie Freeman,LAD,IF,Total Bases,1.5,standard,pre_game,2026-08-08T20:10:00.000-04:00
Teoscar Hernández,LAD,OF,Hits+Runs+RBIs,1.5,standard,pre_game,2026-08-08T20:10:00.000-04:00
Gabriel Moreno,AZ,C,Singles,1.5,demon,pre_game,2026-08-08T20:10:00.000-04:00
Geraldo Perdomo,AZ,IF,Singles,1.5,demon,pre_game,2026-08-08T20:10:00.000-04:00
Andy Pages,LAD,OF,Singles,1.5,demon,pre_game,2026-08-08T20:10:00.000-04:00
Tommy Edman,LAD,IF,Singles,1.5,demon,pre_game,2026-08-08T20:10:00.000-04:00
Teoscar Hernández,LAD,OF,Singles,1.5,demon,pre_game,2026-08-08T20:10:00.000-04:00
Tommy Edman,LAD,IF,Hits+Runs+RBIs,1.5,standard,pre_game,2026-08-08T20:10:00.000-04:00
Shohei Ohtani,LAD,P,Singles,1.5,demon,pre_game,2026-08-08T20:10:00.000-04:00
Lars Nootbaar,AZ,OF,Hitter Strikeouts,1.5,demon,pre_game,2026-08-08T20:10:00.000-04:00
Teoscar Hernández,LAD,OF,Hitter Strikeouts,1.5,demon,pre_game,2026-08-08T20:10:00.000-04:00
Shohei Ohtani,LAD,P,Hitter Strikeouts,1.5,demon,pre_game,2026-08-08T20:10:00.000-04:00
Mookie Betts,LAD,IF,Singles,1.5,demon,pre_game,2026-08-08T20:10:00.000-04:00
Kyle Tucker,LAD,OF,Hitter Strikeouts,1.5,demon,pre_game,2026-08-08T20:10:00.000-04:00
Corbin Carroll,AZ,OF,Hitter Strikeouts,1.5,demon,pre_game,2026-08-08T20:10:00.000-04:00
Kyle Tucker,LAD,OF,Singles,1.5,demon,pre_game,2026-08-08T20:10:00.000-04:00
Ketel Marte,AZ,IF,Hitter Strikeouts,1.5,demon,pre_game,2026-08-08T20:10:00.000-04:00
Mookie Betts,LAD,IF,Hitter Strikeouts,1.5,demon,pre_game,2026-08-08T20:10:00.000-04:00
Max Kepler,AZ,OF,Hitter Strikeouts,1.5,demon,pre_game,2026-08-08T20:10:00.000-04:00
Max Kepler,AZ,OF,RBIs,1.5,demon,pre_game,2026-08-08T20:10:00.000-04:00
Andy Pages,LAD,OF,Hitter Strikeouts,1.5,demon,pre_game,2026-08-08T20:10:00.000-04:00
Max Kepler,AZ,OF,Hits,1.5,demon,pre_game,2026-08-08T20:10:00.000-04:00
Shohei Ohtani,LAD,P,Walks,1.5,demon,pre_game,2026-08-08T20:10:00.000-04:00
Tim Tawa,AZ,OF,Hitter Strikeouts,1.5,demon,pre_game,2026-08-08T20:10:00.000-04:00
Geraldo Perdomo,AZ,IF,Hitter Strikeouts,1.5,demon,pre_game,2026-08-08T20:10:00.000-04:00
Freddie Freeman,LAD,IF,Hitter Strikeouts,1.5,demon,pre_game,2026-08-08T20:10:00.000-04:00
Ben Rortvedt,LAD,C,Hitter Strikeouts,1.5,demon,pre_game,2026-08-08T20:10:00.000-04:00
Max Muncy,LAD,IF,Hitter Strikeouts,1.5,demon,pre_game,2026-08-08T20:10:00.000-04:00
Tommy Edman,LAD,IF,Hitter Strikeouts,1.5,demon,pre_game,2026-08-08T20:10:00.000-04:00
Gabriel Moreno,AZ,C,Hitter Strikeouts,1.5,demon,pre_game,2026-08-08T20:10:00.000-04:00
Nolan Arenado,AZ,IF,Hitter Strikeouts,1.5,demon,pre_game,2026-08-08T20:10:00.000-04:00
Shohei Ohtani,LAD,P,Total Bases,1.5,standard,pre_game,2026-08-08T20:10:00.000-04:00
Brandon Pfaadt,AZ,P,Earned Runs Allowed,1.5,goblin,pre_game,2026-08-08T20:10:00.000-04:00
Ryan Waldschmidt,AZ,OF,Hitter Strikeouts,1.5,demon,pre_game,2026-08-08T20:10:00.000-04:00
Max Kepler,AZ,OF,Hits+Runs+RBIs,1.5,demon,pre_game,2026-08-08T20:10:00.000-04:00
Max Kepler,AZ,OF,Total Bases,1.5,demon,pre_game,2026-08-08T20:10:00.000-04:00
Yoshi Yamamoto,LAD,P,Earned Runs Allowed,1.5,goblin,pre_game,2026-08-08T20:10:00.000-04:00
Max Kepler,AZ,OF,Runs,1.5,demon,pre_game,2026-08-08T20:10:00.000-04:00
Gabriel Moreno,AZ,C,Hits+Runs+RBIs,1.5,demon,pre_game,2026-08-08T20:10:00.000-04:00
Hunter Feduccia,LAD,C,Runs,1.5,demon,pre_game,2026-08-08T20:10:00.000-04:00
Hunter Feduccia,LAD,C,Hits+Runs+RBIs,1.5,demon,pre_game,2026-08-08T20:10:00.000-04:00
Hunter Feduccia,LAD,C,Total Bases,1.5,demon,pre_game,2026-08-08T20:10:00.000-04:00
Hunter Feduccia,LAD,C,Hits,1.5,demon,pre_game,2026-08-08T20:10:00.000-04:00
Hunter Feduccia,LAD,C,RBIs,1.5,demon,pre_game,2026-08-08T20:10:00.000-04:00
Gabriel Moreno,AZ,C,Doubles,0.5,demon,pre_game,2026-08-08T20:10:00.000-04:00
Freddie Freeman,LAD,IF,Doubles,0.5,demon,pre_game,2026-08-08T20:10:00.000-04:00
Geraldo Perdomo,AZ,IF,Doubles,0.5,demon,pre_game,2026-08-08T20:10:00.000-04:00
Max Muncy,LAD,IF,Doubles,0.5,demon,pre_game,2026-08-08T20:10:00.000-04:00
Mookie Betts,LAD,IF,Doubles,0.5,demon,pre_game,2026-08-08T20:10:00.000-04:00
Ben Rortvedt,LAD,C,Doubles,0.5,demon,pre_game,2026-08-08T20:10:00.000-04:00
Tommy Edman,LAD,IF,Doubles,0.5,demon,pre_game,2026-08-08T20:10:00.000-04:00
Ryan Waldschmidt,AZ,OF,Doubles,0.5,demon,pre_game,2026-08-08T20:10:00.000-04:00
Lars Nootbaar,AZ,OF,Doubles,0.5,demon,pre_game,2026-08-08T20:10:00.000-04:00
James McCann,AZ,C,Doubles,0.5,demon,pre_game,2026-08-08T20:10:00.000-04:00
Tommy Edman,LAD,IF,Hits+Runs+RBIs,0.5,goblin,pre_game,2026-08-08T20:10:00.000-04:00
Andy Pages,LAD,OF,Doubles,0.5,demon,pre_game,2026-08-08T20:10:00.000-04:00
Corbin Carroll,AZ,OF,Hits+Runs+RBIs,0.5,goblin,pre_game,2026-08-08T20:10:00.000-04:00
Andy Pages,LAD,OF,Hits+Runs+RBIs,0.5,goblin,pre_game,2026-08-08T20:10:00.000-04:00
Ketel Marte,AZ,IF,Doubles,0.5,demon,pre_game,2026-08-08T20:10:00.000-04:00
Tim Tawa,AZ,OF,Doubles,0.5,demon,pre_game,2026-08-08T20:10:00.000-04:00
Corbin Carroll,AZ,OF,Doubles,0.5,demon,pre_game,2026-08-08T20:10:00.000-04:00
Ryan Waldschmidt,AZ,OF,Hits+Runs+RBIs,0.5,goblin,pre_game,2026-08-08T20:10:00.000-04:00
Teoscar Hernández,LAD,OF,Doubles,0.5,demon,pre_game,2026-08-08T20:10:00.000-04:00
Nolan Arenado,AZ,IF,Hits+Runs+RBIs,0.5,goblin,pre_game,2026-08-08T20:10:00.000-04:00
Nolan Arenado,AZ,IF,Doubles,0.5,demon,pre_game,2026-08-08T20:10:00.000-04:00
Ketel Marte,AZ,IF,Hits+Runs+RBIs,0.5,goblin,pre_game,2026-08-08T20:10:00.000-04:00
Andy Pages,LAD,OF,Hits,0.5,goblin,pre_game,2026-08-08T20:10:00.000-04:00
Freddie Freeman,LAD,IF,Hits+Runs+RBIs,0.5,goblin,pre_game,2026-08-08T20:10:00.000-04:00
Teoscar Hernández,LAD,OF,Hits,0.5,goblin,pre_game,2026-08-08T20:10:00.000-04:00
Tim Tawa,AZ,OF,Hits+Runs+RBIs,0.5,goblin,pre_game,2026-08-08T20:10:00.000-04:00
Corbin Carroll,AZ,OF,Hits,0.5,goblin,pre_game,2026-08-08T20:10:00.000-04:00
James McCann,AZ,C,Hits,0.5,goblin,pre_game,2026-08-08T20:10:00.000-04:00
Freddie Freeman,LAD,IF,Hits,0.5,goblin,pre_game,2026-08-08T20:10:00.000-04:00
Kyle Tucker,LAD,OF,Doubles,0.5,demon,pre_game,2026-08-08T20:10:00.000-04:00
Gabriel Moreno,AZ,C,Hits+Runs+RBIs,0.5,goblin,pre_game,2026-08-08T20:10:00.000-04:00
Geraldo Perdomo,AZ,IF,Hits+Runs+RBIs,0.5,goblin,pre_game,2026-08-08T20:10:00.000-04:00
Kyle Tucker,LAD,OF,Hits+Runs+RBIs,0.5,goblin,pre_game,2026-08-08T20:10:00.000-04:00
Gabriel Moreno,AZ,C,Runs,0.5,demon,pre_game,2026-08-08T20:10:00.000-04:00
James McCann,AZ,C,RBIs,0.5,demon,pre_game,2026-08-08T20:10:00.000-04:00
Corbin Carroll,AZ,OF,RBIs,0.5,demon,pre_game,2026-08-08T20:10:00.000-04:00
Lars Nootbaar,AZ,OF,Runs,0.5,demon,pre_game,2026-08-08T20:10:00.000-04:00
James McCann,AZ,C,Hits+Runs+RBIs,0.5,goblin,pre_game,2026-08-08T20:10:00.000-04:00
Ben Rortvedt,LAD,C,Hits+Runs+RBIs,0.5,goblin,pre_game,2026-08-08T20:10:00.000-04:00
Andy Pages,LAD,OF,RBIs,0.5,demon,pre_game,2026-08-08T20:10:00.000-04:00
Mookie Betts,LAD,IF,Hits+Runs+RBIs,0.5,goblin,pre_game,2026-08-08T20:10:00.000-04:00
Geraldo Perdomo,AZ,IF,Hits,0.5,goblin,pre_game,2026-08-08T20:10:00.000-04:00
Nolan Arenado,AZ,IF,Hits,0.5,goblin,pre_game,2026-08-08T20:10:00.000-04:00
Max Muncy,LAD,IF,Hits,0.5,goblin,pre_game,2026-08-08T20:10:00.000-04:00
Tommy Edman,LAD,IF,Hits,0.5,goblin,pre_game,2026-08-08T20:10:00.000-04:00
Ketel Marte,AZ,IF,Hits,0.5,goblin,pre_game,2026-08-08T20:10:00.000-04:00
Ryan Waldschmidt,AZ,OF,RBIs,0.5,demon,pre_game,2026-08-08T20:10:00.000-04:00
Nolan Arenado,AZ,IF,RBIs,0.5,demon,pre_game,2026-08-08T20:10:00.000-04:00
Shohei Ohtani,LAD,P,Hits+Runs+RBIs,0.5,goblin,pre_game,2026-08-08T20:10:00.000-04:00
Gabriel Moreno,AZ,C,Hits,0.5,goblin,pre_game,2026-08-08T20:10:00.000-04:00
Freddie Freeman,LAD,IF,RBIs,0.5,demon,pre_game,2026-08-08T20:10:00.000-04:00
Tommy Edman,LAD,IF,Runs,0.5,demon,pre_game,2026-08-08T20:10:00.000-04:00
Ketel Marte,AZ,IF,Runs,0.5,demon,pre_game,2026-08-08T20:10:00.000-04:00
Shohei Ohtani,LAD,P,Doubles,0.5,demon,pre_game,2026-08-08T20:10:00.000-04:00
Teoscar Hernández,LAD,OF,Hits+Runs+RBIs,0.5,goblin,pre_game,2026-08-08T20:10:00.000-04:00
Mookie Betts,LAD,IF,Hits,0.5,goblin,pre_game,2026-08-08T20:10:00.000-04:00
Geraldo Perdomo,AZ,IF,RBIs,0.5,demon,pre_game,2026-08-08T20:10:00.000-04:00
Max Muncy,LAD,IF,Hits+Runs+RBIs,0.5,goblin,pre_game,2026-08-08T20:10:00.000-04:00
Shohei Ohtani,LAD,P,Hits,0.5,goblin,pre_game,2026-08-08T20:10:00.000-04:00
Shohei Ohtani,LAD,P,RBIs,0.5,demon,pre_game,2026-08-08T20:10:00.000-04:00
Nolan Arenado,AZ,IF,Runs,0.5,demon,pre_game,2026-08-08T20:10:00.000-04:00
Andy Pages,LAD,OF,Home Runs,0.5,demon,pre_game,2026-08-08T20:10:00.000-04:00
James McCann,AZ,C,Runs,0.5,demon,pre_game,2026-08-08T20:10:00.000-04:00
Gabriel Moreno,AZ,C,RBIs,0.5,demon,pre_game,2026-08-08T20:10:00.000-04:00
Corbin Carroll,AZ,OF,Triples,0.5,demon,pre_game,2026-08-08T20:10:00.000-04:00
Max Muncy,LAD,IF,RBIs,0.5,demon,pre_game,2026-08-08T20:10:00.000-04:00
Tim Tawa,AZ,OF,RBIs,0.5,demon,pre_game,2026-08-08T20:10:00.000-04:00
Teoscar Hernández,LAD,OF,Runs,0.5,demon,pre_game,2026-08-08T20:10:00.000-04:00
Tim Tawa,AZ,OF,Home Runs,0.5,demon,pre_game,2026-08-08T20:10:00.000-04:00
Max Muncy,LAD,IF,Singles,0.5,demon,pre_game,2026-08-08T20:10:00.000-04:00
Ben Rortvedt,LAD,C,RBIs,0.5,demon,pre_game,2026-08-08T20:10:00.000-04:00
Lars Nootbaar,AZ,OF,Hits+Runs+RBIs,0.5,goblin,pre_game,2026-08-08T20:10:00.000-04:00
Max Muncy,LAD,IF,Home Runs,0.5,demon,pre_game,2026-08-08T20:10:00.000-04:00
Kyle Tucker,LAD,OF,Hits,0.5,goblin,pre_game,2026-08-08T20:10:00.000-04:00
Tommy Edman,LAD,IF,Singles,0.5,goblin,pre_game,2026-08-08T20:10:00.000-04:00
Lars Nootbaar,AZ,OF,RBIs,0.5,demon,pre_game,2026-08-08T20:10:00.000-04:00
Lars Nootbaar,AZ,OF,Home Runs,0.5,demon,pre_game,2026-08-08T20:10:00.000-04:00
Ryan Waldschmidt,AZ,OF,Home Runs,0.5,demon,pre_game,2026-08-08T20:10:00.000-04:00
Ketel Marte,AZ,IF,RBIs,0.5,demon,pre_game,2026-08-08T20:10:00.000-04:00
Mookie Betts,LAD,IF,RBIs,0.5,demon,pre_game,2026-08-08T20:10:00.000-04:00
Teoscar Hernández,LAD,OF,Home Runs,0.5,demon,pre_game,2026-08-08T20:10:00.000-04:00
Geraldo Perdomo,AZ,IF,Runs,0.5,demon,pre_game,2026-08-08T20:10:00.000-04:00
Gabriel Moreno,AZ,C,Home Runs,0.5,demon,pre_game,2026-08-08T20:10:00.000-04:00
Ketel Marte,AZ,IF,Home Runs,0.5,demon,pre_game,2026-08-08T20:10:00.000-04:00
Corbin Carroll,AZ,OF,Singles,0.5,demon,pre_game,2026-08-08T20:10:00.000-04:00
Freddie Freeman,LAD,IF,Singles,0.5,goblin,pre_game,2026-08-08T20:10:00.000-04:00
Ryan Waldschmidt,AZ,OF,Runs,0.5,demon,pre_game,2026-08-08T20:10:00.000-04:00
Nolan Arenado,AZ,IF,Singles,0.5,demon,pre_game,2026-08-08T20:10:00.000-04:00
Nolan Arenado,AZ,IF,Home Runs,0.5,demon,pre_game,2026-08-08T20:10:00.000-04:00
Tommy Edman,LAD,IF,RBIs,0.5,demon,pre_game,2026-08-08T20:10:00.000-04:00
Shohei Ohtani,LAD,P,Runs,0.5,goblin,pre_game,2026-08-08T20:10:00.000-04:00
Corbin Carroll,AZ,OF,Runs,0.5,demon,pre_game,2026-08-08T20:10:00.000-04:00
Tim Tawa,AZ,OF,Singles,0.5,demon,pre_game,2026-08-08T20:10:00.000-04:00
Lars Nootbaar,AZ,OF,Singles,0.5,demon,pre_game,2026-08-08T20:10:00.000-04:00
James McCann,AZ,C,Singles,0.5,demon,pre_game,2026-08-08T20:10:00.000-04:00
Ben Rortvedt,LAD,C,Runs,0.5,demon,pre_game,2026-08-08T20:10:00.000-04:00
Corbin Carroll,AZ,OF,Home Runs,0.5,demon,pre_game,2026-08-08T20:10:00.000-04:00
Lars Nootbaar,AZ,OF,Hits,0.5,goblin,pre_game,2026-08-08T20:10:00.000-04:00
Kyle Tucker,LAD,OF,RBIs,0.5,demon,pre_game,2026-08-08T20:10:00.000-04:00
Tim Tawa,AZ,OF,Runs,0.5,demon,pre_game,2026-08-08T20:10:00.000-04:00
Geraldo Perdomo,AZ,IF,Home Runs,0.5,demon,pre_game,2026-08-08T20:10:00.000-04:00
James McCann,AZ,C,Home Runs,0.5,demon,pre_game,2026-08-08T20:10:00.000-04:00
Ryan Waldschmidt,AZ,OF,Singles,0.5,demon,pre_game,2026-08-08T20:10:00.000-04:00
Kyle Tucker,LAD,OF,Runs,0.5,demon,pre_game,2026-08-08T20:10:00.000-04:00
Ben Rortvedt,LAD,C,Home Runs,0.5,demon,pre_game,2026-08-08T20:10:00.000-04:00
Kyle Tucker,LAD,OF,Home Runs,0.5,demon,pre_game,2026-08-08T20:10:00.000-04:00
Shohei Ohtani,LAD,P,Home Runs,0.5,demon,pre_game,2026-08-08T20:10:00.000-04:00
Ben Rortvedt,LAD,C,Singles,0.5,demon,pre_game,2026-08-08T20:10:00.000-04:00
Teoscar Hernández,LAD,OF,RBIs,0.5,demon,pre_game,2026-08-08T20:10:00.000-04:00
Freddie Freeman,LAD,IF,Home Runs,0.5,demon,pre_game,2026-08-08T20:10:00.000-04:00
Mookie Betts,LAD,IF,Home Runs,0.5,demon,pre_game,2026-08-08T20:10:00.000-04:00
Tommy Edman,LAD,IF,Home Runs,0.5,demon,pre_game,2026-08-08T20:10:00.000-04:00
Yoshinobu Yamamoto + Brandon Pfaadt,LAD/AZ,P,1st Inning Runs Allowed,0.5,standard,pre_game,2026-08-08T20:10:00.000-04:00
Yoshinobu Yamamoto + Brandon Pfaadt,LAD/AZ,P,1st Inning Walks Allowed,0.5,standard,pre_game,2026-08-08T20:10:00.000-04:00
Yoshi Yamamoto,LAD,P,Walks Allowed,0.5,goblin,pre_game,2026-08-08T20:10:00.000-04:00
Freddie Freeman,LAD,IF,Total Bases,0.5,goblin,pre_game,2026-08-08T20:10:00.000-04:00
Lars Nootbaar,AZ,OF,Total Bases,0.5,goblin,pre_game,2026-08-08T20:10:00.000-04:00
Teoscar Hernández,LAD,OF,Total Bases,0.5,goblin,pre_game,2026-08-08T20:10:00.000-04:00
Ketel Marte,AZ,IF,Total Bases,0.5,goblin,pre_game,2026-08-08T20:10:00.000-04:00
Kyle Tucker,LAD,OF,Total Bases,0.5,goblin,pre_game,2026-08-08T20:10:00.000-04:00
Geraldo Perdomo,AZ,IF,Total Bases,0.5,goblin,pre_game,2026-08-08T20:10:00.000-04:00
Brandon Pfaadt,AZ,P,Walks Allowed,0.5,goblin,pre_game,2026-08-08T20:10:00.000-04:00
Corbin Carroll,AZ,OF,Total Bases,0.5,goblin,pre_game,2026-08-08T20:10:00.000-04:00
Gabriel Moreno,AZ,C,Total Bases,0.5,goblin,pre_game,2026-08-08T20:10:00.000-04:00
Andy Pages,LAD,OF,Total Bases,0.5,goblin,pre_game,2026-08-08T20:10:00.000-04:00
Nolan Arenado,AZ,IF,Total Bases,0.5,goblin,pre_game,2026-08-08T20:10:00.000-04:00
Shohei Ohtani,LAD,P,Singles,0.5,standard,pre_game,2026-08-08T20:10:00.000-04:00
Max Kepler,AZ,OF,RBIs,0.5,demon,pre_game,2026-08-08T20:10:00.000-04:00
Max Muncy,LAD,IF,Total Bases,0.5,goblin,pre_game,2026-08-08T20:10:00.000-04:00
Shohei Ohtani,LAD,P,Total Bases,0.5,goblin,pre_game,2026-08-08T20:10:00.000-04:00
Geraldo Perdomo,AZ,IF,Singles,0.5,standard,pre_game,2026-08-08T20:10:00.000-04:00
Max Kepler,AZ,OF,Singles,0.5,demon,pre_game,2026-08-08T20:10:00.000-04:00
Max Kepler,AZ,OF,Hits+Runs+RBIs,0.5,goblin,pre_game,2026-08-08T20:10:00.000-04:00
Freddie Freeman,LAD,IF,Walks,0.5,demon,pre_game,2026-08-08T20:10:00.000-04:00
Max Kepler,AZ,OF,Runs,0.5,demon,pre_game,2026-08-08T20:10:00.000-04:00
Max Kepler,AZ,OF,Triples,0.5,demon,pre_game,2026-08-08T20:10:00.000-04:00
Max Kepler,AZ,OF,Walks,0.5,demon,pre_game,2026-08-08T20:10:00.000-04:00
Mookie Betts,LAD,IF,Total Bases,0.5,goblin,pre_game,2026-08-08T20:10:00.000-04:00
Tommy Edman,LAD,IF,Total Bases,0.5,goblin,pre_game,2026-08-08T20:10:00.000-04:00
Max Kepler,AZ,OF,Total Bases,0.5,standard,pre_game,2026-08-08T20:10:00.000-04:00
Teoscar Hernández,LAD,OF,Singles,0.5,standard,pre_game,2026-08-08T20:10:00.000-04:00
Tim Tawa,AZ,OF,Walks,0.5,demon,pre_game,2026-08-08T20:10:00.000-04:00
Ben Rortvedt,LAD,C,Hits,0.5,standard,pre_game,2026-08-08T20:10:00.000-04:00
Teoscar Hernández,LAD,OF,Stolen Bases,0.5,demon,pre_game,2026-08-08T20:10:00.000-04:00
Ryan Waldschmidt,AZ,OF,Hitter Strikeouts,0.5,goblin,pre_game,2026-08-08T20:10:00.000-04:00
Kyle Tucker,LAD,OF,Singles,0.5,standard,pre_game,2026-08-08T20:10:00.000-04:00
Nolan Arenado,AZ,IF,Walks,0.5,demon,pre_game,2026-08-08T20:10:00.000-04:00
Max Kepler,AZ,OF,Doubles,0.5,demon,pre_game,2026-08-08T20:10:00.000-04:00
Kyle Tucker,LAD,OF,Walks,0.5,demon,pre_game,2026-08-08T20:10:00.000-04:00
Ryan Waldschmidt,AZ,OF,Walks,0.5,demon,pre_game,2026-08-08T20:10:00.000-04:00
Ryan Waldschmidt,AZ,OF,Stolen Bases,0.5,demon,pre_game,2026-08-08T20:10:00.000-04:00
Geraldo Perdomo,AZ,IF,Walks,0.5,demon,pre_game,2026-08-08T20:10:00.000-04:00
Ketel Marte,AZ,IF,Stolen Bases,0.5,demon,pre_game,2026-08-08T20:10:00.000-04:00
Nolan Arenado,AZ,IF,Stolen Bases,0.5,demon,pre_game,2026-08-08T20:10:00.000-04:00
Tommy Edman,LAD,IF,Walks,0.5,demon,pre_game,2026-08-08T20:10:00.000-04:00
Ben Rortvedt,LAD,C,Walks,0.5,demon,pre_game,2026-08-08T20:10:00.000-04:00
Max Muncy,LAD,IF,Stolen Bases,0.5,demon,pre_game,2026-08-08T20:10:00.000-04:00
Yoshi Yamamoto,LAD,P,Earned Runs Allowed,0.5,goblin,pre_game,2026-08-08T20:10:00.000-04:00
Max Kepler,AZ,OF,Stolen Bases,0.5,demon,pre_game,2026-08-08T20:10:00.000-04:00
Geraldo Perdomo,AZ,IF,Stolen Bases,0.5,demon,pre_game,2026-08-08T20:10:00.000-04:00
Max Kepler,AZ,OF,Home Runs,0.5,demon,pre_game,2026-08-08T20:10:00.000-04:00
Max Kepler,AZ,OF,Hits,0.5,standard,pre_game,2026-08-08T20:10:00.000-04:00
Shohei Ohtani,LAD,P,Walks,0.5,standard,pre_game,2026-08-08T20:10:00.000-04:00
Andy Pages,LAD,OF,Runs,0.5,standard,pre_game,2026-08-08T20:10:00.000-04:00
Lars Nootbaar,AZ,OF,Walks,0.5,demon,pre_game,2026-08-08T20:10:00.000-04:00
Gabriel Moreno,AZ,C,Stolen Bases,0.5,demon,pre_game,2026-08-08T20:10:00.000-04:00
Teoscar Hernández,LAD,OF,Walks,0.5,demon,pre_game,2026-08-08T20:10:00.000-04:00
Max Muncy,LAD,IF,Walks,0.5,demon,pre_game,2026-08-08T20:10:00.000-04:00
Corbin Carroll,AZ,OF,Stolen Bases,0.5,demon,pre_game,2026-08-08T20:10:00.000-04:00
Freddie Freeman,LAD,IF,Stolen Bases,0.5,demon,pre_game,2026-08-08T20:10:00.000-04:00
Mookie Betts,LAD,IF,Walks,0.5,demon,pre_game,2026-08-08T20:10:00.000-04:00
Tommy Edman,LAD,IF,Stolen Bases,0.5,demon,pre_game,2026-08-08T20:10:00.000-04:00
Corbin Carroll,AZ,OF,Walks,0.5,demon,pre_game,2026-08-08T20:10:00.000-04:00
Mookie Betts,LAD,IF,Runs,0.5,demon,pre_game,2026-08-08T20:10:00.000-04:00
Tim Tawa,AZ,OF,Stolen Bases,0.5,demon,pre_game,2026-08-08T20:10:00.000-04:00
Ketel Marte,AZ,IF,Walks,0.5,demon,pre_game,2026-08-08T20:10:00.000-04:00
Lars Nootbaar,AZ,OF,Stolen Bases,0.5,demon,pre_game,2026-08-08T20:10:00.000-04:00
Andy Pages,LAD,OF,Walks,0.5,demon,pre_game,2026-08-08T20:10:00.000-04:00
Gabriel Moreno,AZ,C,Walks,0.5,demon,pre_game,2026-08-08T20:10:00.000-04:00
Kyle Tucker,LAD,OF,Stolen Bases,0.5,demon,pre_game,2026-08-08T20:10:00.000-04:00
Andy Pages,LAD,OF,Stolen Bases,0.5,demon,pre_game,2026-08-08T20:10:00.000-04:00
Mookie Betts,LAD,IF,Stolen Bases,0.5,demon,pre_game,2026-08-08T20:10:00.000-04:00
Shohei Ohtani,LAD,P,Stolen Bases,0.5,demon,pre_game,2026-08-08T20:10:00.000-04:00
Tim Tawa,AZ,OF,Total Bases,0.5,standard,pre_game,2026-08-08T20:10:00.000-04:00
Andy Pages,LAD,OF,Hitter Strikeouts,0.5,goblin,pre_game,2026-08-08T20:10:00.000-04:00
Max Muncy,LAD,IF,Hitter Strikeouts,0.5,goblin,pre_game,2026-08-08T20:10:00.000-04:00
Teoscar Hernández,LAD,OF,Hitter Strikeouts,0.5,goblin,pre_game,2026-08-08T20:10:00.000-04:00
Shohei Ohtani,LAD,P,Hitter Strikeouts,0.5,goblin,pre_game,2026-08-08T20:10:00.000-04:00
Max Muncy,LAD,IF,Runs,0.5,standard,pre_game,2026-08-08T20:10:00.000-04:00
Mookie Betts,LAD,IF,Singles,0.5,standard,pre_game,2026-08-08T20:10:00.000-04:00
Freddie Freeman,LAD,IF,Runs,0.5,demon,pre_game,2026-08-08T20:10:00.000-04:00
Ben Rortvedt,LAD,C,Total Bases,0.5,goblin,pre_game,2026-08-08T20:10:00.000-04:00
Max Kepler,AZ,OF,Hitter Strikeouts,0.5,goblin,pre_game,2026-08-08T20:10:00.000-04:00
Ketel Marte,AZ,IF,Hitter Strikeouts,0.5,goblin,pre_game,2026-08-08T20:10:00.000-04:00
Lars Nootbaar,AZ,OF,Hitter Strikeouts,0.5,goblin,pre_game,2026-08-08T20:10:00.000-04:00
Corbin Carroll,AZ,OF,Hitter Strikeouts,0.5,goblin,pre_game,2026-08-08T20:10:00.000-04:00
Gabriel Moreno,AZ,C,Hitter Strikeouts,0.5,goblin,pre_game,2026-08-08T20:10:00.000-04:00
Tim Tawa,AZ,OF,Hitter Strikeouts,0.5,goblin,pre_game,2026-08-08T20:10:00.000-04:00
Nolan Arenado,AZ,IF,Hitter Strikeouts,0.5,goblin,pre_game,2026-08-08T20:10:00.000-04:00
Andy Pages,LAD,OF,Singles,0.5,standard,pre_game,2026-08-08T20:10:00.000-04:00
Gabriel Moreno,AZ,C,Singles,0.5,standard,pre_game,2026-08-08T20:10:00.000-04:00
Ryan Waldschmidt,AZ,OF,Hits,0.5,standard,pre_game,2026-08-08T20:10:00.000-04:00
Ryan Waldschmidt,AZ,OF,Total Bases,0.5,standard,pre_game,2026-08-08T20:10:00.000-04:00
Tim Tawa,AZ,OF,Hits,0.5,standard,pre_game,2026-08-08T20:10:00.000-04:00
Ketel Marte,AZ,IF,Singles,0.5,demon,pre_game,2026-08-08T20:10:00.000-04:00
Hunter Feduccia,LAD,C,Hitter Strikeouts,0.5,goblin,pre_game,2026-08-08T20:10:00.000-04:00
Geraldo Perdomo,AZ,IF,Hitter Strikeouts,0.5,goblin,pre_game,2026-08-08T20:10:00.000-04:00
Hunter Feduccia,LAD,C,Hits,0.5,goblin,pre_game,2026-08-08T20:10:00.000-04:00
Hunter Feduccia,LAD,C,Home Runs,0.5,demon,pre_game,2026-08-08T20:10:00.000-04:00
Hunter Feduccia,LAD,C,Hits+Runs+RBIs,0.5,goblin,pre_game,2026-08-08T20:10:00.000-04:00
Hunter Feduccia,LAD,C,Singles,0.5,demon,pre_game,2026-08-08T20:10:00.000-04:00
Hunter Feduccia,LAD,C,Runs,0.5,demon,pre_game,2026-08-08T20:10:00.000-04:00
Hunter Feduccia,LAD,C,Total Bases,0.5,goblin,pre_game,2026-08-08T20:10:00.000-04:00
Hunter Feduccia,LAD,C,Triples,0.5,demon,pre_game,2026-08-08T20:10:00.000-04:00
Hunter Feduccia,LAD,C,Doubles,0.5,demon,pre_game,2026-08-08T20:10:00.000-04:00
Hunter Feduccia,LAD,C,RBIs,0.5,demon,pre_game,2026-08-08T20:10:00.000-04:00
Mookie Betts,LAD,IF,Hitter Strikeouts,0.5,demon,pre_game,2026-08-08T20:10:00.000-04:00
Ben Rortvedt,LAD,C,Hitter Strikeouts,0.5,demon,pre_game,2026-08-08T20:10:00.000-04:00
George Kirby,SEA,P,Pitches Thrown,97.5,demon,pre_game,2026-08-08T21:50:00.000-04:00
George Kirby,SEA,P,Pitches Thrown,92.5,standard,pre_game,2026-08-08T21:50:00.000-04:00
Griffin Jax,TB,P,Pitches Thrown,89.5,demon,pre_game,2026-08-08T21:50:00.000-04:00
George Kirby,SEA,P,Pitches Thrown,86.5,goblin,pre_game,2026-08-08T21:50:00.000-04:00
Griffin Jax,TB,P,Pitches Thrown,83.5,standard,pre_game,2026-08-08T21:50:00.000-04:00
Griffin Jax,TB,P,Pitches Thrown,78.5,goblin,pre_game,2026-08-08T21:50:00.000-04:00
George Kirby,SEA,P,Pitcher Fantasy Score,39.5,demon,pre_game,2026-08-08T21:50:00.000-04:00
Griffin Jax,TB,P,Pitcher Fantasy Score,36.5,demon,pre_game,2026-08-08T21:50:00.000-04:00
George Kirby,SEA,P,Pitcher Fantasy Score,31.5,standard,pre_game,2026-08-08T21:50:00.000-04:00
Griffin Jax,TB,P,Pitcher Fantasy Score,28.5,standard,pre_game,2026-08-08T21:50:00.000-04:00
George Kirby,SEA,P,Batters Faced,24.5,standard,pre_game,2026-08-08T21:50:00.000-04:00
George Kirby,SEA,P,Pitcher Fantasy Score,24.5,goblin,pre_game,2026-08-08T21:50:00.000-04:00
Griffin Jax,TB,P,Batters Faced,21.5,standard,pre_game,2026-08-08T21:50:00.000-04:00
Griffin Jax,TB,P,Pitcher Fantasy Score,21.5,goblin,pre_game,2026-08-08T21:50:00.000-04:00
Yandy Díaz,TB,DH,Pitches Seen,18.5,standard,pre_game,2026-08-08T21:50:00.000-04:00
Jonathan Aranda,TB,IF,Pitches Seen,17.5,demon,pre_game,2026-08-08T21:50:00.000-04:00
Cole Young,SEA,IF,Pitches Seen,16.5,demon,pre_game,2026-08-08T21:50:00.000-04:00
Randy Arozarena,SEA,OF,Pitches Seen,16.5,demon,pre_game,2026-08-08T21:50:00.000-04:00
Junior Caminero,TB,IF,Pitches Seen,16.5,standard,pre_game,2026-08-08T21:50:00.000-04:00
Dominic Canzone,SEA,DH,Pitches Seen,15.5,standard,pre_game,2026-08-08T21:50:00.000-04:00
Liam Hicks,TB,C,Pitches Seen,15.5,standard,pre_game,2026-08-08T21:50:00.000-04:00
Julio Rodríguez,SEA,OF,Pitches Seen,14.5,standard,pre_game,2026-08-08T21:50:00.000-04:00
Yandy Díaz,TB,DH,Hitter Fantasy Score,11.5,demon,pre_game,2026-08-08T21:50:00.000-04:00
Junior Caminero,TB,IF,Hitter Fantasy Score,11.5,demon,pre_game,2026-08-08T21:50:00.000-04:00
Jonathan Aranda,TB,IF,Hitter Fantasy Score,9.5,demon,pre_game,2026-08-08T21:50:00.000-04:00
Victor Mesa Jr.,TB,OF,Hitter Fantasy Score,9.5,demon,pre_game,2026-08-08T21:50:00.000-04:00
Chandler Simpson,TB,OF,Hitter Fantasy Score,9.5,demon,pre_game,2026-08-08T21:50:00.000-04:00
Julio Rodríguez,SEA,OF,Hitter Fantasy Score,9.5,demon,pre_game,2026-08-08T21:50:00.000-04:00
Randy Arozarena,SEA,OF,Hitter Fantasy Score,9.5,demon,pre_game,2026-08-08T21:50:00.000-04:00
Cedric Mullins,TB,OF,Hitter Fantasy Score,9.5,demon,pre_game,2026-08-08T21:50:00.000-04:00
Liam Hicks,TB,C,Hitter Fantasy Score,8.5,demon,pre_game,2026-08-08T21:50:00.000-04:00
Cole Young,SEA,IF,Hitter Fantasy Score,8.5,demon,pre_game,2026-08-08T21:50:00.000-04:00
Taylor Walls,TB,IF,Hitter Fantasy Score,8.5,demon,pre_game,2026-08-08T21:50:00.000-04:00
Brendan Donovan,SEA,IF,Hitter Fantasy Score,7.5,demon,pre_game,2026-08-08T21:50:00.000-04:00
Dominic Canzone,SEA,DH,Hitter Fantasy Score,7.5,demon,pre_game,2026-08-08T21:50:00.000-04:00
Taylor Ward,SEA,OF,Hitter Fantasy Score,7.5,demon,pre_game,2026-08-08T21:50:00.000-04:00
Josh Naylor,SEA,IF,Hitter Fantasy Score,7.5,demon,pre_game,2026-08-08T21:50:00.000-04:00
Richie Palacios,TB,IF,Hitter Fantasy Score,7.5,demon,pre_game,2026-08-08T21:50:00.000-04:00
Cal Raleigh,SEA,C,Hitter Fantasy Score,7.5,demon,pre_game,2026-08-08T21:50:00.000-04:00
Yandy Díaz,TB,DH,Hitter Fantasy Score,6.5,standard,pre_game,2026-08-08T21:50:00.000-04:00
Jonathan Aranda,TB,IF,Hitter Fantasy Score,5.5,standard,pre_game,2026-08-08T21:50:00.000-04:00
Julio Rodríguez,SEA,OF,Hitter Fantasy Score,5.5,standard,pre_game,2026-08-08T21:50:00.000-04:00
Junior Caminero,TB,IF,Hitter Fantasy Score,5.5,standard,pre_game,2026-08-08T21:50:00.000-04:00
Randy Arozarena,SEA,OF,Hitter Fantasy Score,5.5,standard,pre_game,2026-08-08T21:50:00.000-04:00
Liam Hicks,TB,C,Hitter Fantasy Score,5.0,standard,pre_game,2026-08-08T21:50:00.000-04:00
Cole Young,SEA,IF,Hitter Fantasy Score,5.0,standard,pre_game,2026-08-08T21:50:00.000-04:00
Colt Emerson,SEA,IF,Hitter Fantasy Score,4.5,demon,pre_game,2026-08-08T21:50:00.000-04:00
Victor Mesa Jr.,TB,OF,Hitter Fantasy Score,4.5,standard,pre_game,2026-08-08T21:50:00.000-04:00
Chandler Simpson,TB,OF,Hitter Fantasy Score,4.5,standard,pre_game,2026-08-08T21:50:00.000-04:00
Brendan Donovan,SEA,IF,Hitter Fantasy Score,4.5,standard,pre_game,2026-08-08T21:50:00.000-04:00
Dominic Canzone,SEA,DH,Hitter Fantasy Score,4.5,standard,pre_game,2026-08-08T21:50:00.000-04:00
Josh Naylor,SEA,IF,Hitter Fantasy Score,4.5,standard,pre_game,2026-08-08T21:50:00.000-04:00
Cedric Mullins,TB,OF,Hitter Fantasy Score,4.5,standard,pre_game,2026-08-08T21:50:00.000-04:00
Cal Raleigh,SEA,C,Hitter Fantasy Score,4.5,standard,pre_game,2026-08-08T21:50:00.000-04:00
Julio Rodríguez,SEA,OF,Plate Appearances,4.5,demon,pre_game,2026-08-08T21:50:00.000-04:00
Yandy Díaz,TB,DH,Plate Appearances,4.5,goblin,pre_game,2026-08-08T21:50:00.000-04:00
Cole Young,SEA,IF,Plate Appearances,4.5,demon,pre_game,2026-08-08T21:50:00.000-04:00
Jonathan Aranda,TB,IF,Plate Appearances,4.5,demon,pre_game,2026-08-08T21:50:00.000-04:00
Randy Arozarena,SEA,OF,Plate Appearances,4.5,demon,pre_game,2026-08-08T21:50:00.000-04:00
Dominic Canzone,SEA,DH,Plate Appearances,4.5,demon,pre_game,2026-08-08T21:50:00.000-04:00
Junior Caminero,TB,IF,Plate Appearances,4.5,demon,pre_game,2026-08-08T21:50:00.000-04:00
Liam Hicks,TB,C,Plate Appearances,4.5,demon,pre_game,2026-08-08T21:50:00.000-04:00
Yandy Díaz,TB,DH,Hitter Fantasy Score,3.5,goblin,pre_game,2026-08-08T21:50:00.000-04:00
Taylor Ward,SEA,OF,Hitter Fantasy Score,3.5,standard,pre_game,2026-08-08T21:50:00.000-04:00
Richie Palacios,TB,IF,Hitter Fantasy Score,3.5,standard,pre_game,2026-08-08T21:50:00.000-04:00
Taylor Walls,TB,IF,Hitter Fantasy Score,3.5,standard,pre_game,2026-08-08T21:50:00.000-04:00
Colt Emerson,SEA,IF,Hitter Fantasy Score,2.5,standard,pre_game,2026-08-08T21:50:00.000-04:00
Liam Hicks,TB,C,Hitter Fantasy Score,2.5,goblin,pre_game,2026-08-08T21:50:00.000-04:00
Jonathan Aranda,TB,IF,Hitter Fantasy Score,2.5,goblin,pre_game,2026-08-08T21:50:00.000-04:00
Victor Mesa Jr.,TB,OF,Hitter Fantasy Score,2.5,goblin,pre_game,2026-08-08T21:50:00.000-04:00
Chandler Simpson,TB,OF,Hitter Fantasy Score,2.5,goblin,pre_game,2026-08-08T21:50:00.000-04:00
Brendan Donovan,SEA,IF,Hitter Fantasy Score,2.5,goblin,pre_game,2026-08-08T21:50:00.000-04:00
Julio Rodríguez,SEA,OF,Hitter Fantasy Score,2.5,goblin,pre_game,2026-08-08T21:50:00.000-04:00
Junior Caminero,TB,IF,Hitter Fantasy Score,2.5,goblin,pre_game,2026-08-08T21:50:00.000-04:00
Randy Arozarena,SEA,OF,Hitter Fantasy Score,2.5,goblin,pre_game,2026-08-08T21:50:00.000-04:00
Cole Young,SEA,IF,Hitter Fantasy Score,2.5,goblin,pre_game,2026-08-08T21:50:00.000-04:00
Colt Emerson,SEA,IF,Hitter Fantasy Score,1.5,goblin,pre_game,2026-08-08T21:50:00.000-04:00
Dominic Canzone,SEA,DH,Hitter Fantasy Score,1.5,goblin,pre_game,2026-08-08T21:50:00.000-04:00
Taylor Ward,SEA,OF,Hitter Fantasy Score,1.5,goblin,pre_game,2026-08-08T21:50:00.000-04:00
Josh Naylor,SEA,IF,Hitter Fantasy Score,1.5,goblin,pre_game,2026-08-08T21:50:00.000-04:00
Richie Palacios,TB,IF,Hitter Fantasy Score,1.5,goblin,pre_game,2026-08-08T21:50:00.000-04:00
Taylor Walls,TB,IF,Hitter Fantasy Score,1.5,goblin,pre_game,2026-08-08T21:50:00.000-04:00
Cedric Mullins,TB,OF,Hitter Fantasy Score,1.5,goblin,pre_game,2026-08-08T21:50:00.000-04:00
Cal Raleigh,SEA,C,Hitter Fantasy Score,1.5,goblin,pre_game,2026-08-08T21:50:00.000-04:00
George Kirby,SEA,P,Pitching Outs,23.5,demon,pre_game,2026-08-08T21:50:00.000-04:00
Griffin Jax,TB,P,Pitching Outs,20.5,demon,pre_game,2026-08-08T21:50:00.000-04:00
George Kirby,SEA,P,Pitching Outs,18.5,demon,pre_game,2026-08-08T21:50:00.000-04:00
George Kirby,SEA,P,Pitching Outs,17.5,goblin,pre_game,2026-08-08T21:50:00.000-04:00
Griffin Jax,TB,P,Pitching Outs,15.5,demon,pre_game,2026-08-08T21:50:00.000-04:00
Griffin Jax,TB,P,Pitching Outs,14.5,goblin,pre_game,2026-08-08T21:50:00.000-04:00
Griffin Jax + George Kirby,TB/SEA,P,Pitcher Strikeouts (Combo),11.5,demon,pre_game,2026-08-08T21:50:00.000-04:00
George Kirby,SEA,P,Hits Allowed,9.5,demon,pre_game,2026-08-08T21:50:00.000-04:00
George Kirby,SEA,P,Pitcher Strikeouts,8.5,demon,pre_game,2026-08-08T21:50:00.000-04:00
Griffin Jax,TB,P,Pitcher Strikeouts,8.5,demon,pre_game,2026-08-08T21:50:00.000-04:00
George Kirby,SEA,P,Pitcher Strikeouts,7.5,demon,pre_game,2026-08-08T21:50:00.000-04:00
Griffin Jax,TB,P,Pitcher Strikeouts,7.5,demon,pre_game,2026-08-08T21:50:00.000-04:00
George Kirby,SEA,P,Hits Allowed,7.5,demon,pre_game,2026-08-08T21:50:00.000-04:00
Griffin Jax,TB,P,Hits Allowed,7.5,demon,pre_game,2026-08-08T21:50:00.000-04:00
George Kirby,SEA,P,Pitcher Strikeouts,6.5,demon,pre_game,2026-08-08T21:50:00.000-04:00
Griffin Jax,TB,P,Pitcher Strikeouts,6.5,demon,pre_game,2026-08-08T21:50:00.000-04:00
George Kirby,SEA,P,Hits Allowed,6.5,demon,pre_game,2026-08-08T21:50:00.000-04:00
Junior Caminero,TB,IF,Hits+Runs+RBIs,6.5,demon,pre_game,2026-08-08T21:50:00.000-04:00
George Kirby,SEA,P,Pitcher Strikeouts,5.5,demon,pre_game,2026-08-08T21:50:00.000-04:00
Junior Caminero,TB,IF,Total Bases,5.5,demon,pre_game,2026-08-08T21:50:00.000-04:00
Liam Hicks,TB,C,Total Bases,5.5,demon,pre_game,2026-08-08T21:50:00.000-04:00
Yandy Díaz,TB,DH,Total Bases,5.5,demon,pre_game,2026-08-08T21:50:00.000-04:00
Dominic Canzone,SEA,DH,Total Bases,5.5,demon,pre_game,2026-08-08T21:50:00.000-04:00
Jonathan Aranda,TB,IF,Total Bases,5.5,demon,pre_game,2026-08-08T21:50:00.000-04:00
Julio Rodríguez,SEA,OF,Total Bases,5.5,demon,pre_game,2026-08-08T21:50:00.000-04:00
George Kirby,SEA,P,Hits Allowed,5.5,standard,pre_game,2026-08-08T21:50:00.000-04:00
Josh Naylor,SEA,IF,Hits+Runs+RBIs,5.5,demon,pre_game,2026-08-08T21:50:00.000-04:00
Victor Mesa Jr.,TB,OF,Hits+Runs+RBIs,5.5,demon,pre_game,2026-08-08T21:50:00.000-04:00
Cal Raleigh,SEA,C,Hits+Runs+RBIs,5.5,demon,pre_game,2026-08-08T21:50:00.000-04:00
Dominic Canzone,SEA,DH,Hits+Runs+RBIs,5.5,demon,pre_game,2026-08-08T21:50:00.000-04:00
Cedric Mullins,TB,OF,Hits+Runs+RBIs,5.5,demon,pre_game,2026-08-08T21:50:00.000-04:00
Cal Raleigh,SEA,C,Total Bases,5.5,demon,pre_game,2026-08-08T21:50:00.000-04:00
Cole Young,SEA,IF,Hits+Runs+RBIs,5.5,demon,pre_game,2026-08-08T21:50:00.000-04:00
Julio Rodríguez,SEA,OF,Hits+Runs+RBIs,5.5,demon,pre_game,2026-08-08T21:50:00.000-04:00
Liam Hicks,TB,C,Hits+Runs+RBIs,5.5,demon,pre_game,2026-08-08T21:50:00.000-04:00
Randy Arozarena,SEA,OF,Hits+Runs+RBIs,5.5,demon,pre_game,2026-08-08T21:50:00.000-04:00
Yandy Díaz,TB,DH,Hits+Runs+RBIs,5.5,demon,pre_game,2026-08-08T21:50:00.000-04:00
Jonathan Aranda,TB,IF,Hits+Runs+RBIs,5.5,demon,pre_game,2026-08-08T21:50:00.000-04:00
George Kirby,SEA,P,Earned Runs Allowed,5.5,demon,pre_game,2026-08-08T21:50:00.000-04:00
Griffin Jax,TB,P,Hits Allowed,5.5,demon,pre_game,2026-08-08T21:50:00.000-04:00
Griffin Jax,TB,P,Earned Runs Allowed,5.5,demon,pre_game,2026-08-08T21:50:00.000-04:00
Chandler Simpson,TB,OF,Total Bases,5.5,demon,pre_game,2026-08-08T21:50:00.000-04:00
Griffin Jax,TB,P,Pitcher Strikeouts,5.5,standard,pre_game,2026-08-08T21:50:00.000-04:00
George Kirby,SEA,P,Pitcher Strikeouts,5.0,standard,pre_game,2026-08-08T21:50:00.000-04:00
George Kirby,SEA,P,Pitcher Strikeouts,4.5,goblin,pre_game,2026-08-08T21:50:00.000-04:00
Griffin Jax,TB,P,Pitcher Strikeouts,4.5,goblin,pre_game,2026-08-08T21:50:00.000-04:00
Josh Naylor,SEA,IF,Total Bases,4.5,demon,pre_game,2026-08-08T21:50:00.000-04:00
Cole Young,SEA,IF,Total Bases,4.5,demon,pre_game,2026-08-08T21:50:00.000-04:00
Randy Arozarena,SEA,OF,Total Bases,4.5,demon,pre_game,2026-08-08T21:50:00.000-04:00
Victor Mesa Jr.,TB,OF,Total Bases,4.5,demon,pre_game,2026-08-08T21:50:00.000-04:00
Cedric Mullins,TB,OF,Total Bases,4.5,demon,pre_game,2026-08-08T21:50:00.000-04:00
Brendan Donovan,SEA,IF,Total Bases,4.5,demon,pre_game,2026-08-08T21:50:00.000-04:00
Taylor Ward,SEA,OF,Total Bases,4.5,demon,pre_game,2026-08-08T21:50:00.000-04:00
Griffin Jax,TB,P,Hits Allowed,4.5,demon,pre_game,2026-08-08T21:50:00.000-04:00
Chandler Simpson,TB,OF,Hits+Runs+RBIs,4.5,demon,pre_game,2026-08-08T21:50:00.000-04:00
Taylor Ward,SEA,OF,Hits+Runs+RBIs,4.5,demon,pre_game,2026-08-08T21:50:00.000-04:00
Taylor Walls,TB,IF,Hits+Runs+RBIs,4.5,demon,pre_game,2026-08-08T21:50:00.000-04:00
Julio Rodríguez,SEA,OF,Hits+Runs+RBIs,4.5,demon,pre_game,2026-08-08T21:50:00.000-04:00
Brendan Donovan,SEA,IF,Hits+Runs+RBIs,4.5,demon,pre_game,2026-08-08T21:50:00.000-04:00
Yandy Díaz,TB,DH,Hits+Runs+RBIs,4.5,demon,pre_game,2026-08-08T21:50:00.000-04:00
Colt Emerson,SEA,IF,Total Bases,4.5,demon,pre_game,2026-08-08T21:50:00.000-04:00
Colt Emerson,SEA,IF,Hits+Runs+RBIs,4.5,demon,pre_game,2026-08-08T21:50:00.000-04:00
Junior Caminero,TB,IF,Hits+Runs+RBIs,4.5,demon,pre_game,2026-08-08T21:50:00.000-04:00
George Kirby,SEA,P,Hits Allowed,4.5,goblin,pre_game,2026-08-08T21:50:00.000-04:00
Richie Palacios,TB,IF,Hits+Runs+RBIs,4.5,demon,pre_game,2026-08-08T21:50:00.000-04:00
Griffin Jax,TB,P,Hits Allowed,4.0,standard,pre_game,2026-08-08T21:50:00.000-04:00
George Kirby,SEA,P,Pitcher Strikeouts,3.5,goblin,pre_game,2026-08-08T21:50:00.000-04:00
Griffin Jax,TB,P,Pitcher Strikeouts,3.5,goblin,pre_game,2026-08-08T21:50:00.000-04:00
Junior Caminero,TB,IF,Total Bases,3.5,demon,pre_game,2026-08-08T21:50:00.000-04:00
Cal Raleigh,SEA,C,Total Bases,3.5,demon,pre_game,2026-08-08T21:50:00.000-04:00
Josh Naylor,SEA,IF,Total Bases,3.5,demon,pre_game,2026-08-08T21:50:00.000-04:00
Liam Hicks,TB,C,Total Bases,3.5,demon,pre_game,2026-08-08T21:50:00.000-04:00
Cole Young,SEA,IF,Total Bases,3.5,demon,pre_game,2026-08-08T21:50:00.000-04:00
Yandy Díaz,TB,DH,Total Bases,3.5,demon,pre_game,2026-08-08T21:50:00.000-04:00
Richie Palacios,TB,IF,Total Bases,3.5,demon,pre_game,2026-08-08T21:50:00.000-04:00
Randy Arozarena,SEA,OF,Total Bases,3.5,demon,pre_game,2026-08-08T21:50:00.000-04:00
Victor Mesa Jr.,TB,OF,Total Bases,3.5,demon,pre_game,2026-08-08T21:50:00.000-04:00
Colt Emerson,SEA,IF,Total Bases,3.5,demon,pre_game,2026-08-08T21:50:00.000-04:00
Dominic Canzone,SEA,DH,Total Bases,3.5,demon,pre_game,2026-08-08T21:50:00.000-04:00
Cedric Mullins,TB,OF,Total Bases,3.5,demon,pre_game,2026-08-08T21:50:00.000-04:00
Jonathan Aranda,TB,IF,Total Bases,3.5,demon,pre_game,2026-08-08T21:50:00.000-04:00
Brendan Donovan,SEA,IF,Total Bases,3.5,demon,pre_game,2026-08-08T21:50:00.000-04:00
Julio Rodríguez,SEA,OF,Total Bases,3.5,demon,pre_game,2026-08-08T21:50:00.000-04:00
Taylor Walls,TB,IF,Total Bases,3.5,demon,pre_game,2026-08-08T21:50:00.000-04:00
Chandler Simpson,TB,OF,Total Bases,3.5,demon,pre_game,2026-08-08T21:50:00.000-04:00
Taylor Ward,SEA,OF,Total Bases,3.5,demon,pre_game,2026-08-08T21:50:00.000-04:00
George Kirby,SEA,P,Earned Runs Allowed,3.5,demon,pre_game,2026-08-08T21:50:00.000-04:00
Griffin Jax,TB,P,Earned Runs Allowed,3.5,demon,pre_game,2026-08-08T21:50:00.000-04:00
George Kirby,SEA,P,Hits Allowed,3.5,goblin,pre_game,2026-08-08T21:50:00.000-04:00
Griffin Jax,TB,P,Hits Allowed,3.5,goblin,pre_game,2026-08-08T21:50:00.000-04:00
Cole Young,SEA,IF,Hits+Runs+RBIs,3.5,demon,pre_game,2026-08-08T21:50:00.000-04:00
Taylor Ward,SEA,OF,Hits+Runs+RBIs,3.5,demon,pre_game,2026-08-08T21:50:00.000-04:00
Cedric Mullins,TB,OF,Hits+Runs+RBIs,3.5,demon,pre_game,2026-08-08T21:50:00.000-04:00
Jonathan Aranda,TB,IF,Hits+Runs+RBIs,3.5,demon,pre_game,2026-08-08T21:50:00.000-04:00
Cal Raleigh,SEA,C,Hits+Runs+RBIs,3.5,demon,pre_game,2026-08-08T21:50:00.000-04:00
Liam Hicks,TB,C,Hits+Runs+RBIs,3.5,demon,pre_game,2026-08-08T21:50:00.000-04:00
Yandy Díaz,TB,DH,Hits+Runs+RBIs,3.5,demon,pre_game,2026-08-08T21:50:00.000-04:00
Taylor Walls,TB,IF,Hits+Runs+RBIs,3.5,demon,pre_game,2026-08-08T21:50:00.000-04:00
Josh Naylor,SEA,IF,Hits+Runs+RBIs,3.5,demon,pre_game,2026-08-08T21:50:00.000-04:00
Julio Rodríguez,SEA,OF,Hits+Runs+RBIs,3.5,demon,pre_game,2026-08-08T21:50:00.000-04:00
Victor Mesa Jr.,TB,OF,Hits+Runs+RBIs,3.5,demon,pre_game,2026-08-08T21:50:00.000-04:00
Dominic Canzone,SEA,DH,Hits+Runs+RBIs,3.5,demon,pre_game,2026-08-08T21:50:00.000-04:00
Brendan Donovan,SEA,IF,Hits+Runs+RBIs,3.5,demon,pre_game,2026-08-08T21:50:00.000-04:00
Chandler Simpson,TB,OF,Hits+Runs+RBIs,3.5,demon,pre_game,2026-08-08T21:50:00.000-04:00
Colt Emerson,SEA,IF,Hits+Runs+RBIs,3.5,demon,pre_game,2026-08-08T21:50:00.000-04:00
Randy Arozarena,SEA,OF,Hits+Runs+RBIs,3.5,demon,pre_game,2026-08-08T21:50:00.000-04:00
Junior Caminero,TB,IF,Hits+Runs+RBIs,3.5,demon,pre_game,2026-08-08T21:50:00.000-04:00
Richie Palacios,TB,IF,Hits+Runs+RBIs,3.5,demon,pre_game,2026-08-08T21:50:00.000-04:00
Griffin Jax,TB,P,Walks Allowed,3.5,demon,pre_game,2026-08-08T21:50:00.000-04:00
Junior Caminero,TB,IF,Total Bases,2.5,demon,pre_game,2026-08-08T21:50:00.000-04:00
Josh Naylor,SEA,IF,Total Bases,2.5,demon,pre_game,2026-08-08T21:50:00.000-04:00
Cole Young,SEA,IF,Total Bases,2.5,demon,pre_game,2026-08-08T21:50:00.000-04:00
Liam Hicks,TB,C,Total Bases,2.5,demon,pre_game,2026-08-08T21:50:00.000-04:00
Richie Palacios,TB,IF,Total Bases,2.5,demon,pre_game,2026-08-08T21:50:00.000-04:00
Yandy Díaz,TB,DH,Total Bases,2.5,demon,pre_game,2026-08-08T21:50:00.000-04:00
Randy Arozarena,SEA,OF,Total Bases,2.5,demon,pre_game,2026-08-08T21:50:00.000-04:00
Victor Mesa Jr.,TB,OF,Total Bases,2.5,demon,pre_game,2026-08-08T21:50:00.000-04:00
Cal Raleigh,SEA,C,Total Bases,2.5,demon,pre_game,2026-08-08T21:50:00.000-04:00
Colt Emerson,SEA,IF,Total Bases,2.5,demon,pre_game,2026-08-08T21:50:00.000-04:00
Cedric Mullins,TB,OF,Total Bases,2.5,demon,pre_game,2026-08-08T21:50:00.000-04:00
Dominic Canzone,SEA,DH,Total Bases,2.5,demon,pre_game,2026-08-08T21:50:00.000-04:00
Jonathan Aranda,TB,IF,Total Bases,2.5,demon,pre_game,2026-08-08T21:50:00.000-04:00
Brendan Donovan,SEA,IF,Total Bases,2.5,demon,pre_game,2026-08-08T21:50:00.000-04:00
Julio Rodríguez,SEA,OF,Total Bases,2.5,demon,pre_game,2026-08-08T21:50:00.000-04:00
Taylor Walls,TB,IF,Total Bases,2.5,demon,pre_game,2026-08-08T21:50:00.000-04:00
Chandler Simpson,TB,OF,Total Bases,2.5,demon,pre_game,2026-08-08T21:50:00.000-04:00
Taylor Ward,SEA,OF,Total Bases,2.5,demon,pre_game,2026-08-08T21:50:00.000-04:00
George Kirby,SEA,P,Pitcher Strikeouts,2.5,goblin,pre_game,2026-08-08T21:50:00.000-04:00
George Kirby,SEA,P,Earned Runs Allowed,2.5,demon,pre_game,2026-08-08T21:50:00.000-04:00
Griffin Jax,TB,P,Walks Allowed,2.5,demon,pre_game,2026-08-08T21:50:00.000-04:00
Dominic Canzone,SEA,DH,Hitter Strikeouts,2.5,demon,pre_game,2026-08-08T21:50:00.000-04:00
Junior Caminero,TB,IF,Hitter Strikeouts,2.5,demon,pre_game,2026-08-08T21:50:00.000-04:00
Junior Caminero,TB,IF,Hits,2.5,demon,pre_game,2026-08-08T21:50:00.000-04:00
Cal Raleigh,SEA,C,Hitter Strikeouts,2.5,demon,pre_game,2026-08-08T21:50:00.000-04:00
George Kirby,SEA,P,Walks Allowed,2.5,demon,pre_game,2026-08-08T21:50:00.000-04:00
Dominic Canzone,SEA,DH,RBIs,2.5,demon,pre_game,2026-08-08T21:50:00.000-04:00
Jonathan Aranda,TB,IF,Hitter Strikeouts,2.5,demon,pre_game,2026-08-08T21:50:00.000-04:00
Victor Mesa Jr.,TB,OF,Hitter Strikeouts,2.5,demon,pre_game,2026-08-08T21:50:00.000-04:00
Julio Rodríguez,SEA,OF,RBIs,2.5,demon,pre_game,2026-08-08T21:50:00.000-04:00
Chandler Simpson,TB,OF,Hits,2.5,demon,pre_game,2026-08-08T21:50:00.000-04:00
Cal Raleigh,SEA,C,RBIs,2.5,demon,pre_game,2026-08-08T21:50:00.000-04:00
Julio Rodríguez,SEA,OF,Hits,2.5,demon,pre_game,2026-08-08T21:50:00.000-04:00
Liam Hicks,TB,C,Hits,2.5,demon,pre_game,2026-08-08T21:50:00.000-04:00
Junior Caminero,TB,IF,RBIs,2.5,demon,pre_game,2026-08-08T21:50:00.000-04:00
Randy Arozarena,SEA,OF,Hits,2.5,demon,pre_game,2026-08-08T21:50:00.000-04:00
Randy Arozarena,SEA,OF,Hitter Strikeouts,2.5,demon,pre_game,2026-08-08T21:50:00.000-04:00
Colt Emerson,SEA,IF,Hitter Strikeouts,2.5,demon,pre_game,2026-08-08T21:50:00.000-04:00
Taylor Ward,SEA,OF,Hitter Strikeouts,2.5,demon,pre_game,2026-08-08T21:50:00.000-04:00
Cole Young,SEA,IF,Hits,2.5,demon,pre_game,2026-08-08T21:50:00.000-04:00
Dominic Canzone,SEA,DH,Hits,2.5,demon,pre_game,2026-08-08T21:50:00.000-04:00
Yandy Díaz,TB,DH,Hits,2.5,demon,pre_game,2026-08-08T21:50:00.000-04:00
Jonathan Aranda,TB,IF,Hits,2.5,demon,pre_game,2026-08-08T21:50:00.000-04:00
Julio Rodríguez,SEA,OF,Hitter Strikeouts,2.5,demon,pre_game,2026-08-08T21:50:00.000-04:00
Taylor Walls,TB,IF,Hitter Strikeouts,2.5,demon,pre_game,2026-08-08T21:50:00.000-04:00
Josh Naylor,SEA,IF,Hits,2.5,demon,pre_game,2026-08-08T21:50:00.000-04:00
Cole Young,SEA,IF,Hits+Runs+RBIs,2.5,demon,pre_game,2026-08-08T21:50:00.000-04:00
Yandy Díaz,TB,DH,Hits+Runs+RBIs,2.5,demon,pre_game,2026-08-08T21:50:00.000-04:00
Julio Rodríguez,SEA,OF,Hits+Runs+RBIs,2.5,demon,pre_game,2026-08-08T21:50:00.000-04:00
Chandler Simpson,TB,OF,Hits+Runs+RBIs,2.5,demon,pre_game,2026-08-08T21:50:00.000-04:00
Taylor Ward,SEA,OF,Hits+Runs+RBIs,2.5,demon,pre_game,2026-08-08T21:50:00.000-04:00
Colt Emerson,SEA,IF,Hits+Runs+RBIs,2.5,demon,pre_game,2026-08-08T21:50:00.000-04:00
Brendan Donovan,SEA,IF,Hits+Runs+RBIs,2.5,demon,pre_game,2026-08-08T21:50:00.000-04:00
Jonathan Aranda,TB,IF,Hits+Runs+RBIs,2.5,demon,pre_game,2026-08-08T21:50:00.000-04:00
Cal Raleigh,SEA,C,Hits+Runs+RBIs,2.5,demon,pre_game,2026-08-08T21:50:00.000-04:00
Liam Hicks,TB,C,Hits+Runs+RBIs,2.5,demon,pre_game,2026-08-08T21:50:00.000-04:00
Taylor Walls,TB,IF,Hits+Runs+RBIs,2.5,demon,pre_game,2026-08-08T21:50:00.000-04:00
Dominic Canzone,SEA,DH,Hits+Runs+RBIs,2.5,demon,pre_game,2026-08-08T21:50:00.000-04:00
Cedric Mullins,TB,OF,Hits+Runs+RBIs,2.5,demon,pre_game,2026-08-08T21:50:00.000-04:00
Victor Mesa Jr.,TB,OF,Hits+Runs+RBIs,2.5,demon,pre_game,2026-08-08T21:50:00.000-04:00
Richie Palacios,TB,IF,Hits+Runs+RBIs,2.5,demon,pre_game,2026-08-08T21:50:00.000-04:00
Junior Caminero,TB,IF,Hits+Runs+RBIs,2.5,demon,pre_game,2026-08-08T21:50:00.000-04:00
Randy Arozarena,SEA,OF,Hits+Runs+RBIs,2.5,demon,pre_game,2026-08-08T21:50:00.000-04:00
Josh Naylor,SEA,IF,Hits+Runs+RBIs,2.5,demon,pre_game,2026-08-08T21:50:00.000-04:00
Griffin Jax,TB,P,Hits Allowed,2.5,goblin,pre_game,2026-08-08T21:50:00.000-04:00
Cedric Mullins,TB,OF,RBIs,2.5,demon,pre_game,2026-08-08T21:50:00.000-04:00
Cole Young,SEA,IF,Hitter Strikeouts,2.5,demon,pre_game,2026-08-08T21:50:00.000-04:00
Griffin Jax,TB,P,Earned Runs Allowed,2.5,demon,pre_game,2026-08-08T21:50:00.000-04:00
Colt Emerson,SEA,IF,RBIs,1.5,demon,pre_game,2026-08-08T21:50:00.000-04:00
Jonathan Aranda,TB,IF,Runs,1.5,demon,pre_game,2026-08-08T21:50:00.000-04:00
Dominic Canzone,SEA,DH,Hits+Runs+RBIs,1.5,demon,pre_game,2026-08-08T21:50:00.000-04:00
Randy Arozarena,SEA,OF,Runs,1.5,demon,pre_game,2026-08-08T21:50:00.000-04:00
Chandler Simpson,TB,OF,RBIs,1.5,demon,pre_game,2026-08-08T21:50:00.000-04:00
Josh Naylor,SEA,IF,Total Bases,1.5,demon,pre_game,2026-08-08T21:50:00.000-04:00
Taylor Ward,SEA,OF,Runs,1.5,demon,pre_game,2026-08-08T21:50:00.000-04:00
Liam Hicks,TB,C,Runs,1.5,demon,pre_game,2026-08-08T21:50:00.000-04:00
Cole Young,SEA,IF,RBIs,1.5,demon,pre_game,2026-08-08T21:50:00.000-04:00
Julio Rodríguez,SEA,OF,Runs,1.5,demon,pre_game,2026-08-08T21:50:00.000-04:00
Jonathan Aranda,TB,IF,RBIs,1.5,demon,pre_game,2026-08-08T21:50:00.000-04:00
Taylor Walls,TB,IF,RBIs,1.5,demon,pre_game,2026-08-08T21:50:00.000-04:00
Taylor Ward,SEA,OF,RBIs,1.5,demon,pre_game,2026-08-08T21:50:00.000-04:00
Randy Arozarena,SEA,OF,Hits,1.5,demon,pre_game,2026-08-08T21:50:00.000-04:00
Dominic Canzone,SEA,DH,Runs,1.5,demon,pre_game,2026-08-08T21:50:00.000-04:00
Liam Hicks,TB,C,Total Bases,1.5,demon,pre_game,2026-08-08T21:50:00.000-04:00
Cole Young,SEA,IF,Total Bases,1.5,demon,pre_game,2026-08-08T21:50:00.000-04:00
Jonathan Aranda,TB,IF,Hits,1.5,demon,pre_game,2026-08-08T21:50:00.000-04:00
Josh Naylor,SEA,IF,Hits+Runs+RBIs,1.5,demon,pre_game,2026-08-08T21:50:00.000-04:00
Taylor Ward,SEA,OF,Hits+Runs+RBIs,1.5,demon,pre_game,2026-08-08T21:50:00.000-04:00
Taylor Walls,TB,IF,Hits,1.5,demon,pre_game,2026-08-08T21:50:00.000-04:00
Cal Raleigh,SEA,C,Runs,1.5,demon,pre_game,2026-08-08T21:50:00.000-04:00
Richie Palacios,TB,IF,RBIs,1.5,demon,pre_game,2026-08-08T21:50:00.000-04:00
Cedric Mullins,TB,OF,Hits+Runs+RBIs,1.5,demon,pre_game,2026-08-08T21:50:00.000-04:00
Yandy Díaz,TB,DH,RBIs,1.5,demon,pre_game,2026-08-08T21:50:00.000-04:00
Yandy Díaz,TB,DH,Runs,1.5,demon,pre_game,2026-08-08T21:50:00.000-04:00
Cal Raleigh,SEA,C,Hits+Runs+RBIs,1.5,demon,pre_game,2026-08-08T21:50:00.000-04:00
Victor Mesa Jr.,TB,OF,RBIs,1.5,demon,pre_game,2026-08-08T21:50:00.000-04:00
Yandy Díaz,TB,DH,Total Bases,1.5,demon,pre_game,2026-08-08T21:50:00.000-04:00
Brendan Donovan,SEA,IF,RBIs,1.5,demon,pre_game,2026-08-08T21:50:00.000-04:00
Richie Palacios,TB,IF,Total Bases,1.5,demon,pre_game,2026-08-08T21:50:00.000-04:00
Randy Arozarena,SEA,OF,Total Bases,1.5,demon,pre_game,2026-08-08T21:50:00.000-04:00
Julio Rodríguez,SEA,OF,Hits,1.5,demon,pre_game,2026-08-08T21:50:00.000-04:00
Victor Mesa Jr.,TB,OF,Total Bases,1.5,demon,pre_game,2026-08-08T21:50:00.000-04:00
Taylor Walls,TB,IF,Hits+Runs+RBIs,1.5,demon,pre_game,2026-08-08T21:50:00.000-04:00
Cole Young,SEA,IF,Runs,1.5,demon,pre_game,2026-08-08T21:50:00.000-04:00
Dominic Canzone,SEA,DH,Hits,1.5,demon,pre_game,2026-08-08T21:50:00.000-04:00
Colt Emerson,SEA,IF,Hits+Runs+RBIs,1.5,demon,pre_game,2026-08-08T21:50:00.000-04:00
Cedric Mullins,TB,OF,Runs,1.5,demon,pre_game,2026-08-08T21:50:00.000-04:00
Victor Mesa Jr.,TB,OF,Hits+Runs+RBIs,1.5,demon,pre_game,2026-08-08T21:50:00.000-04:00
Cal Raleigh,SEA,C,Total Bases,1.5,demon,pre_game,2026-08-08T21:50:00.000-04:00
Junior Caminero,TB,IF,Hits,1.5,demon,pre_game,2026-08-08T21:50:00.000-04:00
Cole Young,SEA,IF,Hits+Runs+RBIs,1.5,demon,pre_game,2026-08-08T21:50:00.000-04:00
Liam Hicks,TB,C,Hits,1.5,demon,pre_game,2026-08-08T21:50:00.000-04:00
Cole Young,SEA,IF,Hits,1.5,demon,pre_game,2026-08-08T21:50:00.000-04:00
Colt Emerson,SEA,IF,Total Bases,1.5,demon,pre_game,2026-08-08T21:50:00.000-04:00
Brendan Donovan,SEA,IF,Hits,1.5,demon,pre_game,2026-08-08T21:50:00.000-04:00
Junior Caminero,TB,IF,Runs,1.5,demon,pre_game,2026-08-08T21:50:00.000-04:00
Cal Raleigh,SEA,C,Hits,1.5,demon,pre_game,2026-08-08T21:50:00.000-04:00
Brendan Donovan,SEA,IF,Hits+Runs+RBIs,1.5,demon,pre_game,2026-08-08T21:50:00.000-04:00
Cedric Mullins,TB,OF,Total Bases,1.5,demon,pre_game,2026-08-08T21:50:00.000-04:00
Dominic Canzone,SEA,DH,Total Bases,1.5,demon,pre_game,2026-08-08T21:50:00.000-04:00
Josh Naylor,SEA,IF,RBIs,1.5,demon,pre_game,2026-08-08T21:50:00.000-04:00
Josh Naylor,SEA,IF,Hits,1.5,demon,pre_game,2026-08-08T21:50:00.000-04:00
Colt Emerson,SEA,IF,Hits,1.5,demon,pre_game,2026-08-08T21:50:00.000-04:00
Chandler Simpson,TB,OF,Hits,1.5,demon,pre_game,2026-08-08T21:50:00.000-04:00
Jonathan Aranda,TB,IF,Total Bases,1.5,demon,pre_game,2026-08-08T21:50:00.000-04:00
Brendan Donovan,SEA,IF,Total Bases,1.5,demon,pre_game,2026-08-08T21:50:00.000-04:00
Liam Hicks,TB,C,RBIs,1.5,demon,pre_game,2026-08-08T21:50:00.000-04:00
Julio Rodríguez,SEA,OF,Total Bases,1.5,demon,pre_game,2026-08-08T21:50:00.000-04:00
Taylor Walls,TB,IF,Total Bases,1.5,demon,pre_game,2026-08-08T21:50:00.000-04:00
Richie Palacios,TB,IF,Hits,1.5,demon,pre_game,2026-08-08T21:50:00.000-04:00
Victor Mesa Jr.,TB,OF,Runs,1.5,demon,pre_game,2026-08-08T21:50:00.000-04:00
Yandy Díaz,TB,DH,Hits,1.5,demon,pre_game,2026-08-08T21:50:00.000-04:00
Chandler Simpson,TB,OF,Total Bases,1.5,demon,pre_game,2026-08-08T21:50:00.000-04:00
Victor Mesa Jr.,TB,OF,Hits,1.5,demon,pre_game,2026-08-08T21:50:00.000-04:00
Taylor Ward,SEA,OF,Total Bases,1.5,demon,pre_game,2026-08-08T21:50:00.000-04:00
Taylor Ward,SEA,OF,Hits,1.5,demon,pre_game,2026-08-08T21:50:00.000-04:00
Randy Arozarena,SEA,OF,Hits+Runs+RBIs,1.5,demon,pre_game,2026-08-08T21:50:00.000-04:00
Randy Arozarena,SEA,OF,RBIs,1.5,demon,pre_game,2026-08-08T21:50:00.000-04:00
Richie Palacios,TB,IF,Hits+Runs+RBIs,1.5,demon,pre_game,2026-08-08T21:50:00.000-04:00
Josh Naylor,SEA,IF,Runs,1.5,demon,pre_game,2026-08-08T21:50:00.000-04:00
Cedric Mullins,TB,OF,Hits,1.5,demon,pre_game,2026-08-08T21:50:00.000-04:00
Julio Rodríguez,SEA,OF,Singles,1.5,demon,pre_game,2026-08-08T21:50:00.000-04:00
Cole Young,SEA,IF,Singles,1.5,demon,pre_game,2026-08-08T21:50:00.000-04:00
Chandler Simpson,TB,OF,Singles,1.5,demon,pre_game,2026-08-08T21:50:00.000-04:00
Liam Hicks,TB,C,Singles,1.5,demon,pre_game,2026-08-08T21:50:00.000-04:00
Jonathan Aranda,TB,IF,Singles,1.5,demon,pre_game,2026-08-08T21:50:00.000-04:00
Junior Caminero,TB,IF,Singles,1.5,demon,pre_game,2026-08-08T21:50:00.000-04:00
Griffin Jax,TB,P,Walks Allowed,1.5,standard,pre_game,2026-08-08T21:50:00.000-04:00
Junior Caminero,TB,IF,Hitter Strikeouts,1.5,demon,pre_game,2026-08-08T21:50:00.000-04:00
Junior Caminero,TB,IF,Total Bases,1.5,demon,pre_game,2026-08-08T21:50:00.000-04:00
Chandler Simpson,TB,OF,Stolen Bases,1.5,demon,pre_game,2026-08-08T21:50:00.000-04:00
Dominic Canzone,SEA,DH,Hitter Strikeouts,1.5,demon,pre_game,2026-08-08T21:50:00.000-04:00
Liam Hicks,TB,C,Hitter Strikeouts,1.5,demon,pre_game,2026-08-08T21:50:00.000-04:00
Cole Young,SEA,IF,Hitter Strikeouts,1.5,demon,pre_game,2026-08-08T21:50:00.000-04:00
Yandy Díaz,TB,DH,Singles,1.5,demon,pre_game,2026-08-08T21:50:00.000-04:00
George Kirby,SEA,P,Walks Allowed,1.5,demon,pre_game,2026-08-08T21:50:00.000-04:00
Victor Mesa Jr.,TB,OF,Hitter Strikeouts,1.5,demon,pre_game,2026-08-08T21:50:00.000-04:00
Liam Hicks,TB,C,Hits+Runs+RBIs,1.5,demon,pre_game,2026-08-08T21:50:00.000-04:00
Jonathan Aranda,TB,IF,Hitter Strikeouts,1.5,demon,pre_game,2026-08-08T21:50:00.000-04:00
Richie Palacios,TB,IF,Hitter Strikeouts,1.5,demon,pre_game,2026-08-08T21:50:00.000-04:00
Julio Rodríguez,SEA,OF,Hits+Runs+RBIs,1.5,standard,pre_game,2026-08-08T21:50:00.000-04:00
Yandy Díaz,TB,DH,Hitter Strikeouts,1.5,demon,pre_game,2026-08-08T21:50:00.000-04:00
Josh Naylor,SEA,IF,Hitter Strikeouts,1.5,demon,pre_game,2026-08-08T21:50:00.000-04:00
Brendan Donovan,SEA,IF,Hitter Strikeouts,1.5,demon,pre_game,2026-08-08T21:50:00.000-04:00
Taylor Ward,SEA,OF,Hitter Strikeouts,1.5,demon,pre_game,2026-08-08T21:50:00.000-04:00
Chandler Simpson,TB,OF,Hits+Runs+RBIs,1.5,standard,pre_game,2026-08-08T21:50:00.000-04:00
Cedric Mullins,TB,OF,Hitter Strikeouts,1.5,demon,pre_game,2026-08-08T21:50:00.000-04:00
Junior Caminero,TB,IF,Hits+Runs+RBIs,1.5,standard,pre_game,2026-08-08T21:50:00.000-04:00
Julio Rodríguez,SEA,OF,Hitter Strikeouts,1.5,demon,pre_game,2026-08-08T21:50:00.000-04:00
Taylor Walls,TB,IF,Hitter Strikeouts,1.5,demon,pre_game,2026-08-08T21:50:00.000-04:00
Chandler Simpson,TB,OF,Hitter Strikeouts,1.5,demon,pre_game,2026-08-08T21:50:00.000-04:00
Yandy Díaz,TB,DH,Hits+Runs+RBIs,1.5,standard,pre_game,2026-08-08T21:50:00.000-04:00
Griffin Jax,TB,P,Earned Runs Allowed,1.5,standard,pre_game,2026-08-08T21:50:00.000-04:00
Colt Emerson,SEA,IF,Hitter Strikeouts,1.5,demon,pre_game,2026-08-08T21:50:00.000-04:00
Randy Arozarena,SEA,OF,Hitter Strikeouts,1.5,demon,pre_game,2026-08-08T21:50:00.000-04:00
George Kirby,SEA,P,Earned Runs Allowed,1.5,goblin,pre_game,2026-08-08T21:50:00.000-04:00
Jonathan Aranda,TB,IF,Hits+Runs+RBIs,1.5,demon,pre_game,2026-08-08T21:50:00.000-04:00
Cal Raleigh,SEA,C,Runs,0.5,demon,pre_game,2026-08-08T21:50:00.000-04:00
Cole Young,SEA,IF,Doubles,0.5,demon,pre_game,2026-08-08T21:50:00.000-04:00
Brendan Donovan,SEA,IF,Runs,0.5,demon,pre_game,2026-08-08T21:50:00.000-04:00
Randy Arozarena,SEA,OF,Runs,0.5,demon,pre_game,2026-08-08T21:50:00.000-04:00
Colt Emerson,SEA,IF,RBIs,0.5,demon,pre_game,2026-08-08T21:50:00.000-04:00
Chandler Simpson,TB,OF,RBIs,0.5,demon,pre_game,2026-08-08T21:50:00.000-04:00
Cedric Mullins,TB,OF,Singles,0.5,demon,pre_game,2026-08-08T21:50:00.000-04:00
Taylor Ward,SEA,OF,Runs,0.5,demon,pre_game,2026-08-08T21:50:00.000-04:00
Cole Young,SEA,IF,RBIs,0.5,demon,pre_game,2026-08-08T21:50:00.000-04:00
Liam Hicks,TB,C,Doubles,0.5,demon,pre_game,2026-08-08T21:50:00.000-04:00
Cedric Mullins,TB,OF,Doubles,0.5,demon,pre_game,2026-08-08T21:50:00.000-04:00
Julio Rodríguez,SEA,OF,Runs,0.5,demon,pre_game,2026-08-08T21:50:00.000-04:00
Jonathan Aranda,TB,IF,RBIs,0.5,demon,pre_game,2026-08-08T21:50:00.000-04:00
Dominic Canzone,SEA,DH,Hits+Runs+RBIs,0.5,goblin,pre_game,2026-08-08T21:50:00.000-04:00
Victor Mesa Jr.,TB,OF,Doubles,0.5,demon,pre_game,2026-08-08T21:50:00.000-04:00
Chandler Simpson,TB,OF,Runs,0.5,demon,pre_game,2026-08-08T21:50:00.000-04:00
Randy Arozarena,SEA,OF,Doubles,0.5,demon,pre_game,2026-08-08T21:50:00.000-04:00
Taylor Walls,TB,IF,RBIs,0.5,demon,pre_game,2026-08-08T21:50:00.000-04:00
Junior Caminero,TB,IF,RBIs,0.5,demon,pre_game,2026-08-08T21:50:00.000-04:00
Taylor Ward,SEA,OF,RBIs,0.5,demon,pre_game,2026-08-08T21:50:00.000-04:00
Dominic Canzone,SEA,DH,RBIs,0.5,demon,pre_game,2026-08-08T21:50:00.000-04:00
Dominic Canzone,SEA,DH,Runs,0.5,demon,pre_game,2026-08-08T21:50:00.000-04:00
Randy Arozarena,SEA,OF,Hits,0.5,goblin,pre_game,2026-08-08T21:50:00.000-04:00
Cal Raleigh,SEA,C,Doubles,0.5,demon,pre_game,2026-08-08T21:50:00.000-04:00
Jonathan Aranda,TB,IF,Hits,0.5,goblin,pre_game,2026-08-08T21:50:00.000-04:00
Liam Hicks,TB,C,Runs,0.5,demon,pre_game,2026-08-08T21:50:00.000-04:00
Cal Raleigh,SEA,C,RBIs,0.5,demon,pre_game,2026-08-08T21:50:00.000-04:00
Cedric Mullins,TB,OF,RBIs,0.5,demon,pre_game,2026-08-08T21:50:00.000-04:00
Josh Naylor,SEA,IF,Hits+Runs+RBIs,0.5,goblin,pre_game,2026-08-08T21:50:00.000-04:00
Richie Palacios,TB,IF,Singles,0.5,demon,pre_game,2026-08-08T21:50:00.000-04:00
Chandler Simpson,TB,OF,Hits+Runs+RBIs,0.5,goblin,pre_game,2026-08-08T21:50:00.000-04:00
Julio Rodríguez,SEA,OF,RBIs,0.5,demon,pre_game,2026-08-08T21:50:00.000-04:00
Richie Palacios,TB,IF,RBIs,0.5,demon,pre_game,2026-08-08T21:50:00.000-04:00
Taylor Ward,SEA,OF,Hits+Runs+RBIs,0.5,goblin,pre_game,2026-08-08T21:50:00.000-04:00
Randy Arozarena,SEA,OF,Home Runs,0.5,demon,pre_game,2026-08-08T21:50:00.000-04:00
Chandler Simpson,TB,OF,Singles,0.5,goblin,pre_game,2026-08-08T21:50:00.000-04:00
Jonathan Aranda,TB,IF,Runs,0.5,demon,pre_game,2026-08-08T21:50:00.000-04:00
Cedric Mullins,TB,OF,Hits+Runs+RBIs,0.5,goblin,pre_game,2026-08-08T21:50:00.000-04:00
Chandler Simpson,TB,OF,Doubles,0.5,demon,pre_game,2026-08-08T21:50:00.000-04:00
Yandy Díaz,TB,DH,RBIs,0.5,demon,pre_game,2026-08-08T21:50:00.000-04:00
Junior Caminero,TB,IF,Doubles,0.5,demon,pre_game,2026-08-08T21:50:00.000-04:00
Richie Palacios,TB,IF,Runs,0.5,demon,pre_game,2026-08-08T21:50:00.000-04:00
Brendan Donovan,SEA,IF,Doubles,0.5,demon,pre_game,2026-08-08T21:50:00.000-04:00
Yandy Díaz,TB,DH,Runs,0.5,demon,pre_game,2026-08-08T21:50:00.000-04:00
Colt Emerson,SEA,IF,Runs,0.5,demon,pre_game,2026-08-08T21:50:00.000-04:00
Julio Rodríguez,SEA,OF,Doubles,0.5,demon,pre_game,2026-08-08T21:50:00.000-04:00
Jonathan Aranda,TB,IF,Doubles,0.5,demon,pre_game,2026-08-08T21:50:00.000-04:00
Colt Emerson,SEA,IF,Home Runs,0.5,demon,pre_game,2026-08-08T21:50:00.000-04:00
Taylor Walls,TB,IF,Singles,0.5,demon,pre_game,2026-08-08T21:50:00.000-04:00
Cal Raleigh,SEA,C,Singles,0.5,demon,pre_game,2026-08-08T21:50:00.000-04:00
Cal Raleigh,SEA,C,Hits+Runs+RBIs,0.5,goblin,pre_game,2026-08-08T21:50:00.000-04:00
Liam Hicks,TB,C,Home Runs,0.5,demon,pre_game,2026-08-08T21:50:00.000-04:00
Victor Mesa Jr.,TB,OF,RBIs,0.5,demon,pre_game,2026-08-08T21:50:00.000-04:00
Brendan Donovan,SEA,IF,RBIs,0.5,demon,pre_game,2026-08-08T21:50:00.000-04:00
Liam Hicks,TB,C,Hits+Runs+RBIs,0.5,goblin,pre_game,2026-08-08T21:50:00.000-04:00
Julio Rodríguez,SEA,OF,Hits,0.5,goblin,pre_game,2026-08-08T21:50:00.000-04:00
Taylor Walls,TB,IF,Hits+Runs+RBIs,0.5,goblin,pre_game,2026-08-08T21:50:00.000-04:00
Taylor Ward,SEA,OF,Home Runs,0.5,demon,pre_game,2026-08-08T21:50:00.000-04:00
Cole Young,SEA,IF,Runs,0.5,demon,pre_game,2026-08-08T21:50:00.000-04:00
Dominic Canzone,SEA,DH,Hits,0.5,goblin,pre_game,2026-08-08T21:50:00.000-04:00
Colt Emerson,SEA,IF,Singles,0.5,demon,pre_game,2026-08-08T21:50:00.000-04:00
Victor Mesa Jr.,TB,OF,Hits+Runs+RBIs,0.5,goblin,pre_game,2026-08-08T21:50:00.000-04:00
Cedric Mullins,TB,OF,Runs,0.5,demon,pre_game,2026-08-08T21:50:00.000-04:00
Junior Caminero,TB,IF,Hits,0.5,goblin,pre_game,2026-08-08T21:50:00.000-04:00
Dominic Canzone,SEA,DH,Home Runs,0.5,demon,pre_game,2026-08-08T21:50:00.000-04:00
Colt Emerson,SEA,IF,Hits+Runs+RBIs,0.5,goblin,pre_game,2026-08-08T21:50:00.000-04:00
Cole Young,SEA,IF,Hits+Runs+RBIs,0.5,goblin,pre_game,2026-08-08T21:50:00.000-04:00
Jonathan Aranda,TB,IF,Home Runs,0.5,demon,pre_game,2026-08-08T21:50:00.000-04:00
Yandy Díaz,TB,DH,Home Runs,0.5,demon,pre_game,2026-08-08T21:50:00.000-04:00
Yandy Díaz,TB,DH,Hits+Runs+RBIs,0.5,goblin,pre_game,2026-08-08T21:50:00.000-04:00
Julio Rodríguez,SEA,OF,Home Runs,0.5,demon,pre_game,2026-08-08T21:50:00.000-04:00
Liam Hicks,TB,C,Hits,0.5,goblin,pre_game,2026-08-08T21:50:00.000-04:00
Cole Young,SEA,IF,Hits,0.5,goblin,pre_game,2026-08-08T21:50:00.000-04:00
Dominic Canzone,SEA,DH,Doubles,0.5,demon,pre_game,2026-08-08T21:50:00.000-04:00
Taylor Walls,TB,IF,Home Runs,0.5,demon,pre_game,2026-08-08T21:50:00.000-04:00
Brendan Donovan,SEA,IF,Hits,0.5,goblin,pre_game,2026-08-08T21:50:00.000-04:00
Junior Caminero,TB,IF,Runs,0.5,demon,pre_game,2026-08-08T21:50:00.000-04:00
Julio Rodríguez,SEA,OF,Hits+Runs+RBIs,0.5,goblin,pre_game,2026-08-08T21:50:00.000-04:00
Richie Palacios,TB,IF,Doubles,0.5,demon,pre_game,2026-08-08T21:50:00.000-04:00
Junior Caminero,TB,IF,Home Runs,0.5,demon,pre_game,2026-08-08T21:50:00.000-04:00
Brendan Donovan,SEA,IF,Hits+Runs+RBIs,0.5,goblin,pre_game,2026-08-08T21:50:00.000-04:00
Victor Mesa Jr.,TB,OF,Singles,0.5,demon,pre_game,2026-08-08T21:50:00.000-04:00
Brendan Donovan,SEA,IF,Singles,0.5,demon,pre_game,2026-08-08T21:50:00.000-04:00
Josh Naylor,SEA,IF,RBIs,0.5,demon,pre_game,2026-08-08T21:50:00.000-04:00
Richie Palacios,TB,IF,Home Runs,0.5,demon,pre_game,2026-08-08T21:50:00.000-04:00
Taylor Ward,SEA,OF,Doubles,0.5,demon,pre_game,2026-08-08T21:50:00.000-04:00
Josh Naylor,SEA,IF,Hits,0.5,goblin,pre_game,2026-08-08T21:50:00.000-04:00
Yandy Díaz,TB,DH,Doubles,0.5,demon,pre_game,2026-08-08T21:50:00.000-04:00
Chandler Simpson,TB,OF,Hits,0.5,goblin,pre_game,2026-08-08T21:50:00.000-04:00
Dominic Canzone,SEA,DH,Singles,0.5,demon,pre_game,2026-08-08T21:50:00.000-04:00
Taylor Walls,TB,IF,Runs,0.5,demon,pre_game,2026-08-08T21:50:00.000-04:00
Jonathan Aranda,TB,IF,Hits+Runs+RBIs,0.5,goblin,pre_game,2026-08-08T21:50:00.000-04:00
Liam Hicks,TB,C,RBIs,0.5,demon,pre_game,2026-08-08T21:50:00.000-04:00
Victor Mesa Jr.,TB,OF,Home Runs,0.5,demon,pre_game,2026-08-08T21:50:00.000-04:00
Josh Naylor,SEA,IF,Home Runs,0.5,demon,pre_game,2026-08-08T21:50:00.000-04:00
Brendan Donovan,SEA,IF,Home Runs,0.5,demon,pre_game,2026-08-08T21:50:00.000-04:00
Cal Raleigh,SEA,C,Home Runs,0.5,demon,pre_game,2026-08-08T21:50:00.000-04:00
Cedric Mullins,TB,OF,Home Runs,0.5,demon,pre_game,2026-08-08T21:50:00.000-04:00
Yandy Díaz,TB,DH,Singles,0.5,goblin,pre_game,2026-08-08T21:50:00.000-04:00
Josh Naylor,SEA,IF,Doubles,0.5,demon,pre_game,2026-08-08T21:50:00.000-04:00
Junior Caminero,TB,IF,Hits+Runs+RBIs,0.5,goblin,pre_game,2026-08-08T21:50:00.000-04:00
Victor Mesa Jr.,TB,OF,Runs,0.5,demon,pre_game,2026-08-08T21:50:00.000-04:00
Yandy Díaz,TB,DH,Hits,0.5,goblin,pre_game,2026-08-08T21:50:00.000-04:00
Victor Mesa Jr.,TB,OF,Hits,0.5,goblin,pre_game,2026-08-08T21:50:00.000-04:00
Taylor Ward,SEA,OF,Hits,0.5,goblin,pre_game,2026-08-08T21:50:00.000-04:00
Taylor Walls,TB,IF,Doubles,0.5,demon,pre_game,2026-08-08T21:50:00.000-04:00
Randy Arozarena,SEA,OF,Hits+Runs+RBIs,0.5,goblin,pre_game,2026-08-08T21:50:00.000-04:00
Randy Arozarena,SEA,OF,RBIs,0.5,demon,pre_game,2026-08-08T21:50:00.000-04:00
Richie Palacios,TB,IF,Hits+Runs+RBIs,0.5,goblin,pre_game,2026-08-08T21:50:00.000-04:00
Josh Naylor,SEA,IF,Runs,0.5,demon,pre_game,2026-08-08T21:50:00.000-04:00
Taylor Ward,SEA,OF,Singles,0.5,demon,pre_game,2026-08-08T21:50:00.000-04:00
Colt Emerson,SEA,IF,Doubles,0.5,demon,pre_game,2026-08-08T21:50:00.000-04:00
Cole Young,SEA,IF,Home Runs,0.5,demon,pre_game,2026-08-08T21:50:00.000-04:00
Cedric Mullins,TB,OF,Hits,0.5,goblin,pre_game,2026-08-08T21:50:00.000-04:00
Griffin Jax + George Kirby,TB/SEA,P,1st Inning Walks Allowed,0.5,demon,pre_game,2026-08-08T21:50:00.000-04:00
Griffin Jax,TB,P,Earned Runs Allowed,0.5,goblin,pre_game,2026-08-08T21:50:00.000-04:00
Julio Rodríguez,SEA,OF,Total Bases,0.5,goblin,pre_game,2026-08-08T21:50:00.000-04:00
Josh Naylor,SEA,IF,Total Bases,0.5,goblin,pre_game,2026-08-08T21:50:00.000-04:00
Junior Caminero,TB,IF,Total Bases,0.5,goblin,pre_game,2026-08-08T21:50:00.000-04:00
Cal Raleigh,SEA,C,Total Bases,0.5,standard,pre_game,2026-08-08T21:50:00.000-04:00
Liam Hicks,TB,C,Stolen Bases,0.5,demon,pre_game,2026-08-08T21:50:00.000-04:00
Cedric Mullins,TB,OF,Stolen Bases,0.5,demon,pre_game,2026-08-08T21:50:00.000-04:00
Junior Caminero,TB,IF,Singles,0.5,standard,pre_game,2026-08-08T21:50:00.000-04:00
George Kirby,SEA,P,Earned Runs Allowed,0.5,goblin,pre_game,2026-08-08T21:50:00.000-04:00
Junior Caminero,TB,IF,Stolen Bases,0.5,demon,pre_game,2026-08-08T21:50:00.000-04:00
Chandler Simpson,TB,OF,Stolen Bases,0.5,demon,pre_game,2026-08-08T21:50:00.000-04:00
Cole Young,SEA,IF,Stolen Bases,0.5,demon,pre_game,2026-08-08T21:50:00.000-04:00
Julio Rodríguez,SEA,OF,Singles,0.5,standard,pre_game,2026-08-08T21:50:00.000-04:00
Randy Arozarena,SEA,OF,Total Bases,0.5,goblin,pre_game,2026-08-08T21:50:00.000-04:00
Brendan Donovan,SEA,IF,Total Bases,0.5,goblin,pre_game,2026-08-08T21:50:00.000-04:00
Richie Palacios,TB,IF,Total Bases,0.5,standard,pre_game,2026-08-08T21:50:00.000-04:00
Richie Palacios,TB,IF,Stolen Bases,0.5,demon,pre_game,2026-08-08T21:50:00.000-04:00
Liam Hicks,TB,C,Total Bases,0.5,goblin,pre_game,2026-08-08T21:50:00.000-04:00
Cole Young,SEA,IF,Total Bases,0.5,goblin,pre_game,2026-08-08T21:50:00.000-04:00
Yandy Díaz,TB,DH,Total Bases,0.5,goblin,pre_game,2026-08-08T21:50:00.000-04:00
Victor Mesa Jr.,TB,OF,Stolen Bases,0.5,demon,pre_game,2026-08-08T21:50:00.000-04:00
Dominic Canzone,SEA,DH,Total Bases,0.5,goblin,pre_game,2026-08-08T21:50:00.000-04:00
Cal Raleigh,SEA,C,Stolen Bases,0.5,demon,pre_game,2026-08-08T21:50:00.000-04:00
Dominic Canzone,SEA,DH,Stolen Bases,0.5,demon,pre_game,2026-08-08T21:50:00.000-04:00
Colt Emerson,SEA,IF,Total Bases,0.5,standard,pre_game,2026-08-08T21:50:00.000-04:00
Cole Young,SEA,IF,Singles,0.5,standard,pre_game,2026-08-08T21:50:00.000-04:00
Cole Young,SEA,IF,Walks,0.5,demon,pre_game,2026-08-08T21:50:00.000-04:00
Josh Naylor,SEA,IF,Stolen Bases,0.5,demon,pre_game,2026-08-08T21:50:00.000-04:00
Randy Arozarena,SEA,OF,Hitter Strikeouts,0.5,goblin,pre_game,2026-08-08T21:50:00.000-04:00
Josh Naylor,SEA,IF,Walks,0.5,demon,pre_game,2026-08-08T21:50:00.000-04:00
Griffin Jax,TB,P,Walks Allowed,0.5,goblin,pre_game,2026-08-08T21:50:00.000-04:00
Colt Emerson,SEA,IF,Stolen Bases,0.5,demon,pre_game,2026-08-08T21:50:00.000-04:00
Taylor Walls,TB,IF,Walks,0.5,demon,pre_game,2026-08-08T21:50:00.000-04:00
Richie Palacios,TB,IF,Walks,0.5,demon,pre_game,2026-08-08T21:50:00.000-04:00
Taylor Walls,TB,IF,Stolen Bases,0.5,demon,pre_game,2026-08-08T21:50:00.000-04:00
Jonathan Aranda,TB,IF,Walks,0.5,demon,pre_game,2026-08-08T21:50:00.000-04:00
Randy Arozarena,SEA,OF,Stolen Bases,0.5,demon,pre_game,2026-08-08T21:50:00.000-04:00
Taylor Walls,TB,IF,Total Bases,0.5,standard,pre_game,2026-08-08T21:50:00.000-04:00
Cal Raleigh,SEA,C,Hitter Strikeouts,0.5,goblin,pre_game,2026-08-08T21:50:00.000-04:00
Jonathan Aranda,TB,IF,Total Bases,0.5,goblin,pre_game,2026-08-08T21:50:00.000-04:00
Julio Rodríguez,SEA,OF,Stolen Bases,0.5,demon,pre_game,2026-08-08T21:50:00.000-04:00
Dominic Canzone,SEA,DH,Walks,0.5,demon,pre_game,2026-08-08T21:50:00.000-04:00
George Kirby,SEA,P,Walks Allowed,0.5,goblin,pre_game,2026-08-08T21:50:00.000-04:00
Brendan Donovan,SEA,IF,Stolen Bases,0.5,demon,pre_game,2026-08-08T21:50:00.000-04:00
Victor Mesa Jr.,TB,OF,Total Bases,0.5,goblin,pre_game,2026-08-08T21:50:00.000-04:00
Junior Caminero,TB,IF,Walks,0.5,demon,pre_game,2026-08-08T21:50:00.000-04:00
Taylor Walls,TB,IF,Hits,0.5,standard,pre_game,2026-08-08T21:50:00.000-04:00
Chandler Simpson,TB,OF,Total Bases,0.5,goblin,pre_game,2026-08-08T21:50:00.000-04:00
Cal Raleigh,SEA,C,Hits,0.5,standard,pre_game,2026-08-08T21:50:00.000-04:00
Yandy Díaz,TB,DH,Walks,0.5,demon,pre_game,2026-08-08T21:50:00.000-04:00
Liam Hicks,TB,C,Singles,0.5,standard,pre_game,2026-08-08T21:50:00.000-04:00
Cal Raleigh,SEA,C,Walks,0.5,demon,pre_game,2026-08-08T21:50:00.000-04:00
Taylor Ward,SEA,OF,Stolen Bases,0.5,demon,pre_game,2026-08-08T21:50:00.000-04:00
Colt Emerson,SEA,IF,Hitter Strikeouts,0.5,goblin,pre_game,2026-08-08T21:50:00.000-04:00
Julio Rodríguez,SEA,OF,Walks,0.5,demon,pre_game,2026-08-08T21:50:00.000-04:00
Yandy Díaz,TB,DH,Stolen Bases,0.5,demon,pre_game,2026-08-08T21:50:00.000-04:00
Cedric Mullins,TB,OF,Walks,0.5,demon,pre_game,2026-08-08T21:50:00.000-04:00
Randy Arozarena,SEA,OF,Walks,0.5,demon,pre_game,2026-08-08T21:50:00.000-04:00
Brendan Donovan,SEA,IF,Walks,0.5,demon,pre_game,2026-08-08T21:50:00.000-04:00
Liam Hicks,TB,C,Walks,0.5,demon,pre_game,2026-08-08T21:50:00.000-04:00
Richie Palacios,TB,IF,Hits,0.5,standard,pre_game,2026-08-08T21:50:00.000-04:00
Colt Emerson,SEA,IF,Hits,0.5,standard,pre_game,2026-08-08T21:50:00.000-04:00
Cedric Mullins,TB,OF,Total Bases,0.5,standard,pre_game,2026-08-08T21:50:00.000-04:00
Taylor Ward,SEA,OF,Total Bases,0.5,standard,pre_game,2026-08-08T21:50:00.000-04:00
Taylor Ward,SEA,OF,Hitter Strikeouts,0.5,goblin,pre_game,2026-08-08T21:50:00.000-04:00
Randy Arozarena,SEA,OF,Singles,0.5,demon,pre_game,2026-08-08T21:50:00.000-04:00
Jonathan Aranda,TB,IF,Singles,0.5,standard,pre_game,2026-08-08T21:50:00.000-04:00
Jonathan Aranda,TB,IF,Hitter Strikeouts,0.5,goblin,pre_game,2026-08-08T21:50:00.000-04:00
Taylor Walls,TB,IF,Hitter Strikeouts,0.5,goblin,pre_game,2026-08-08T21:50:00.000-04:00
Junior Caminero,TB,IF,Hitter Strikeouts,0.5,goblin,pre_game,2026-08-08T21:50:00.000-04:00
Cedric Mullins,TB,OF,Hitter Strikeouts,0.5,goblin,pre_game,2026-08-08T21:50:00.000-04:00
Yandy Díaz,TB,DH,Hitter Strikeouts,0.5,goblin,pre_game,2026-08-08T21:50:00.000-04:00
Victor Mesa Jr.,TB,OF,Hitter Strikeouts,0.5,goblin,pre_game,2026-08-08T21:50:00.000-04:00
Chandler Simpson,TB,OF,Walks,0.5,demon,pre_game,2026-08-08T21:50:00.000-04:00
Victor Mesa Jr.,TB,OF,Walks,0.5,demon,pre_game,2026-08-08T21:50:00.000-04:00
Chandler Simpson,TB,OF,Hitter Strikeouts,0.5,demon,pre_game,2026-08-08T21:50:00.000-04:00
Cole Young,SEA,IF,Hitter Strikeouts,0.5,goblin,pre_game,2026-08-08T21:50:00.000-04:00
Julio Rodríguez,SEA,OF,Hitter Strikeouts,0.5,goblin,pre_game,2026-08-08T21:50:00.000-04:00
Colt Emerson,SEA,IF,Walks,0.5,demon,pre_game,2026-08-08T21:50:00.000-04:00
Dominic Canzone,SEA,DH,Hitter Strikeouts,0.5,goblin,pre_game,2026-08-08T21:50:00.000-04:00
Brendan Donovan,SEA,IF,Hitter Strikeouts,0.5,goblin,pre_game,2026-08-08T21:50:00.000-04:00
Richie Palacios,TB,IF,Hitter Strikeouts,0.5,goblin,pre_game,2026-08-08T21:50:00.000-04:00
Taylor Ward,SEA,OF,Walks,0.5,demon,pre_game,2026-08-08T21:50:00.000-04:00
Josh Naylor,SEA,IF,Singles,0.5,demon,pre_game,2026-08-08T21:50:00.000-04:00
